-- Dumping data for table ipak.bahan_baku_lapak: ~46 rows (approximately)
/*!40000 ALTER TABLE `bahan_baku_lapak` DISABLE KEYS */;
INSERT INTO `bahan_baku_lapak` (`id_bahan_baku`, `kode_bahan`, `lokasi`, `id_tanggal`, `qty_lapak`, `qty_pabrik`, `ceklist`) VALUES
	(124, 'AL046', 'Mille', 427459717, 2000, 2000, 'belum'),
	(125, 'AL047', 'Mille', 427459717, 2800, 2800, 'belum'),
	(126, 'AL060', 'Mille', 427459717, 2126, 2126, 'belum'),
	(127, 'AL003', 'Mille', 427459717, 5, 5, 'belum'),
	(128, 'AL031', 'Mille', 427459717, 1454, 1454, 'belum'),
	(129, 'AL057', 'Mille', 427459717, 334, 334, 'belum'),
	(130, 'AL037', 'Mille', 427459717, 436, 436, 'belum'),
	(131, 'AL018', 'Mille', 427459717, 17930, 17930, 'belum'),
	(132, 'AL078', 'Mille', 427459717, 1316, 1316, 'belum'),
	(133, 'AL044', 'Mille', 427459717, 50, 50, 'belum'),
	(134, 'AL045', 'Mille', 427459717, 474, 474, 'belum'),
	(135, 'AL085', 'Mille', 262237549, 53048, 53048, 'belum'),
	(136, 'AL086', 'Mille', 218383789, 334, 334, 'belum'),
	(137, 'AL060', 'Mille', 320007324, 1585, 1540, 'belum'),
	(138, 'AL068', 'Mille', 86547851, 3830, 3880, 'belum'),
	(139, 'AL034', 'Mille', 163787841, 245, 245, 'belum'),
	(140, 'AL057', 'Mille', 163787841, 747, 747, 'belum'),
	(141, 'AL018', 'Mille', 745239258, 3210, 3230, 'belum'),
	(142, 'AL034', 'Mille', 29937744, 125, 125, 'belum'),
	(143, 'AL034', 'Mille', 436828613, 485, 485, 'belum'),
	(144, 'AL010', 'Mille', 997955323, 327, 327, 'belum'),
	(145, 'AL011', 'Mille', 997955323, 493, 493, 'belum'),
	(146, 'AL044', 'Mille', 997955323, 75, 75, 'belum'),
	(147, 'AL068', 'Mille', 584808350, 5090, 5100, 'belum'),
	(148, 'AL068', 'Mille', 485473633, 3650, 3650, 'belum'),
	(149, 'AL060', 'Mille', 877410889, 1495, 1520, 'belum'),
	(150, 'AL057', 'Mille', 155151367, 327, 327, 'belum'),
	(151, 'AL034', 'Mille', 325744629, 251, 251, 'belum'),
	(152, 'AL087', 'Mille', 154113769, 1410, 1420, 'belum'),
	(153, 'AL068', 'Mille', 462951660, 4080, 4110, 'belum'),
	(154, 'AL034', 'Mille', 57220459, 300, 300, 'belum'),
	(155, 'AL068', 'Mille', 191894531, 4350, 4350, 'belum'),
	(156, 'AL034', 'Mille', 518890381, 216, 216, 'belum'),
	(157, 'AL057', 'Mille', 518890381, 366, 366, 'belum'),
	(158, 'AL018', 'Mille', 138916015, 2540, 2550, 'belum'),
	(159, 'AL060', 'Mille', 393585205, 1555, 1570, 'belum'),
	(160, 'AL087', 'Mille', 386901855, 2130, 2130, 'belum'),
	(161, 'AL034', 'Mille', 573974609, 424, 424, 'belum'),
	(162, 'AL034', 'Mille', 205291748, 175, 175, 'belum'),
	(163, 'AL068', 'Mille', 544403076, 4440, 4430, 'belum'),
	(164, 'AL057', 'Mille', 578155518, 782, 782, 'belum'),
	(165, 'AL034', 'Mille', 635498047, 336, 336, 'belum'),
	(166, 'AL068', 'Mille', 271026611, 4440, 4430, 'belum'),
	(167, 'AL034', 'Mille', 778015137, 276, 276, 'belum'),
	(168, 'AL068', 'Mille', 430908203, 4240, 4240, 'belum'),
	(169, 'AL011', 'Mille', 718933106, 757, 268, 'belum'),
	(170, 'AL044', 'Mille', 718933106, 268, 268, 'belum'),
	(171, 'AL010', 'Mille', 718933106, 454, 454, 'belum'),
	(172, 'AL057', 'Mille', 38635253, 215, 215, 'belum'),
	(173, 'AL068', 'Mille', 396697998, 4560, 4560, 'belum');
/*!40000 ALTER TABLE `bahan_baku_lapak` ENABLE KEYS */;


-- Dumping structure for table ipak.bahan_utama_keluar
CREATE TABLE IF NOT EXISTS `bahan_utama_keluar` (
  `id_detail_bahan_utama` int(15) NOT NULL,
  `keluar` int(20) DEFAULT NULL,
  PRIMARY KEY (`id_detail_bahan_utama`),
  CONSTRAINT `bahan_utama_keluar_ibfk_1` FOREIGN KEY (`id_detail_bahan_utama`) REFERENCES `detail_bahan_utama` (`id_detail_bahan_utama`)
) ENGINE=InnoDB DEFAULT CHARSET=utf8mb4;

-- Dumping data for table ipak.bahan_utama_keluar: ~0 rows (approximately)
/*!40000 ALTER TABLE `bahan_utama_keluar` DISABLE KEYS */;
/*!40000 ALTER TABLE `bahan_utama_keluar` ENABLE KEYS */;


-- Dumping structure for table ipak.barang_jadi
CREATE TABLE IF NOT EXISTS `barang_jadi` (
  `kode_barang` char(50) NOT NULL,
  `merk` enum('Bubblestar','Yukari','Lollipop') DEFAULT NULL,
  `type` int(10) DEFAULT NULL,
  `susun` int(10) DEFAULT NULL,
  `karakter` varchar(100) DEFAULT NULL,
  `kunci` enum('Key','Non Key') DEFAULT NULL,
  `hanger` enum('Hanger','Non Hanger') DEFAULT NULL,
  `warna` int(10) DEFAULT NULL,
  PRIMARY KEY (`kode_barang`),
  KEY `type` (`type`),
  KEY `warna` (`warna`),
  CONSTRAINT `barang_jadi_ibfk_1` FOREIGN KEY (`type`) REFERENCES `type` (`id_type`),
  CONSTRAINT `barang_jadi_ibfk_2` FOREIGN KEY (`warna`) REFERENCES `jenis_warna` (`id_warna`)
) ENGINE=InnoDB DEFAULT CHARSET=utf8mb4;

-- Dumping data for table ipak.barang_jadi: ~1,873 rows (approximately)
/*!40000 ALTER TABLE `barang_jadi` DISABLE KEYS */;
INSERT INTO `barang_jadi` (`kode_barang`, `merk`, `type`, `susun`, `karakter`, `kunci`, `hanger`, `warna`) VALUES
	(' ARIES4001', 'Bubblestar', 2, 4, '3D Donal & Dessy', 'Key', 'Non Hanger', 7),
	(' ARIES4002', 'Bubblestar', 2, 4, '3D Donal & Dessy', 'Key', 'Non Hanger', 6),
	(' ARIES4003', 'Bubblestar', 2, 4, '3D Donal & Dessy', 'Key', 'Non Hanger', 3),
	(' ARIES4004', 'Bubblestar', 2, 4, '3D Donal & Dessy', 'Key', 'Non Hanger', 11),
	(' ARIES4005', 'Bubblestar', 2, 4, '3D Ester & Bunny', 'Key', 'Non Hanger', 7),
	(' ARIES4006', 'Bubblestar', 2, 4, '3D Ester & Bunny', 'Key', 'Non Hanger', 6),
	(' ARIES4007', 'Bubblestar', 2, 4, '3D Ester & Bunny', 'Key', 'Non Hanger', 3),
	(' ARIES4008', 'Bubblestar', 2, 4, '3D Ester & Bunny', 'Key', 'Non Hanger', 11),
	(' ARIES4009', 'Bubblestar', 2, 4, '3D Litle Duck & Cat', 'Key', 'Non Hanger', 7),
	(' ARIES4010', 'Bubblestar', 2, 4, '3D Litle Duck & Cat', 'Key', 'Non Hanger', 6),
	(' ARIES4011', 'Bubblestar', 2, 4, '3D Litle Duck & Cat', 'Key', 'Non Hanger', 3),
	(' ARIES4012', 'Bubblestar', 2, 4, '3D Litle Duck & Cat', 'Key', 'Non Hanger', 11),
	(' ARIES4013', 'Bubblestar', 2, 4, '3D Panda (Juju Jojo)', 'Key', 'Non Hanger', 7),
	(' ARIES4014', 'Bubblestar', 2, 4, '3D Panda (Juju Jojo)', 'Key', 'Non Hanger', 6),
	(' ARIES4015', 'Bubblestar', 2, 4, '3D Panda (Juju Jojo)', 'Key', 'Non Hanger', 3),
	(' ARIES4016', 'Bubblestar', 2, 4, '3D Panda (Juju Jojo)', 'Key', 'Non Hanger', 11),
	(' ARIES4017', 'Bubblestar', 2, 4, '3D Popeye & Olive', 'Key', 'Non Hanger', 7),
	(' ARIES4018', 'Bubblestar', 2, 4, '3D Popeye & Olive', 'Key', 'Non Hanger', 6),
	(' ARIES4019', 'Bubblestar', 2, 4, '3D Popeye & Olive', 'Key', 'Non Hanger', 3),
	(' ARIES4020', 'Bubblestar', 2, 4, '3D Popeye & Olive', 'Key', 'Non Hanger', 11),
	(' ARIES4021', 'Bubblestar', 2, 4, '3D Sonic & Amy', 'Key', 'Non Hanger', 7),
	(' ARIES4022', 'Bubblestar', 2, 4, '3D Sonic & Amy', 'Key', 'Non Hanger', 6),
	(' ARIES4023', 'Bubblestar', 2, 4, '3D Sonic & Amy', 'Key', 'Non Hanger', 3),
	(' ARIES4024', 'Bubblestar', 2, 4, '3D Spongbob & Patrick', 'Key', 'Non Hanger', 11),
	(' ARIES4025', 'Bubblestar', 2, 4, '3D Spongbob & Patrick', 'Key', 'Non Hanger', 6),
	(' ARIES4026', 'Bubblestar', 2, 4, '3D Spongbob & Patrick', 'Key', 'Non Hanger', 3),
	(' ARIES4027', 'Bubblestar', 2, 4, '3D Tazmania & Bird', 'Key', 'Non Hanger', 7),
	(' ARIES4028', 'Bubblestar', 2, 4, '3D Tazmania & Bird', 'Key', 'Non Hanger', 6),
	(' ARIES4029', 'Bubblestar', 2, 4, '3D Tazmania & Bird', 'Key', 'Non Hanger', 3),
	(' ARIES4030', 'Bubblestar', 2, 4, 'HP Ariel', 'Key', 'Non Hanger', 11),
	(' ARIES4031', 'Bubblestar', 2, 4, 'HP Ariel', 'Key', 'Non Hanger', 6),
	(' ARIES4032', 'Bubblestar', 2, 4, 'HP Batik 01 Flowers', 'Key', 'Non Hanger', 6),
	(' ARIES4033', 'Bubblestar', 2, 4, 'HP Batik 02 Flowers', 'Key', 'Non Hanger', 13),
	(' ARIES4034', 'Bubblestar', 2, 4, 'HP Batik 03 Diamond', 'Key', 'Non Hanger', 13),
	(' ARIES4035', 'Bubblestar', 2, 4, 'HP Big Hero', 'Key', 'Non Hanger', 7),
	(' ARIES4036', 'Bubblestar', 2, 4, 'HP Big Hero', 'Key', 'Non Hanger', 6),
	(' ARIES4037', 'Bubblestar', 2, 4, 'HP Big Hero', 'Key', 'Non Hanger', 3),
	(' ARIES4038', 'Bubblestar', 2, 4, 'HP Boboboy', 'Key', 'Non Hanger', 7),
	(' ARIES4039', 'Bubblestar', 2, 4, 'HP Cars', 'Key', 'Non Hanger', 7),
	(' ARIES4040', 'Bubblestar', 2, 4, 'HP Cars', 'Key', 'Non Hanger', 6),
	(' ARIES4041', 'Bubblestar', 2, 4, 'HP Cars', 'Key', 'Non Hanger', 3),
	(' ARIES4042', 'Bubblestar', 2, 4, 'HP Elemo', 'Key', 'Non Hanger', 6),
	(' ARIES4043', 'Bubblestar', 2, 4, 'HP Elemo', 'Key', 'Non Hanger', 7),
	(' ARIES4044', 'Bubblestar', 2, 4, 'HP Frozen Clasic', 'Key', 'Non Hanger', 6),
	(' ARIES4045', 'Bubblestar', 2, 4, 'HP Frozen Clasic', 'Key', 'Non Hanger', 7),
	(' ARIES4046', 'Bubblestar', 2, 4, 'HP Frozen Modern', 'Key', 'Non Hanger', 6),
	(' ARIES4047', 'Bubblestar', 2, 4, 'HP Frozen Modern', 'Key', 'Non Hanger', 7),
	(' ARIES4048', 'Bubblestar', 2, 4, 'HP Hexa Full', 'Key', 'Non Hanger', 7),
	(' ARIES4049', 'Bubblestar', 2, 4, 'HP Hexa Full', 'Key', 'Non Hanger', 6),
	(' ARIES4050', 'Bubblestar', 2, 4, 'HP Hexa Full', 'Key', 'Non Hanger', 3),
	(' ARIES4051', 'Bubblestar', 2, 4, 'HP Hexa Full', 'Key', 'Non Hanger', 11),
	(' ARIES4052', 'Bubblestar', 2, 4, 'HP Hexa Full', 'Key', 'Non Hanger', 13),
	(' ARIES4053', 'Bubblestar', 2, 4, 'HP Hexa Mix', 'Key', 'Non Hanger', 7),
	(' ARIES4054', 'Bubblestar', 2, 4, 'HP Hexa Mix', 'Key', 'Non Hanger', 6),
	(' ARIES4055', 'Bubblestar', 2, 4, 'HP Hexa Mix', 'Key', 'Non Hanger', 3),
	(' ARIES4056', 'Bubblestar', 2, 4, 'HP Hexa Mix', 'Key', 'Non Hanger', 11),
	(' ARIES4057', 'Bubblestar', 2, 4, 'HP Hexa Mix', 'Key', 'Non Hanger', 13),
	(' ARIES4058', 'Bubblestar', 2, 4, 'HP Marsha', 'Key', 'Non Hanger', 11),
	(' ARIES4059', 'Bubblestar', 2, 4, 'HP Minion', 'Key', 'Non Hanger', 6),
	(' ARIES4060', 'Bubblestar', 2, 4, 'HP Minion', 'Key', 'Non Hanger', 7),
	(' ARIES4061', 'Bubblestar', 2, 4, 'HP Miniponi', 'Key', 'Non Hanger', 6),
	(' ARIES4062', 'Bubblestar', 2, 4, 'HP Miniponi', 'Key', 'Non Hanger', 11),
	(' ARIES4063', 'Bubblestar', 2, 4, 'HP Pikachu', 'Key', 'Non Hanger', 6),
	(' ARIES4064', 'Bubblestar', 2, 4, 'HP Pocoyo', 'Key', 'Non Hanger', 7),
	(' ARIES4065', 'Bubblestar', 2, 4, 'HP Pocoyo', 'Key', 'Non Hanger', 6),
	(' ARIES4066', 'Bubblestar', 2, 4, 'HP Pocoyo', 'Key', 'Non Hanger', 11),
	(' ARIES4067', 'Bubblestar', 2, 4, 'HP Pororo', 'Key', 'Non Hanger', 7),
	(' ARIES4068', 'Bubblestar', 2, 4, 'HP Pororo', 'Key', 'Non Hanger', 6),
	(' ARIES4069', 'Bubblestar', 2, 4, 'HP Pororo', 'Key', 'Non Hanger', 11),
	(' ARIES4070', 'Bubblestar', 2, 4, 'HP Princes', 'Key', 'Non Hanger', 11),
	(' ARIES4071', 'Bubblestar', 2, 4, 'HP Rotan Full', 'Key', 'Non Hanger', 7),
	(' ARIES4072', 'Bubblestar', 2, 4, 'HP Rotan Full', 'Key', 'Non Hanger', 6),
	(' ARIES4073', 'Bubblestar', 2, 4, 'HP Rotan Full', 'Key', 'Non Hanger', 3),
	(' ARIES4074', 'Bubblestar', 2, 4, 'HP Rotan Full', 'Key', 'Non Hanger', 11),
	(' ARIES4075', 'Bubblestar', 2, 4, 'HP Rotan Full', 'Key', 'Non Hanger', 13),
	(' ARIES4076', 'Bubblestar', 2, 4, 'HP Rotan Mix', 'Key', 'Non Hanger', 7),
	(' ARIES4077', 'Bubblestar', 2, 4, 'HP Rotan Mix', 'Key', 'Non Hanger', 6),
	(' ARIES4078', 'Bubblestar', 2, 4, 'HP Rotan Mix', 'Key', 'Non Hanger', 3),
	(' ARIES4079', 'Bubblestar', 2, 4, 'HP Rotan Mix', 'Key', 'Non Hanger', 11),
	(' ARIES4080', 'Bubblestar', 2, 4, 'HP Rotan Mix', 'Key', 'Non Hanger', 13),
	(' ARIES4081', 'Bubblestar', 2, 4, 'HP Rotan Mix C1', 'Key', 'Non Hanger', 7),
	(' ARIES4082', 'Bubblestar', 2, 4, 'HP Rotan Mix C1', 'Key', 'Non Hanger', 6),
	(' ARIES4083', 'Bubblestar', 2, 4, 'HP Rotan Mix C1', 'Key', 'Non Hanger', 13),
	(' ARIES4084', 'Bubblestar', 2, 4, 'HP Rotan Mix C1', 'Key', 'Non Hanger', 3),
	(' ARIES4085', 'Bubblestar', 2, 4, 'HP Snowhite', 'Key', 'Non Hanger', 11),
	(' ARIES4086', 'Bubblestar', 2, 4, 'HP Stargirls Clasik', 'Key', 'Non Hanger', 7),
	(' ARIES4087', 'Bubblestar', 2, 4, 'HP Stargirls Modern', 'Key', 'Non Hanger', 11),
	(' ARIES4088', 'Bubblestar', 2, 4, 'HP Thomas', 'Key', 'Non Hanger', 7),
	(' ARIES4089', 'Bubblestar', 2, 4, 'HP Thomas', 'Key', 'Non Hanger', 6),
	(' ARIES4090', 'Bubblestar', 2, 4, 'HP Thomas', 'Key', 'Non Hanger', 3),
	(' ARIES4091', 'Bubblestar', 2, 4, 'HP Transformers', 'Key', 'Non Hanger', 7),
	(' ARIES4092', 'Bubblestar', 2, 4, 'HP Transformers', 'Key', 'Non Hanger', 6),
	(' ARIES4093', 'Bubblestar', 2, 4, 'HP Transformers', 'Key', 'Non Hanger', 3),
	(' ARIES4094', 'Bubblestar', 2, 4, '3D Donal & Dessy', 'Key', 'Hanger', 7),
	(' ARIES4095', 'Bubblestar', 2, 4, '3D Donal & Dessy', 'Key', 'Hanger', 6),
	(' ARIES4096', 'Bubblestar', 2, 4, '3D Donal & Dessy', 'Key', 'Hanger', 3),
	(' ARIES4097', 'Bubblestar', 2, 4, '3D Donal & Dessy', 'Key', 'Hanger', 11),
	(' ARIES4098', 'Bubblestar', 2, 4, '3D Ester & Bunny', 'Key', 'Hanger', 7),
	(' ARIES4099', 'Bubblestar', 2, 4, '3D Ester & Bunny', 'Key', 'Hanger', 6),
	(' ARIES4100', 'Bubblestar', 2, 4, '3D Ester & Bunny', 'Key', 'Hanger', 3),
	(' ARIES4101', 'Bubblestar', 2, 4, '3D Ester & Bunny', 'Key', 'Hanger', 11),
	(' ARIES4102', 'Bubblestar', 2, 4, '3D Litle Duck & Cat', 'Key', 'Hanger', 7),
	(' ARIES4103', 'Bubblestar', 2, 4, '3D Litle Duck & Cat', 'Key', 'Hanger', 6),
	(' ARIES4104', 'Bubblestar', 2, 4, '3D Litle Duck & Cat', 'Key', 'Hanger', 3),
	(' ARIES4105', 'Bubblestar', 2, 4, '3D Litle Duck & Cat', 'Key', 'Hanger', 11),
	(' ARIES4106', 'Bubblestar', 2, 4, '3D Panda (Juju Jojo)', 'Key', 'Hanger', 7),
	(' ARIES4107', 'Bubblestar', 2, 4, '3D Panda (Juju Jojo)', 'Key', 'Hanger', 6),
	(' ARIES4108', 'Bubblestar', 2, 4, '3D Panda (Juju Jojo)', 'Key', 'Hanger', 3),
	(' ARIES4109', 'Bubblestar', 2, 4, '3D Panda (Juju Jojo)', 'Key', 'Hanger', 11),
	(' ARIES4110', 'Bubblestar', 2, 4, '3D Popeye & Olive', 'Key', 'Hanger', 7),
	(' ARIES4111', 'Bubblestar', 2, 4, '3D Popeye & Olive', 'Key', 'Hanger', 6),
	(' ARIES4112', 'Bubblestar', 2, 4, '3D Popeye & Olive', 'Key', 'Hanger', 3),
	(' ARIES4113', 'Bubblestar', 2, 4, '3D Popeye & Olive', 'Key', 'Hanger', 11),
	(' ARIES4114', 'Bubblestar', 2, 4, '3D Sonic & Amy', 'Key', 'Hanger', 7),
	(' ARIES4115', 'Bubblestar', 2, 4, '3D Sonic & Amy', 'Key', 'Hanger', 6),
	(' ARIES4116', 'Bubblestar', 2, 4, '3D Sonic & Amy', 'Key', 'Hanger', 3),
	(' ARIES4117', 'Bubblestar', 2, 4, '3D Spongbob & Patrick', 'Key', 'Hanger', 6),
	(' ARIES4118', 'Bubblestar', 2, 4, '3D Spongbob & Patrick', 'Key', 'Hanger', 3),
	(' ARIES4119', 'Bubblestar', 2, 4, '3D Spongbob & Patrick', 'Key', 'Hanger', 11),
	(' ARIES4120', 'Bubblestar', 2, 4, '3D Tazmania & Bird', 'Key', 'Hanger', 7),
	(' ARIES4121', 'Bubblestar', 2, 4, '3D Tazmania & Bird', 'Key', 'Hanger', 6),
	(' ARIES4122', 'Bubblestar', 2, 4, '3D Tazmania & Bird', 'Key', 'Hanger', 3),
	(' ARIES4123', 'Bubblestar', 2, 4, 'HP Ariel', 'Key', 'Hanger', 11),
	(' ARIES4124', 'Bubblestar', 2, 4, 'HP Ariel', 'Key', 'Hanger', 6),
	(' ARIES4125', 'Bubblestar', 2, 4, 'HP Batik 01 Flowers', 'Key', 'Hanger', 6),
	(' ARIES4126', 'Bubblestar', 2, 4, 'HP Batik 02 Flowers', 'Key', 'Hanger', 13),
	(' ARIES4127', 'Bubblestar', 2, 4, 'HP Batik 03 Diamond', 'Key', 'Hanger', 13),
	(' ARIES4128', 'Bubblestar', 2, 4, 'HP Big Hero', 'Key', 'Hanger', 7),
	(' ARIES4129', 'Bubblestar', 2, 4, 'HP Big Hero', 'Key', 'Hanger', 6),
	(' ARIES4130', 'Bubblestar', 2, 4, 'HP Big Hero', 'Key', 'Hanger', 3),
	(' ARIES4131', 'Bubblestar', 2, 4, 'HP Boboboy', 'Key', 'Hanger', 7),
	(' ARIES4132', 'Bubblestar', 2, 4, 'HP Cars', 'Key', 'Hanger', 7),
	(' ARIES4133', 'Bubblestar', 2, 4, 'HP Cars', 'Key', 'Hanger', 6),
	(' ARIES4134', 'Bubblestar', 2, 4, 'HP Cars', 'Key', 'Hanger', 3),
	(' ARIES4135', 'Bubblestar', 2, 4, 'HP Elemo', 'Key', 'Hanger', 6),
	(' ARIES4136', 'Bubblestar', 2, 4, 'HP Elemo', 'Key', 'Hanger', 7),
	(' ARIES4137', 'Bubblestar', 2, 4, 'HP Frozen Clasic', 'Key', 'Hanger', 6),
	(' ARIES4138', 'Bubblestar', 2, 4, 'HP Frozen Clasic', 'Key', 'Hanger', 7),
	(' ARIES4139', 'Bubblestar', 2, 4, 'HP Frozen Modern', 'Key', 'Hanger', 6),
	(' ARIES4140', 'Bubblestar', 2, 4, 'HP Frozen Modern', 'Key', 'Hanger', 7),
	(' ARIES4141', 'Bubblestar', 2, 4, 'HP Hexa Full', 'Key', 'Hanger', 7),
	(' ARIES4142', 'Bubblestar', 2, 4, 'HP Hexa Full', 'Key', 'Hanger', 6),
	(' ARIES4143', 'Bubblestar', 2, 4, 'HP Hexa Full', 'Key', 'Hanger', 3),
	(' ARIES4144', 'Bubblestar', 2, 4, 'HP Hexa Full', 'Key', 'Hanger', 11),
	(' ARIES4145', 'Bubblestar', 2, 4, 'HP Hexa Full', 'Key', 'Hanger', 13),
	(' ARIES4146', 'Bubblestar', 2, 4, 'HP Hexa Mix', 'Key', 'Hanger', 7),
	(' ARIES4147', 'Bubblestar', 2, 4, 'HP Hexa Mix', 'Key', 'Hanger', 6),
	(' ARIES4148', 'Bubblestar', 2, 4, 'HP Hexa Mix', 'Key', 'Hanger', 3),
	(' ARIES4149', 'Bubblestar', 2, 4, 'HP Hexa Mix', 'Key', 'Hanger', 11),
	(' ARIES4150', 'Bubblestar', 2, 4, 'HP Hexa Mix', 'Key', 'Hanger', 13),
	(' ARIES4151', 'Bubblestar', 2, 4, 'HP Marsha', 'Key', 'Hanger', 11),
	(' ARIES4152', 'Bubblestar', 2, 4, 'HP Minion', 'Key', 'Hanger', 6),
	(' ARIES4153', 'Bubblestar', 2, 4, 'HP Minion', 'Key', 'Hanger', 7),
	(' ARIES4154', 'Bubblestar', 2, 4, 'HP Miniponi', 'Key', 'Hanger', 6),
	(' ARIES4155', 'Bubblestar', 2, 4, 'HP Miniponi', 'Key', 'Hanger', 11),
	(' ARIES4156', 'Bubblestar', 2, 4, 'HP Pikachu', 'Key', 'Hanger', 6),
	(' ARIES4157', 'Bubblestar', 2, 4, 'HP Pocoyo', 'Key', 'Hanger', 7),
	(' ARIES4158', 'Bubblestar', 2, 4, 'HP Pocoyo', 'Key', 'Hanger', 6),
	(' ARIES4159', 'Bubblestar', 2, 4, 'HP Pocoyo', 'Key', 'Hanger', 11),
	(' ARIES4160', 'Bubblestar', 2, 4, 'HP Pororo', 'Key', 'Hanger', 7),
	(' ARIES4161', 'Bubblestar', 2, 4, 'HP Pororo', 'Key', 'Hanger', 6),
	(' ARIES4162', 'Bubblestar', 2, 4, 'HP Pororo', 'Key', 'Hanger', 11),
	(' ARIES4163', 'Bubblestar', 2, 4, 'HP Princes', 'Key', 'Hanger', 11),
	(' ARIES4164', 'Bubblestar', 2, 4, 'HP Rotan Full', 'Key', 'Hanger', 7),
	(' ARIES4165', 'Bubblestar', 2, 4, 'HP Rotan Full', 'Key', 'Hanger', 6),
	(' ARIES4166', 'Bubblestar', 2, 4, 'HP Rotan Full', 'Key', 'Hanger', 3),
	(' ARIES4167', 'Bubblestar', 2, 4, 'HP Rotan Full', 'Key', 'Hanger', 11),
	(' ARIES4168', 'Bubblestar', 2, 4, 'HP Rotan Full', 'Key', 'Hanger', 13),
	(' ARIES4169', 'Bubblestar', 2, 4, 'HP Rotan Mix', 'Key', 'Hanger', 7),
	(' ARIES4170', 'Bubblestar', 2, 4, 'HP Rotan Mix', 'Key', 'Hanger', 6),
	(' ARIES4171', 'Bubblestar', 2, 4, 'HP Rotan Mix', 'Key', 'Hanger', 3),
	(' ARIES4172', 'Bubblestar', 2, 4, 'HP Rotan Mix', 'Key', 'Hanger', 11),
	(' ARIES4173', 'Bubblestar', 2, 4, 'HP Rotan Mix', 'Key', 'Hanger', 13),
	(' ARIES4174', 'Bubblestar', 2, 4, 'HP Rotan Mix C1', 'Key', 'Hanger', 7),
	(' ARIES4175', 'Bubblestar', 2, 4, 'HP Rotan Mix C1', 'Key', 'Hanger', 6),
	(' ARIES4176', 'Bubblestar', 2, 4, 'HP Rotan Mix C1', 'Key', 'Hanger', 13),
	(' ARIES4177', 'Bubblestar', 2, 4, 'HP Rotan Mix C1', 'Key', 'Hanger', 3),
	(' ARIES4178', 'Bubblestar', 2, 4, 'HP Snowhite', 'Key', 'Hanger', 11),
	(' ARIES4179', 'Bubblestar', 2, 4, 'HP Stargirls Clasik', 'Key', 'Hanger', 7),
	(' ARIES4180', 'Bubblestar', 2, 4, 'HP Stargirls Modern', 'Key', 'Hanger', 11),
	(' ARIES4181', 'Bubblestar', 2, 4, 'HP Thomas', 'Key', 'Hanger', 7),
	(' ARIES4182', 'Bubblestar', 2, 4, 'HP Thomas', 'Key', 'Hanger', 6),
	(' ARIES4183', 'Bubblestar', 2, 4, 'HP Thomas', 'Key', 'Hanger', 3),
	(' ARIES4184', 'Bubblestar', 2, 4, 'HP Transformers', 'Key', 'Hanger', 7),
	(' ARIES4185', 'Bubblestar', 2, 4, 'HP Transformers', 'Key', 'Hanger', 6),
	(' ARIES4186', 'Bubblestar', 2, 4, 'HP Transformers', 'Key', 'Hanger', 3),
	(' ARIES5001', 'Bubblestar', 2, 5, '3D Donal & Dessy', 'Key', 'Non Hanger', 7),
	(' ARIES5002', 'Bubblestar', 2, 5, '3D Donal & Dessy', 'Key', 'Non Hanger', 6),
	(' ARIES5003', 'Bubblestar', 2, 5, '3D Donal & Dessy', 'Key', 'Non Hanger', 3),
	(' ARIES5004', 'Bubblestar', 2, 5, '3D Donal & Dessy', 'Key', 'Non Hanger', 11),
	(' ARIES5005', 'Bubblestar', 2, 5, '3D Ester & Bunny', 'Key', 'Non Hanger', 7),
	(' ARIES5006', 'Bubblestar', 2, 5, '3D Ester & Bunny', 'Key', 'Non Hanger', 6),
	(' ARIES5007', 'Bubblestar', 2, 5, '3D Ester & Bunny', 'Key', 'Non Hanger', 3),
	(' ARIES5008', 'Bubblestar', 2, 5, '3D Ester & Bunny', 'Key', 'Non Hanger', 11),
	(' ARIES5009', 'Bubblestar', 2, 5, '3D Litle Duck & Cat', 'Key', 'Non Hanger', 7),
	(' ARIES5010', 'Bubblestar', 2, 5, '3D Litle Duck & Cat', 'Key', 'Non Hanger', 6),
	(' ARIES5011', 'Bubblestar', 2, 5, '3D Litle Duck & Cat', 'Key', 'Non Hanger', 3),
	(' ARIES5012', 'Bubblestar', 2, 5, '3D Litle Duck & Cat', 'Key', 'Non Hanger', 11),
	(' ARIES5013', 'Bubblestar', 2, 5, '3D Panda (Juju Jojo)', 'Key', 'Non Hanger', 7),
	(' ARIES5014', 'Bubblestar', 2, 5, '3D Panda (Juju Jojo)', 'Key', 'Non Hanger', 6),
	(' ARIES5015', 'Bubblestar', 2, 5, '3D Panda (Juju Jojo)', 'Key', 'Non Hanger', 3),
	(' ARIES5016', 'Bubblestar', 2, 5, '3D Panda (Juju Jojo)', 'Key', 'Non Hanger', 11),
	(' ARIES5017', 'Bubblestar', 2, 5, '3D Popeye & Olive', 'Key', 'Non Hanger', 7),
	(' ARIES5018', 'Bubblestar', 2, 5, '3D Popeye & Olive', 'Key', 'Non Hanger', 6),
	(' ARIES5019', 'Bubblestar', 2, 5, '3D Popeye & Olive', 'Key', 'Non Hanger', 3),
	(' ARIES5020', 'Bubblestar', 2, 5, '3D Popeye & Olive', 'Key', 'Non Hanger', 11),
	(' ARIES5021', 'Bubblestar', 2, 5, '3D Sonic & Amy', 'Key', 'Non Hanger', 7),
	(' ARIES5022', 'Bubblestar', 2, 5, '3D Sonic & Amy', 'Key', 'Non Hanger', 6),
	(' ARIES5023', 'Bubblestar', 2, 5, '3D Sonic & Amy', 'Key', 'Non Hanger', 3),
	(' ARIES5024', 'Bubblestar', 2, 5, '3D Spongbob & Patrick', 'Key', 'Non Hanger', 6),
	(' ARIES5025', 'Bubblestar', 2, 5, '3D Spongbob & Patrick', 'Key', 'Non Hanger', 3),
	(' ARIES5026', 'Bubblestar', 2, 5, '3D Spongbob & Patrick', 'Key', 'Non Hanger', 11),
	(' ARIES5027', 'Bubblestar', 2, 5, '3D Tazmania & Bird', 'Key', 'Non Hanger', 7),
	(' ARIES5028', 'Bubblestar', 2, 5, '3D Tazmania & Bird', 'Key', 'Non Hanger', 6),
	(' ARIES5029', 'Bubblestar', 2, 5, '3D Tazmania & Bird', 'Key', 'Non Hanger', 3),
	(' ARIES5030', 'Bubblestar', 2, 5, 'HP Ariel', 'Key', 'Non Hanger', 11),
	(' ARIES5031', 'Bubblestar', 2, 5, 'HP Ariel', 'Key', 'Non Hanger', 6),
	(' ARIES5032', 'Bubblestar', 2, 5, 'HP Batik 01 Flowers', 'Key', 'Non Hanger', 6),
	(' ARIES5033', 'Bubblestar', 2, 5, 'HP Batik 02 Flowers', 'Key', 'Non Hanger', 13),
	(' ARIES5034', 'Bubblestar', 2, 5, 'HP Batik 03 Diamond', 'Key', 'Non Hanger', 13),
	(' ARIES5035', 'Bubblestar', 2, 5, 'HP Big Hero', 'Key', 'Non Hanger', 7),
	(' ARIES5036', 'Bubblestar', 2, 5, 'HP Big Hero', 'Key', 'Non Hanger', 6),
	(' ARIES5037', 'Bubblestar', 2, 5, 'HP Big Hero', 'Key', 'Non Hanger', 3),
	(' ARIES5038', 'Bubblestar', 2, 5, 'HP Boboboy', 'Key', 'Non Hanger', 7),
	(' ARIES5039', 'Bubblestar', 2, 5, 'HP Cars', 'Key', 'Non Hanger', 7),
	(' ARIES5040', 'Bubblestar', 2, 5, 'HP Cars', 'Key', 'Non Hanger', 6),
	(' ARIES5041', 'Bubblestar', 2, 5, 'HP Cars', 'Key', 'Non Hanger', 3),
	(' ARIES5042', 'Bubblestar', 2, 5, 'HP Elemo', 'Key', 'Non Hanger', 6),
	(' ARIES5043', 'Bubblestar', 2, 5, 'HP Elemo', 'Key', 'Non Hanger', 7),
	(' ARIES5044', 'Bubblestar', 2, 5, 'HP Frozen Clasic', 'Key', 'Non Hanger', 6),
	(' ARIES5045', 'Bubblestar', 2, 5, 'HP Frozen Clasic', 'Key', 'Non Hanger', 7),
	(' ARIES5046', 'Bubblestar', 2, 5, 'HP Frozen Modern', 'Key', 'Non Hanger', 6),
	(' ARIES5047', 'Bubblestar', 2, 5, 'HP Frozen Modern', 'Key', 'Non Hanger', 7),
	(' ARIES5048', 'Bubblestar', 2, 5, 'HP Hexa Full', 'Key', 'Non Hanger', 7),
	(' ARIES5049', 'Bubblestar', 2, 5, 'HP Hexa Full', 'Key', 'Non Hanger', 6),
	(' ARIES5050', 'Bubblestar', 2, 5, 'HP Hexa Full', 'Key', 'Non Hanger', 3),
	(' ARIES5051', 'Bubblestar', 2, 5, 'HP Hexa Full', 'Key', 'Non Hanger', 11),
	(' ARIES5052', 'Bubblestar', 2, 5, 'HP Hexa Full', 'Key', 'Non Hanger', 13),
	(' ARIES5053', 'Bubblestar', 2, 5, 'HP Hexa Mix', 'Key', 'Non Hanger', 7),
	(' ARIES5054', 'Bubblestar', 2, 5, 'HP Hexa Mix', 'Key', 'Non Hanger', 6),
	(' ARIES5055', 'Bubblestar', 2, 5, 'HP Hexa Mix', 'Key', 'Non Hanger', 3),
	(' ARIES5056', 'Bubblestar', 2, 5, 'HP Hexa Mix', 'Key', 'Non Hanger', 11),
	(' ARIES5057', 'Bubblestar', 2, 5, 'HP Hexa Mix', 'Key', 'Non Hanger', 13),
	(' ARIES5058', 'Bubblestar', 2, 5, 'HP Marsha', 'Key', 'Non Hanger', 11),
	(' ARIES5059', 'Bubblestar', 2, 5, 'HP Minion', 'Key', 'Non Hanger', 6),
	(' ARIES5060', 'Bubblestar', 2, 5, 'HP Minion', 'Key', 'Non Hanger', 7),
	(' ARIES5061', 'Bubblestar', 2, 5, 'HP Miniponi', 'Key', 'Non Hanger', 6),
	(' ARIES5062', 'Bubblestar', 2, 5, 'HP Miniponi', 'Key', 'Non Hanger', 11),
	(' ARIES5063', 'Bubblestar', 2, 5, 'HP Pikachu', 'Key', 'Non Hanger', 6),
	(' ARIES5064', 'Bubblestar', 2, 5, 'HP Pocoyo', 'Key', 'Non Hanger', 7),
	(' ARIES5065', 'Bubblestar', 2, 5, 'HP Pocoyo', 'Key', 'Non Hanger', 6),
	(' ARIES5066', 'Bubblestar', 2, 5, 'HP Pocoyo', 'Key', 'Non Hanger', 11),
	(' ARIES5067', 'Bubblestar', 2, 5, 'HP Pororo', 'Key', 'Non Hanger', 7),
	(' ARIES5068', 'Bubblestar', 2, 5, 'HP Pororo', 'Key', 'Non Hanger', 6),
	(' ARIES5069', 'Bubblestar', 2, 5, 'HP Pororo', 'Key', 'Non Hanger', 11),
	(' ARIES5070', 'Bubblestar', 2, 5, 'HP Princes', 'Key', 'Non Hanger', 11),
	(' ARIES5071', 'Bubblestar', 2, 5, 'HP Rotan Full', 'Key', 'Non Hanger', 7),
	(' ARIES5072', 'Bubblestar', 2, 5, 'HP Rotan Full', 'Key', 'Non Hanger', 6),
	(' ARIES5073', 'Bubblestar', 2, 5, 'HP Rotan Full', 'Key', 'Non Hanger', 3),
	(' ARIES5074', 'Bubblestar', 2, 5, 'HP Rotan Full', 'Key', 'Non Hanger', 11),
	(' ARIES5075', 'Bubblestar', 2, 5, 'HP Rotan Full', 'Key', 'Non Hanger', 13),
	(' ARIES5076', 'Bubblestar', 2, 5, 'HP Rotan Mix', 'Key', 'Non Hanger', 7),
	(' ARIES5077', 'Bubblestar', 2, 5, 'HP Rotan Mix', 'Key', 'Non Hanger', 6),
	(' ARIES5078', 'Bubblestar', 2, 5, 'HP Rotan Mix', 'Key', 'Non Hanger', 3),
	(' ARIES5079', 'Bubblestar', 2, 5, 'HP Rotan Mix', 'Key', 'Non Hanger', 11),
	(' ARIES5080', 'Bubblestar', 2, 5, 'HP Rotan Mix', 'Key', 'Non Hanger', 13),
	(' ARIES5081', 'Bubblestar', 2, 5, 'HP Rotan Mix C1', 'Key', 'Non Hanger', 7),
	(' ARIES5082', 'Bubblestar', 2, 5, 'HP Rotan Mix C1', 'Key', 'Non Hanger', 6),
	(' ARIES5083', 'Bubblestar', 2, 5, 'HP Rotan Mix C1', 'Key', 'Non Hanger', 13),
	(' ARIES5084', 'Bubblestar', 2, 5, 'HP Rotan Mix C1', 'Key', 'Non Hanger', 3),
	(' ARIES5085', 'Bubblestar', 2, 5, 'HP Snowhite', 'Key', 'Non Hanger', 11),
	(' ARIES5086', 'Bubblestar', 2, 5, 'HP Stargirls Clasik', 'Key', 'Non Hanger', 7),
	(' ARIES5087', 'Bubblestar', 2, 5, 'HP Stargirls Modern', 'Key', 'Non Hanger', 11),
	(' ARIES5088', 'Bubblestar', 2, 5, 'HP Thomas', 'Key', 'Non Hanger', 7),
	(' ARIES5089', 'Bubblestar', 2, 5, 'HP Thomas', 'Key', 'Non Hanger', 6),
	(' ARIES5090', 'Bubblestar', 2, 5, 'HP Thomas', 'Key', 'Non Hanger', 3),
	(' ARIES5091', 'Bubblestar', 2, 5, 'HP Transformers', 'Key', 'Non Hanger', 7),
	(' ARIES5092', 'Bubblestar', 2, 5, 'HP Transformers', 'Key', 'Non Hanger', 6),
	(' ARIES5093', 'Bubblestar', 2, 5, 'HP Transformers', 'Key', 'Non Hanger', 3),
	(' ARIES5094', 'Bubblestar', 2, 5, '3D Donal & Dessy', 'Key', 'Hanger', 7),
	(' ARIES5095', 'Bubblestar', 2, 5, '3D Donal & Dessy', 'Key', 'Hanger', 6),
	(' ARIES5096', 'Bubblestar', 2, 5, '3D Donal & Dessy', 'Key', 'Hanger', 3),
	(' ARIES5097', 'Bubblestar', 2, 5, '3D Donal & Dessy', 'Key', 'Hanger', 11),
	(' ARIES5098', 'Bubblestar', 2, 5, '3D Ester & Bunny', 'Key', 'Hanger', 7),
	(' ARIES5099', 'Bubblestar', 2, 5, '3D Ester & Bunny', 'Key', 'Hanger', 6),
	(' ARIES5100', 'Bubblestar', 2, 5, '3D Ester & Bunny', 'Key', 'Hanger', 3),
	(' ARIES5101', 'Bubblestar', 2, 5, '3D Ester & Bunny', 'Key', 'Hanger', 11),
	(' ARIES5102', 'Bubblestar', 2, 5, '3D Litle Duck & Cat', 'Key', 'Hanger', 7),
	(' ARIES5103', 'Bubblestar', 2, 5, '3D Litle Duck & Cat', 'Key', 'Hanger', 6),
	(' ARIES5104', 'Bubblestar', 2, 5, '3D Litle Duck & Cat', 'Key', 'Hanger', 3),
	(' ARIES5105', 'Bubblestar', 2, 5, '3D Litle Duck & Cat', 'Key', 'Hanger', 11),
	(' ARIES5106', 'Bubblestar', 2, 5, '3D Panda (Juju Jojo)', 'Key', 'Hanger', 7),
	(' ARIES5107', 'Bubblestar', 2, 5, '3D Panda (Juju Jojo)', 'Key', 'Hanger', 6),
	(' ARIES5108', 'Bubblestar', 2, 5, '3D Panda (Juju Jojo)', 'Key', 'Hanger', 3),
	(' ARIES5109', 'Bubblestar', 2, 5, '3D Panda (Juju Jojo)', 'Key', 'Hanger', 11),
	(' ARIES5110', 'Bubblestar', 2, 5, '3D Popeye & Olive', 'Key', 'Hanger', 7),
	(' ARIES5111', 'Bubblestar', 2, 5, '3D Popeye & Olive', 'Key', 'Hanger', 6),
	(' ARIES5112', 'Bubblestar', 2, 5, '3D Popeye & Olive', 'Key', 'Hanger', 3),
	(' ARIES5113', 'Bubblestar', 2, 5, '3D Popeye & Olive', 'Key', 'Hanger', 11),
	(' ARIES5114', 'Bubblestar', 2, 5, '3D Sonic & Amy', 'Key', 'Hanger', 7),
	(' ARIES5115', 'Bubblestar', 2, 5, '3D Sonic & Amy', 'Key', 'Hanger', 6),
	(' ARIES5116', 'Bubblestar', 2, 5, '3D Sonic & Amy', 'Key', 'Hanger', 3),
	(' ARIES5117', 'Bubblestar', 2, 5, '3D Spongbob & Patrick', 'Key', 'Hanger', 6),
	(' ARIES5118', 'Bubblestar', 2, 5, '3D Spongbob & Patrick', 'Key', 'Hanger', 3),
	(' ARIES5119', 'Bubblestar', 2, 5, '3D Spongbob & Patrick', 'Key', 'Hanger', 11),
	(' ARIES5120', 'Bubblestar', 2, 5, '3D Tazmania & Bird', 'Key', 'Hanger', 7),
	(' ARIES5121', 'Bubblestar', 2, 5, '3D Tazmania & Bird', 'Key', 'Hanger', 6),
	(' ARIES5122', 'Bubblestar', 2, 5, '3D Tazmania & Bird', 'Key', 'Hanger', 3),
	(' ARIES5123', 'Bubblestar', 2, 5, 'HP Ariel', 'Key', 'Hanger', 11),
	(' ARIES5124', 'Bubblestar', 2, 5, 'HP Ariel', 'Key', 'Hanger', 6),
	(' ARIES5125', 'Bubblestar', 2, 5, 'HP Batik 01 Flowers', 'Key', 'Hanger', 6),
	(' ARIES5126', 'Bubblestar', 2, 5, 'HP Batik 02 Flowers', 'Key', 'Hanger', 13),
	(' ARIES5127', 'Bubblestar', 2, 5, 'HP Batik 03 Diamond', 'Key', 'Hanger', 13),
	(' ARIES5128', 'Bubblestar', 2, 5, 'HP Big Hero', 'Key', 'Hanger', 7),
	(' ARIES5129', 'Bubblestar', 2, 5, 'HP Big Hero', 'Key', 'Hanger', 6),
	(' ARIES5130', 'Bubblestar', 2, 5, 'HP Big Hero', 'Key', 'Hanger', 3),
	(' ARIES5131', 'Bubblestar', 2, 5, 'HP Boboboy', 'Key', 'Hanger', 7),
	(' ARIES5132', 'Bubblestar', 2, 5, 'HP Cars', 'Key', 'Hanger', 7),
	(' ARIES5133', 'Bubblestar', 2, 5, 'HP Cars', 'Key', 'Hanger', 6),
	(' ARIES5134', 'Bubblestar', 2, 5, 'HP Cars', 'Key', 'Hanger', 3),
	(' ARIES5135', 'Bubblestar', 2, 5, 'HP Elemo', 'Key', 'Hanger', 6),
	(' ARIES5136', 'Bubblestar', 2, 5, 'HP Elemo', 'Key', 'Hanger', 7),
	(' ARIES5137', 'Bubblestar', 2, 5, 'HP Frozen Clasic', 'Key', 'Hanger', 6),
	(' ARIES5138', 'Bubblestar', 2, 5, 'HP Frozen Clasic', 'Key', 'Hanger', 7),
	(' ARIES5139', 'Bubblestar', 2, 5, 'HP Frozen Modern', 'Key', 'Hanger', 6),
	(' ARIES5140', 'Bubblestar', 2, 5, 'HP Frozen Modern', 'Key', 'Hanger', 7),
	(' ARIES5141', 'Bubblestar', 2, 5, 'HP Hexa Full', 'Key', 'Hanger', 7),
	(' ARIES5142', 'Bubblestar', 2, 5, 'HP Hexa Full', 'Key', 'Hanger', 6),
	(' ARIES5143', 'Bubblestar', 2, 5, 'HP Hexa Full', 'Key', 'Hanger', 3),
	(' ARIES5144', 'Bubblestar', 2, 5, 'HP Hexa Full', 'Key', 'Hanger', 11),
	(' ARIES5145', 'Bubblestar', 2, 5, 'HP Hexa Full', 'Key', 'Hanger', 13),
	(' ARIES5146', 'Bubblestar', 2, 5, 'HP Hexa Mix', 'Key', 'Hanger', 7),
	(' ARIES5147', 'Bubblestar', 2, 5, 'HP Hexa Mix', 'Key', 'Hanger', 6),
	(' ARIES5148', 'Bubblestar', 2, 5, 'HP Hexa Mix', 'Key', 'Hanger', 3),
	(' ARIES5149', 'Bubblestar', 2, 5, 'HP Hexa Mix', 'Key', 'Hanger', 11),
	(' ARIES5150', 'Bubblestar', 2, 5, 'HP Hexa Mix', 'Key', 'Hanger', 13),
	(' ARIES5151', 'Bubblestar', 2, 5, 'HP Marsha', 'Key', 'Hanger', 11),
	(' ARIES5152', 'Bubblestar', 2, 5, 'HP Minion', 'Key', 'Hanger', 6),
	(' ARIES5153', 'Bubblestar', 2, 5, 'HP Minion', 'Key', 'Hanger', 7),
	(' ARIES5154', 'Bubblestar', 2, 5, 'HP Miniponi', 'Key', 'Hanger', 6),
	(' ARIES5155', 'Bubblestar', 2, 5, 'HP Miniponi', 'Key', 'Hanger', 11),
	(' ARIES5156', 'Bubblestar', 2, 5, 'HP Pikachu', 'Key', 'Hanger', 6),
	(' ARIES5157', 'Bubblestar', 2, 5, 'HP Pocoyo', 'Key', 'Hanger', 7),
	(' ARIES5158', 'Bubblestar', 2, 5, 'HP Pocoyo', 'Key', 'Hanger', 6),
	(' ARIES5159', 'Bubblestar', 2, 5, 'HP Pocoyo', 'Key', 'Hanger', 11),
	(' ARIES5160', 'Bubblestar', 2, 5, 'HP Pororo', 'Key', 'Hanger', 7),
	(' ARIES5161', 'Bubblestar', 2, 5, 'HP Pororo', 'Key', 'Hanger', 6),
	(' ARIES5162', 'Bubblestar', 2, 5, 'HP Pororo', 'Key', 'Hanger', 11),
	(' ARIES5163', 'Bubblestar', 2, 5, 'HP Princes', 'Key', 'Hanger', 11),
	(' ARIES5164', 'Bubblestar', 2, 5, 'HP Rotan Full', 'Key', 'Hanger', 7),
	(' ARIES5165', 'Bubblestar', 2, 5, 'HP Rotan Full', 'Key', 'Hanger', 6),
	(' ARIES5166', 'Bubblestar', 2, 5, 'HP Rotan Full', 'Key', 'Hanger', 3),
	(' ARIES5167', 'Bubblestar', 2, 5, 'HP Rotan Full', 'Key', 'Hanger', 11),
	(' ARIES5168', 'Bubblestar', 2, 5, 'HP Rotan Full', 'Key', 'Hanger', 13),
	(' ARIES5169', 'Bubblestar', 2, 5, 'HP Rotan Mix', 'Key', 'Hanger', 7),
	(' ARIES5170', 'Bubblestar', 2, 5, 'HP Rotan Mix', 'Key', 'Hanger', 6),
	(' ARIES5171', 'Bubblestar', 2, 5, 'HP Rotan Mix', 'Key', 'Hanger', 3),
	(' ARIES5172', 'Bubblestar', 2, 5, 'HP Rotan Mix', 'Key', 'Hanger', 11),
	(' ARIES5173', 'Bubblestar', 2, 5, 'HP Rotan Mix', 'Key', 'Hanger', 13),
	(' ARIES5174', 'Bubblestar', 2, 5, 'HP Rotan Mix C1', 'Key', 'Hanger', 7),
	(' ARIES5175', 'Bubblestar', 2, 5, 'HP Rotan Mix C1', 'Key', 'Hanger', 6),
	(' ARIES5176', 'Bubblestar', 2, 5, 'HP Rotan Mix C1', 'Key', 'Hanger', 13),
	(' ARIES5177', 'Bubblestar', 2, 5, 'HP Rotan Mix C1', 'Key', 'Hanger', 3),
	(' ARIES5178', 'Bubblestar', 2, 5, 'HP Snowhite', 'Key', 'Hanger', 11),
	(' ARIES5179', 'Bubblestar', 2, 5, 'HP Stargirls Clasik', 'Key', 'Hanger', 7),
	(' ARIES5180', 'Bubblestar', 2, 5, 'HP Stargirls Modern', 'Key', 'Hanger', 11),
	(' ARIES5181', 'Bubblestar', 2, 5, 'HP Thomas', 'Key', 'Hanger', 7),
	(' ARIES5182', 'Bubblestar', 2, 5, 'HP Thomas', 'Key', 'Hanger', 6),
	(' ARIES5183', 'Bubblestar', 2, 5, 'HP Thomas', 'Key', 'Hanger', 3),
	(' ARIES5184', 'Bubblestar', 2, 5, 'HP Transformers', 'Key', 'Hanger', 7),
	(' ARIES5185', 'Bubblestar', 2, 5, 'HP Transformers', 'Key', 'Hanger', 6),
	(' ARIES5186', 'Bubblestar', 2, 5, 'HP Transformers', 'Key', 'Hanger', 3),
	(' BASKOM1001', 'Yukari', 20, 0, 'baskom 34', 'Non Key', 'Non Hanger', 3),
	(' BASKOM1002', 'Yukari', 20, 0, 'baskom 34', 'Non Key', 'Non Hanger', 7),
	(' BASKOM1003', 'Yukari', 20, 0, 'baskom 34', 'Non Key', 'Non Hanger', 6),
	(' BASKOM1004', 'Yukari', 20, 0, 'baskom 36', 'Non Key', 'Non Hanger', 3),
	(' BASKOM1005', 'Yukari', 20, 0, 'baskom 36', 'Non Key', 'Non Hanger', 7),
	(' BASKOM1006', 'Yukari', 20, 0, 'baskom 36', 'Non Key', 'Non Hanger', 6),
	(' BASKOM1007', 'Yukari', 20, 0, 'baskom 40', 'Non Key', 'Non Hanger', 3),
	(' BASKOM1008', 'Yukari', 20, 0, 'baskom 40', 'Non Key', 'Non Hanger', 7),
	(' BASKOM1009', 'Yukari', 20, 0, 'baskom 40', 'Non Key', 'Non Hanger', 6),
	(' CAB2001', 'Bubblestar', 5, 2, '3D Donal & Dessy', 'Key', 'Non Hanger', 7),
	(' CAB2002', 'Bubblestar', 5, 2, '3D Donal & Dessy', 'Key', 'Non Hanger', 6),
	(' CAB2003', 'Bubblestar', 5, 2, '3D Donal & Dessy', 'Key', 'Non Hanger', 3),
	(' CAB2004', 'Bubblestar', 5, 2, '3D Donal & Dessy', 'Key', 'Non Hanger', 11),
	(' CAB2005', 'Bubblestar', 5, 2, '3D Ester & Bunny', 'Key', 'Non Hanger', 7),
	(' CAB2006', 'Bubblestar', 5, 2, '3D Ester & Bunny', 'Key', 'Non Hanger', 6),
	(' CAB2007', 'Bubblestar', 5, 2, '3D Ester & Bunny', 'Key', 'Non Hanger', 3),
	(' CAB2008', 'Bubblestar', 5, 2, '3D Ester & Bunny', 'Key', 'Non Hanger', 11),
	(' CAB2009', 'Bubblestar', 5, 2, '3D Litle Duck & Cat', 'Key', 'Non Hanger', 7),
	(' CAB2010', 'Bubblestar', 5, 2, '3D Litle Duck & Cat', 'Key', 'Non Hanger', 6),
	(' CAB2011', 'Bubblestar', 5, 2, '3D Litle Duck & Cat', 'Key', 'Non Hanger', 3),
	(' CAB2012', 'Bubblestar', 5, 2, '3D Litle Duck & Cat', 'Key', 'Non Hanger', 11),
	(' CAB2013', 'Bubblestar', 5, 2, '3D Panda (Juju Jojo)', 'Key', 'Non Hanger', 7),
	(' CAB2014', 'Bubblestar', 5, 2, '3D Panda (Juju Jojo)', 'Key', 'Non Hanger', 6),
	(' CAB2015', 'Bubblestar', 5, 2, '3D Panda (Juju Jojo)', 'Key', 'Non Hanger', 3),
	(' CAB2016', 'Bubblestar', 5, 2, '3D Panda (Juju Jojo)', 'Key', 'Non Hanger', 11),
	(' CAB2017', 'Bubblestar', 5, 2, '3D Popeye & Olive', 'Key', 'Non Hanger', 7),
	(' CAB2018', 'Bubblestar', 5, 2, '3D Popeye & Olive', 'Key', 'Non Hanger', 6),
	(' CAB2019', 'Bubblestar', 5, 2, '3D Popeye & Olive', 'Key', 'Non Hanger', 3),
	(' CAB2020', 'Bubblestar', 5, 2, '3D Popeye & Olive', 'Key', 'Non Hanger', 11),
	(' CAB2021', 'Bubblestar', 5, 2, '3D Sonic & Amy', 'Key', 'Non Hanger', 7),
	(' CAB2022', 'Bubblestar', 5, 2, '3D Sonic & Amy', 'Key', 'Non Hanger', 6),
	(' CAB2023', 'Bubblestar', 5, 2, '3D Sonic & Amy', 'Key', 'Non Hanger', 3),
	(' CAB2024', 'Bubblestar', 5, 2, '3D Spongbob & Patrick', 'Key', 'Non Hanger', 7),
	(' CAB2025', 'Bubblestar', 5, 2, '3D Spongbob & Patrick', 'Key', 'Non Hanger', 6),
	(' CAB2026', 'Bubblestar', 5, 2, '3D Spongbob & Patrick', 'Key', 'Non Hanger', 3),
	(' CAB2027', 'Bubblestar', 5, 2, '3D Spongbob & Patrick', 'Key', 'Non Hanger', 11),
	(' CAB2028', 'Bubblestar', 5, 2, '3D Tazmania & Bird', 'Key', 'Non Hanger', 7),
	(' CAB2029', 'Bubblestar', 5, 2, '3D Tazmania & Bird', 'Key', 'Non Hanger', 6),
	(' CAB2030', 'Bubblestar', 5, 2, '3D Tazmania & Bird', 'Key', 'Non Hanger', 3),
	(' CAB2031', 'Bubblestar', 5, 2, 'HP Ariel', 'Key', 'Non Hanger', 11),
	(' CAB2032', 'Bubblestar', 5, 2, 'HP Ariel', 'Key', 'Non Hanger', 6),
	(' CAB2033', 'Bubblestar', 5, 2, 'HP Batik 01 Flowers', 'Key', 'Non Hanger', 6),
	(' CAB2034', 'Bubblestar', 5, 2, 'HP Batik 02 Flowers', 'Key', 'Non Hanger', 13),
	(' CAB2035', 'Bubblestar', 5, 2, 'HP Batik 03 Diamond', 'Key', 'Non Hanger', 13),
	(' CAB2036', 'Bubblestar', 5, 2, 'HP Big Hero', 'Key', 'Non Hanger', 7),
	(' CAB2037', 'Bubblestar', 5, 2, 'HP Big Hero', 'Key', 'Non Hanger', 6),
	(' CAB2038', 'Bubblestar', 5, 2, 'HP Big Hero', 'Key', 'Non Hanger', 3),
	(' CAB2039', 'Bubblestar', 5, 2, 'HP Boboboy', 'Key', 'Non Hanger', 7),
	(' CAB2040', 'Bubblestar', 5, 2, 'HP Cars', 'Key', 'Non Hanger', 7),
	(' CAB2041', 'Bubblestar', 5, 2, 'HP Cars', 'Key', 'Non Hanger', 6),
	(' CAB2042', 'Bubblestar', 5, 2, 'HP Cars', 'Key', 'Non Hanger', 3),
	(' CAB2043', 'Bubblestar', 5, 2, 'HP Elemo', 'Key', 'Non Hanger', 6),
	(' CAB2044', 'Bubblestar', 5, 2, 'HP Elemo', 'Key', 'Non Hanger', 7),
	(' CAB2045', 'Bubblestar', 5, 2, 'HP Frozen Clasic', 'Key', 'Non Hanger', 11),
	(' CAB2046', 'Bubblestar', 5, 2, 'HP Frozen Clasic', 'Key', 'Non Hanger', 7),
	(' CAB2047', 'Bubblestar', 5, 2, 'HP Frozen Modern', 'Key', 'Non Hanger', 11),
	(' CAB2048', 'Bubblestar', 5, 2, 'HP Frozen Modern', 'Key', 'Non Hanger', 7),
	(' CAB2049', 'Bubblestar', 5, 2, 'HP Hexa Full', 'Key', 'Non Hanger', 7),
	(' CAB2050', 'Bubblestar', 5, 2, 'HP Hexa Full', 'Key', 'Non Hanger', 6),
	(' CAB2051', 'Bubblestar', 5, 2, 'HP Hexa Full', 'Key', 'Non Hanger', 3),
	(' CAB2052', 'Bubblestar', 5, 2, 'HP Hexa Full', 'Key', 'Non Hanger', 11),
	(' CAB2053', 'Bubblestar', 5, 2, 'HP Hexa Full', 'Key', 'Non Hanger', 13),
	(' CAB2054', 'Bubblestar', 5, 2, 'HP Hexa Mix', 'Key', 'Non Hanger', 7),
	(' CAB2055', 'Bubblestar', 5, 2, 'HP Hexa Mix', 'Key', 'Non Hanger', 6),
	(' CAB2056', 'Bubblestar', 5, 2, 'HP Hexa Mix', 'Key', 'Non Hanger', 3),
	(' CAB2057', 'Bubblestar', 5, 2, 'HP Hexa Mix', 'Key', 'Non Hanger', 11),
	(' CAB2058', 'Bubblestar', 5, 2, 'HP Hexa Mix', 'Key', 'Non Hanger', 13),
	(' CAB2059', 'Bubblestar', 5, 2, 'HP Marsha', 'Key', 'Non Hanger', 11),
	(' CAB2060', 'Bubblestar', 5, 2, 'HP Minion', 'Key', 'Non Hanger', 6),
	(' CAB2061', 'Bubblestar', 5, 2, 'HP Minion', 'Key', 'Non Hanger', 7),
	(' CAB2062', 'Bubblestar', 5, 2, 'HP Miniponi', 'Key', 'Non Hanger', 6),
	(' CAB2063', 'Bubblestar', 5, 2, 'HP Miniponi', 'Key', 'Non Hanger', 11),
	(' CAB2064', 'Bubblestar', 5, 2, 'HP Pikachu', 'Key', 'Non Hanger', 6),
	(' CAB2065', 'Bubblestar', 5, 2, 'HP Pocoyo', 'Key', 'Non Hanger', 7),
	(' CAB2066', 'Bubblestar', 5, 2, 'HP Pocoyo', 'Key', 'Non Hanger', 6),
	(' CAB2067', 'Bubblestar', 5, 2, 'HP Pocoyo', 'Key', 'Non Hanger', 11),
	(' CAB2068', 'Bubblestar', 5, 2, 'HP Pororo', 'Key', 'Non Hanger', 7),
	(' CAB2069', 'Bubblestar', 5, 2, 'HP Pororo', 'Key', 'Non Hanger', 6),
	(' CAB2070', 'Bubblestar', 5, 2, 'HP Pororo', 'Key', 'Non Hanger', 11),
	(' CAB2071', 'Bubblestar', 5, 2, 'HP Princes', 'Key', 'Non Hanger', 11),
	(' CAB2072', 'Bubblestar', 5, 2, 'HP Rotan Full', 'Key', 'Non Hanger', 7),
	(' CAB2073', 'Bubblestar', 5, 2, 'HP Rotan Full', 'Key', 'Non Hanger', 6),
	(' CAB2074', 'Bubblestar', 5, 2, 'HP Rotan Full', 'Key', 'Non Hanger', 3),
	(' CAB2075', 'Bubblestar', 5, 2, 'HP Rotan Full', 'Key', 'Non Hanger', 11),
	(' CAB2076', 'Bubblestar', 5, 2, 'HP Rotan Full', 'Key', 'Non Hanger', 13),
	(' CAB2077', 'Bubblestar', 5, 2, 'HP Rotan Mix', 'Key', 'Non Hanger', 7),
	(' CAB2078', 'Bubblestar', 5, 2, 'HP Rotan Mix', 'Key', 'Non Hanger', 6),
	(' CAB2079', 'Bubblestar', 5, 2, 'HP Rotan Mix', 'Key', 'Non Hanger', 3),
	(' CAB2080', 'Bubblestar', 5, 2, 'HP Rotan Mix', 'Key', 'Non Hanger', 11),
	(' CAB2081', 'Bubblestar', 5, 2, 'HP Rotan Mix', 'Key', 'Non Hanger', 13),
	(' CAB2082', 'Bubblestar', 5, 2, 'HP Snowhite', 'Key', 'Non Hanger', 11),
	(' CAB2083', 'Bubblestar', 5, 2, 'HP Stargirls Clasik', 'Key', 'Non Hanger', 11),
	(' CAB2084', 'Bubblestar', 5, 2, 'HP Stargirls Modern', 'Key', 'Non Hanger', 11),
	(' CAB2085', 'Bubblestar', 5, 2, 'HP Thomas', 'Key', 'Non Hanger', 7),
	(' CAB2086', 'Bubblestar', 5, 2, 'HP Thomas', 'Key', 'Non Hanger', 6),
	(' CAB2087', 'Bubblestar', 5, 2, 'HP Thomas', 'Key', 'Non Hanger', 3),
	(' CAB2088', 'Bubblestar', 5, 2, 'HP Transformers', 'Key', 'Non Hanger', 7),
	(' CAB2089', 'Bubblestar', 5, 2, 'HP Transformers', 'Key', 'Non Hanger', 6),
	(' CAB2090', 'Bubblestar', 5, 2, 'HP Transformers', 'Key', 'Non Hanger', 3),
	(' CAB2091', 'Bubblestar', 5, 2, '3D Donal & Dessy', 'Non Key', 'Non Hanger', 7),
	(' CAB2092', 'Bubblestar', 5, 2, '3D Donal & Dessy', 'Non Key', 'Non Hanger', 6),
	(' CAB2093', 'Bubblestar', 5, 2, '3D Donal & Dessy', 'Non Key', 'Non Hanger', 3),
	(' CAB2094', 'Bubblestar', 5, 2, '3D Donal & Dessy', 'Non Key', 'Non Hanger', 11),
	(' CAB2095', 'Bubblestar', 5, 2, '3D Ester & Bunny', 'Non Key', 'Non Hanger', 7),
	(' CAB2096', 'Bubblestar', 5, 2, '3D Ester & Bunny', 'Non Key', 'Non Hanger', 6),
	(' CAB2097', 'Bubblestar', 5, 2, '3D Ester & Bunny', 'Non Key', 'Non Hanger', 3),
	(' CAB2098', 'Bubblestar', 5, 2, '3D Ester & Bunny', 'Non Key', 'Non Hanger', 11),
	(' CAB2099', 'Bubblestar', 5, 2, '3D Litle Duck & Cat', 'Non Key', 'Non Hanger', 7),
	(' CAB2100', 'Bubblestar', 5, 2, '3D Litle Duck & Cat', 'Non Key', 'Non Hanger', 6),
	(' CAB2101', 'Bubblestar', 5, 2, '3D Litle Duck & Cat', 'Non Key', 'Non Hanger', 3),
	(' CAB2102', 'Bubblestar', 5, 2, '3D Litle Duck & Cat', 'Non Key', 'Non Hanger', 11),
	(' CAB2103', 'Bubblestar', 5, 2, '3D Panda (Juju Jojo)', 'Non Key', 'Non Hanger', 7),
	(' CAB2104', 'Bubblestar', 5, 2, '3D Panda (Juju Jojo)', 'Non Key', 'Non Hanger', 6),
	(' CAB2105', 'Bubblestar', 5, 2, '3D Panda (Juju Jojo)', 'Non Key', 'Non Hanger', 3),
	(' CAB2106', 'Bubblestar', 5, 2, '3D Panda (Juju Jojo)', 'Non Key', 'Non Hanger', 11),
	(' CAB2107', 'Bubblestar', 5, 2, '3D Popeye & Olive', 'Non Key', 'Non Hanger', 7),
	(' CAB2108', 'Bubblestar', 5, 2, '3D Popeye & Olive', 'Non Key', 'Non Hanger', 6),
	(' CAB2109', 'Bubblestar', 5, 2, '3D Popeye & Olive', 'Non Key', 'Non Hanger', 3),
	(' CAB2110', 'Bubblestar', 5, 2, '3D Popeye & Olive', 'Non Key', 'Non Hanger', 11),
	(' CAB2111', 'Bubblestar', 5, 2, '3D Sonic & Amy', 'Non Key', 'Non Hanger', 7),
	(' CAB2112', 'Bubblestar', 5, 2, '3D Sonic & Amy', 'Non Key', 'Non Hanger', 6),
	(' CAB2113', 'Bubblestar', 5, 2, '3D Sonic & Amy', 'Non Key', 'Non Hanger', 3),
	(' CAB2114', 'Bubblestar', 5, 2, '3D Spongbob & Patrick', 'Non Key', 'Non Hanger', 7),
	(' CAB2115', 'Bubblestar', 5, 2, '3D Spongbob & Patrick', 'Non Key', 'Non Hanger', 6),
	(' CAB2116', 'Bubblestar', 5, 2, '3D Spongbob & Patrick', 'Non Key', 'Non Hanger', 3),
	(' CAB2117', 'Bubblestar', 5, 2, '3D Spongbob & Patrick', 'Non Key', 'Non Hanger', 11),
	(' CAB2118', 'Bubblestar', 5, 2, '3D Tazmania & Bird', 'Non Key', 'Non Hanger', 7),
	(' CAB2119', 'Bubblestar', 5, 2, '3D Tazmania & Bird', 'Non Key', 'Non Hanger', 6),
	(' CAB2120', 'Bubblestar', 5, 2, '3D Tazmania & Bird', 'Non Key', 'Non Hanger', 3),
	(' CAB2121', 'Bubblestar', 5, 2, 'HP Ariel', 'Non Key', 'Non Hanger', 11),
	(' CAB2122', 'Bubblestar', 5, 2, 'HP Ariel', 'Non Key', 'Non Hanger', 6),
	(' CAB2123', 'Bubblestar', 5, 2, 'HP Batik 01 Flowers', 'Non Key', 'Non Hanger', 6),
	(' CAB2124', 'Bubblestar', 5, 2, 'HP Batik 02 Flowers', 'Non Key', 'Non Hanger', 13),
	(' CAB2125', 'Bubblestar', 5, 2, 'HP Batik 03 Diamond', 'Non Key', 'Non Hanger', 13),
	(' CAB2126', 'Bubblestar', 5, 2, 'HP Big Hero', 'Non Key', 'Non Hanger', 7),
	(' CAB2127', 'Bubblestar', 5, 2, 'HP Big Hero', 'Non Key', 'Non Hanger', 6),
	(' CAB2128', 'Bubblestar', 5, 2, 'HP Big Hero', 'Non Key', 'Non Hanger', 3),
	(' CAB2129', 'Bubblestar', 5, 2, 'HP Boboboy', 'Non Key', 'Non Hanger', 7),
	(' CAB2130', 'Bubblestar', 5, 2, 'HP Cars', 'Non Key', 'Non Hanger', 7),
	(' CAB2131', 'Bubblestar', 5, 2, 'HP Cars', 'Non Key', 'Non Hanger', 6),
	(' CAB2132', 'Bubblestar', 5, 2, 'HP Cars', 'Non Key', 'Non Hanger', 3),
	(' CAB2133', 'Bubblestar', 5, 2, 'HP Elemo', 'Non Key', 'Non Hanger', 6),
	(' CAB2134', 'Bubblestar', 5, 2, 'HP Elemo', 'Non Key', 'Non Hanger', 7),
	(' CAB2135', 'Bubblestar', 5, 2, 'HP Frozen Clasic', 'Non Key', 'Non Hanger', 11),
	(' CAB2136', 'Bubblestar', 5, 2, 'HP Frozen Clasic', 'Non Key', 'Non Hanger', 7),
	(' CAB2137', 'Bubblestar', 5, 2, 'HP Frozen Modern', 'Non Key', 'Non Hanger', 11),
	(' CAB2138', 'Bubblestar', 5, 2, 'HP Frozen Modern', 'Non Key', 'Non Hanger', 7),
	(' CAB2139', 'Bubblestar', 5, 2, 'HP Hexa Full', 'Non Key', 'Non Hanger', 7),
	(' CAB2140', 'Bubblestar', 5, 2, 'HP Hexa Full', 'Non Key', 'Non Hanger', 6),
	(' CAB2141', 'Bubblestar', 5, 2, 'HP Hexa Full', 'Non Key', 'Non Hanger', 3),
	(' CAB2142', 'Bubblestar', 5, 2, 'HP Hexa Full', 'Non Key', 'Non Hanger', 11),
	(' CAB2143', 'Bubblestar', 5, 2, 'HP Hexa Full', 'Non Key', 'Non Hanger', 13),
	(' CAB2144', 'Bubblestar', 5, 2, 'HP Hexa Mix', 'Non Key', 'Non Hanger', 7),
	(' CAB2145', 'Bubblestar', 5, 2, 'HP Hexa Mix', 'Non Key', 'Non Hanger', 6),
	(' CAB2146', 'Bubblestar', 5, 2, 'HP Hexa Mix', 'Non Key', 'Non Hanger', 3),
	(' CAB2147', 'Bubblestar', 5, 2, 'HP Hexa Mix', 'Non Key', 'Non Hanger', 11),
	(' CAB2148', 'Bubblestar', 5, 2, 'HP Hexa Mix', 'Non Key', 'Non Hanger', 13),
	(' CAB2149', 'Bubblestar', 5, 2, 'HP Marsha', 'Non Key', 'Non Hanger', 11),
	(' CAB2150', 'Bubblestar', 5, 2, 'HP Minion', 'Non Key', 'Non Hanger', 6),
	(' CAB2151', 'Bubblestar', 5, 2, 'HP Minion', 'Non Key', 'Non Hanger', 7),
	(' CAB2152', 'Bubblestar', 5, 2, 'HP Miniponi', 'Non Key', 'Non Hanger', 6),
	(' CAB2153', 'Bubblestar', 5, 2, 'HP Miniponi', 'Non Key', 'Non Hanger', 11),
	(' CAB2154', 'Bubblestar', 5, 2, 'HP Pikachu', 'Non Key', 'Non Hanger', 6),
	(' CAB2155', 'Bubblestar', 5, 2, 'HP Pocoyo', 'Non Key', 'Non Hanger', 7),
	(' CAB2156', 'Bubblestar', 5, 2, 'HP Pocoyo', 'Non Key', 'Non Hanger', 6),
	(' CAB2157', 'Bubblestar', 5, 2, 'HP Pocoyo', 'Non Key', 'Non Hanger', 11),
	(' CAB2158', 'Bubblestar', 5, 2, 'HP Pororo', 'Non Key', 'Non Hanger', 7),
	(' CAB2159', 'Bubblestar', 5, 2, 'HP Pororo', 'Non Key', 'Non Hanger', 6),
	(' CAB2160', 'Bubblestar', 5, 2, 'HP Pororo', 'Non Key', 'Non Hanger', 11),
	(' CAB2161', 'Bubblestar', 5, 2, 'HP Princes', 'Non Key', 'Non Hanger', 11),
	(' CAB2162', 'Bubblestar', 5, 2, 'HP Rotan Full', 'Non Key', 'Non Hanger', 7),
	(' CAB2163', 'Bubblestar', 5, 2, 'HP Rotan Full', 'Non Key', 'Non Hanger', 6),
	(' CAB2164', 'Bubblestar', 5, 2, 'HP Rotan Full', 'Non Key', 'Non Hanger', 3),
	(' CAB2165', 'Bubblestar', 5, 2, 'HP Rotan Full', 'Non Key', 'Non Hanger', 11),
	(' CAB2166', 'Bubblestar', 5, 2, 'HP Rotan Full', 'Non Key', 'Non Hanger', 13),
	(' CAB2167', 'Bubblestar', 5, 2, 'HP Rotan Mix', 'Non Key', 'Non Hanger', 7),
	(' CAB2168', 'Bubblestar', 5, 2, 'HP Rotan Mix', 'Non Key', 'Non Hanger', 6),
	(' CAB2169', 'Bubblestar', 5, 2, 'HP Rotan Mix', 'Non Key', 'Non Hanger', 3),
	(' CAB2170', 'Bubblestar', 5, 2, 'HP Rotan Mix', 'Non Key', 'Non Hanger', 11),
	(' CAB2171', 'Bubblestar', 5, 2, 'HP Rotan Mix', 'Non Key', 'Non Hanger', 13),
	(' CAB2172', 'Bubblestar', 5, 2, 'HP Snowhite', 'Non Key', 'Non Hanger', 11),
	(' CAB2173', 'Bubblestar', 5, 2, 'HP Stargirls Clasik', 'Non Key', 'Non Hanger', 11),
	(' CAB2174', 'Bubblestar', 5, 2, 'HP Stargirls Modern', 'Non Key', 'Non Hanger', 11),
	(' CAB2175', 'Bubblestar', 5, 2, 'HP Thomas', 'Non Key', 'Non Hanger', 7),
	(' CAB2176', 'Bubblestar', 5, 2, 'HP Thomas', 'Non Key', 'Non Hanger', 6),
	(' CAB2177', 'Bubblestar', 5, 2, 'HP Thomas', 'Non Key', 'Non Hanger', 3),
	(' CAB2178', 'Bubblestar', 5, 2, 'HP Transformers', 'Non Key', 'Non Hanger', 7),
	(' CAB2179', 'Bubblestar', 5, 2, 'HP Transformers', 'Non Key', 'Non Hanger', 6),
	(' CAB2180', 'Bubblestar', 5, 2, 'HP Transformers', 'Non Key', 'Non Hanger', 3),
	(' CAB3001', 'Bubblestar', 5, 3, '3D Donal & Dessy', 'Key', 'Non Hanger', 7),
	(' CAB3002', 'Bubblestar', 5, 3, '3D Donal & Dessy', 'Key', 'Non Hanger', 6),
	(' CAB3003', 'Bubblestar', 5, 3, '3D Donal & Dessy', 'Key', 'Non Hanger', 3),
	(' CAB3004', 'Bubblestar', 5, 3, '3D Donal & Dessy', 'Key', 'Non Hanger', 11),
	(' CAB3005', 'Bubblestar', 5, 3, '3D Ester & Bunny', 'Key', 'Non Hanger', 7),
	(' CAB3006', 'Bubblestar', 5, 3, '3D Ester & Bunny', 'Key', 'Non Hanger', 6),
	(' CAB3007', 'Bubblestar', 5, 3, '3D Ester & Bunny', 'Key', 'Non Hanger', 3),
	(' CAB3008', 'Bubblestar', 5, 3, '3D Ester & Bunny', 'Key', 'Non Hanger', 11),
	(' CAB3009', 'Bubblestar', 5, 3, '3D Litle Duck & Cat', 'Key', 'Non Hanger', 7),
	(' CAB3010', 'Bubblestar', 5, 3, '3D Litle Duck & Cat', 'Key', 'Non Hanger', 6),
	(' CAB3011', 'Bubblestar', 5, 3, '3D Litle Duck & Cat', 'Key', 'Non Hanger', 3),
	(' CAB3012', 'Bubblestar', 5, 3, '3D Litle Duck & Cat', 'Key', 'Non Hanger', 11),
	(' CAB3013', 'Bubblestar', 5, 3, '3D Panda (Juju Jojo)', 'Key', 'Non Hanger', 7),
	(' CAB3014', 'Bubblestar', 5, 3, '3D Panda (Juju Jojo)', 'Key', 'Non Hanger', 6),
	(' CAB3015', 'Bubblestar', 5, 3, '3D Panda (Juju Jojo)', 'Key', 'Non Hanger', 3),
	(' CAB3016', 'Bubblestar', 5, 3, '3D Panda (Juju Jojo)', 'Key', 'Non Hanger', 11),
	(' CAB3017', 'Bubblestar', 5, 3, '3D Popeye & Olive', 'Key', 'Non Hanger', 7),
	(' CAB3018', 'Bubblestar', 5, 3, '3D Popeye & Olive', 'Key', 'Non Hanger', 6),
	(' CAB3019', 'Bubblestar', 5, 3, '3D Popeye & Olive', 'Key', 'Non Hanger', 3),
	(' CAB3020', 'Bubblestar', 5, 3, '3D Popeye & Olive', 'Key', 'Non Hanger', 11),
	(' CAB3021', 'Bubblestar', 5, 3, '3D Sonic & Amy', 'Key', 'Non Hanger', 7),
	(' CAB3022', 'Bubblestar', 5, 3, '3D Sonic & Amy', 'Key', 'Non Hanger', 6),
	(' CAB3023', 'Bubblestar', 5, 3, '3D Sonic & Amy', 'Key', 'Non Hanger', 3),
	(' CAB3024', 'Bubblestar', 5, 3, '3D Spongbob & Patrick', 'Key', 'Non Hanger', 7),
	(' CAB3025', 'Bubblestar', 5, 3, '3D Spongbob & Patrick', 'Key', 'Non Hanger', 6),
	(' CAB3026', 'Bubblestar', 5, 3, '3D Spongbob & Patrick', 'Key', 'Non Hanger', 3),
	(' CAB3027', 'Bubblestar', 5, 3, '3D Spongbob & Patrick', 'Key', 'Non Hanger', 11),
	(' CAB3028', 'Bubblestar', 5, 3, '3D Tazmania & Bird', 'Key', 'Non Hanger', 7),
	(' CAB3029', 'Bubblestar', 5, 3, '3D Tazmania & Bird', 'Key', 'Non Hanger', 6),
	(' CAB3030', 'Bubblestar', 5, 3, '3D Tazmania & Bird', 'Key', 'Non Hanger', 3),
	(' CAB3031', 'Bubblestar', 5, 3, 'HP Ariel', 'Key', 'Non Hanger', 11),
	(' CAB3032', 'Bubblestar', 5, 3, 'HP Ariel', 'Key', 'Non Hanger', 6),
	(' CAB3033', 'Bubblestar', 5, 3, 'HP Batik 01 Flowers', 'Key', 'Non Hanger', 6),
	(' CAB3034', 'Bubblestar', 5, 3, 'HP Batik 02 Flowers', 'Key', 'Non Hanger', 13),
	(' CAB3035', 'Bubblestar', 5, 3, 'HP Batik 03 Diamond', 'Key', 'Non Hanger', 13),
	(' CAB3036', 'Bubblestar', 5, 3, 'HP Big Hero', 'Key', 'Non Hanger', 7),
	(' CAB3037', 'Bubblestar', 5, 3, 'HP Big Hero', 'Key', 'Non Hanger', 6),
	(' CAB3038', 'Bubblestar', 5, 3, 'HP Big Hero', 'Key', 'Non Hanger', 3),
	(' CAB3039', 'Bubblestar', 5, 3, 'HP Boboboy', 'Key', 'Non Hanger', 7),
	(' CAB3040', 'Bubblestar', 5, 3, 'HP Cars', 'Key', 'Non Hanger', 7),
	(' CAB3041', 'Bubblestar', 5, 3, 'HP Cars', 'Key', 'Non Hanger', 6),
	(' CAB3042', 'Bubblestar', 5, 3, 'HP Cars', 'Key', 'Non Hanger', 3),
	(' CAB3043', 'Bubblestar', 5, 3, 'HP Elemo', 'Key', 'Non Hanger', 6),
	(' CAB3044', 'Bubblestar', 5, 3, 'HP Elemo', 'Key', 'Non Hanger', 7),
	(' CAB3045', 'Bubblestar', 5, 3, 'HP Frozen Clasic', 'Key', 'Non Hanger', 11),
	(' CAB3046', 'Bubblestar', 5, 3, 'HP Frozen Clasic', 'Key', 'Non Hanger', 7),
	(' CAB3047', 'Bubblestar', 5, 3, 'HP Frozen Modern', 'Key', 'Non Hanger', 11),
	(' CAB3048', 'Bubblestar', 5, 3, 'HP Frozen Modern', 'Key', 'Non Hanger', 7),
	(' CAB3049', 'Bubblestar', 5, 3, 'HP Hexa Full', 'Key', 'Non Hanger', 7),
	(' CAB3050', 'Bubblestar', 5, 3, 'HP Hexa Full', 'Key', 'Non Hanger', 6),
	(' CAB3051', 'Bubblestar', 5, 3, 'HP Hexa Full', 'Key', 'Non Hanger', 3),
	(' CAB3052', 'Bubblestar', 5, 3, 'HP Hexa Full', 'Key', 'Non Hanger', 11),
	(' CAB3053', 'Bubblestar', 5, 3, 'HP Hexa Full', 'Key', 'Non Hanger', 13),
	(' CAB3054', 'Bubblestar', 5, 3, 'HP Hexa Mix', 'Key', 'Non Hanger', 7),
	(' CAB3055', 'Bubblestar', 5, 3, 'HP Hexa Mix', 'Key', 'Non Hanger', 6),
	(' CAB3056', 'Bubblestar', 5, 3, 'HP Hexa Mix', 'Key', 'Non Hanger', 3),
	(' CAB3057', 'Bubblestar', 5, 3, 'HP Hexa Mix', 'Key', 'Non Hanger', 11),
	(' CAB3058', 'Bubblestar', 5, 3, 'HP Hexa Mix', 'Key', 'Non Hanger', 13),
	(' CAB3059', 'Bubblestar', 5, 3, 'HP Hexa Mix C1', 'Key', 'Non Hanger', 7),
	(' CAB3060', 'Bubblestar', 5, 3, 'HP Hexa Mix C1', 'Key', 'Non Hanger', 13),
	(' CAB3061', 'Bubblestar', 5, 3, 'HP Hexa Mix C1', 'Key', 'Non Hanger', 3),
	(' CAB3062', 'Bubblestar', 5, 3, 'HP Marsha', 'Key', 'Non Hanger', 11),
	(' CAB3063', 'Bubblestar', 5, 3, 'HP Minion', 'Key', 'Non Hanger', 6),
	(' CAB3064', 'Bubblestar', 5, 3, 'HP Minion', 'Key', 'Non Hanger', 7),
	(' CAB3065', 'Bubblestar', 5, 3, 'HP Miniponi', 'Key', 'Non Hanger', 6),
	(' CAB3066', 'Bubblestar', 5, 3, 'HP Miniponi', 'Key', 'Non Hanger', 11),
	(' CAB3067', 'Bubblestar', 5, 3, 'HP Pikachu', 'Key', 'Non Hanger', 6),
	(' CAB3068', 'Bubblestar', 5, 3, 'HP Pocoyo', 'Key', 'Non Hanger', 7),
	(' CAB3069', 'Bubblestar', 5, 3, 'HP Pocoyo', 'Key', 'Non Hanger', 6),
	(' CAB3070', 'Bubblestar', 5, 3, 'HP Pocoyo', 'Key', 'Non Hanger', 11),
	(' CAB3071', 'Bubblestar', 5, 3, 'HP Pororo', 'Key', 'Non Hanger', 7),
	(' CAB3072', 'Bubblestar', 5, 3, 'HP Pororo', 'Key', 'Non Hanger', 6),
	(' CAB3073', 'Bubblestar', 5, 3, 'HP Pororo', 'Key', 'Non Hanger', 11),
	(' CAB3074', 'Bubblestar', 5, 3, 'HP Princes', 'Key', 'Non Hanger', 11),
	(' CAB3075', 'Bubblestar', 5, 3, 'HP Rotan Full', 'Key', 'Non Hanger', 7),
	(' CAB3076', 'Bubblestar', 5, 3, 'HP Rotan Full', 'Key', 'Non Hanger', 6),
	(' CAB3077', 'Bubblestar', 5, 3, 'HP Rotan Full', 'Key', 'Non Hanger', 3),
	(' CAB3078', 'Bubblestar', 5, 3, 'HP Rotan Full', 'Key', 'Non Hanger', 11),
	(' CAB3079', 'Bubblestar', 5, 3, 'HP Rotan Full', 'Key', 'Non Hanger', 13),
	(' CAB3080', 'Bubblestar', 5, 3, 'HP Rotan Mix', 'Key', 'Non Hanger', 7),
	(' CAB3081', 'Bubblestar', 5, 3, 'HP Rotan Mix', 'Key', 'Non Hanger', 6),
	(' CAB3082', 'Bubblestar', 5, 3, 'HP Rotan Mix', 'Key', 'Non Hanger', 3),
	(' CAB3083', 'Bubblestar', 5, 3, 'HP Rotan Mix', 'Key', 'Non Hanger', 11),
	(' CAB3084', 'Bubblestar', 5, 3, 'HP Rotan Mix', 'Key', 'Non Hanger', 13),
	(' CAB3085', 'Bubblestar', 5, 3, 'HP Rotan Mix C1', 'Key', 'Non Hanger', 13),
	(' CAB3086', 'Bubblestar', 5, 3, 'HP Rotan Mix C1', 'Key', 'Non Hanger', 7),
	(' CAB3087', 'Bubblestar', 5, 3, 'HP Rotan Mix C1', 'Key', 'Non Hanger', 3),
	(' CAB3088', 'Bubblestar', 5, 3, 'HP Rotan Mix C1', 'Key', 'Non Hanger', 6),
	(' CAB3089', 'Bubblestar', 5, 3, 'HP Snowhite', 'Key', 'Non Hanger', 11),
	(' CAB3090', 'Bubblestar', 5, 3, 'HP Stargirls Clasik', 'Key', 'Non Hanger', 11),
	(' CAB3091', 'Bubblestar', 5, 3, 'HP Stargirls Modern', 'Key', 'Non Hanger', 11),
	(' CAB3092', 'Bubblestar', 5, 3, 'HP Thomas', 'Key', 'Non Hanger', 7),
	(' CAB3093', 'Bubblestar', 5, 3, 'HP Thomas', 'Key', 'Non Hanger', 6),
	(' CAB3094', 'Bubblestar', 5, 3, 'HP Thomas', 'Key', 'Non Hanger', 3),
	(' CAB3095', 'Bubblestar', 5, 3, 'HP Transformers', 'Key', 'Non Hanger', 7),
	(' CAB3096', 'Bubblestar', 5, 3, 'HP Transformers', 'Key', 'Non Hanger', 6),
	(' CAB3097', 'Bubblestar', 5, 3, 'HP Transformers', 'Key', 'Non Hanger', 3),
	(' CAB3098', 'Bubblestar', 5, 3, 'HP Pocoyo Black', 'Key', 'Non Hanger', 11),
	(' CAB3099', 'Bubblestar', 5, 3, '3D Donal & Dessy', 'Non Key', 'Non Hanger', 7),
	(' CAB3100', 'Bubblestar', 5, 3, '3D Donal & Dessy', 'Non Key', 'Non Hanger', 6),
	(' CAB3101', 'Bubblestar', 5, 3, '3D Donal & Dessy', 'Non Key', 'Non Hanger', 3),
	(' CAB3102', 'Bubblestar', 5, 3, '3D Donal & Dessy', 'Non Key', 'Non Hanger', 11),
	(' CAB3103', 'Bubblestar', 5, 3, '3D Ester & Bunny', 'Non Key', 'Non Hanger', 7),
	(' CAB3104', 'Bubblestar', 5, 3, '3D Ester & Bunny', 'Non Key', 'Non Hanger', 6),
	(' CAB3105', 'Bubblestar', 5, 3, '3D Ester & Bunny', 'Non Key', 'Non Hanger', 3),
	(' CAB3106', 'Bubblestar', 5, 3, '3D Ester & Bunny', 'Non Key', 'Non Hanger', 11),
	(' CAB3107', 'Bubblestar', 5, 3, '3D Litle Duck & Cat', 'Non Key', 'Non Hanger', 7),
	(' CAB3108', 'Bubblestar', 5, 3, '3D Litle Duck & Cat', 'Non Key', 'Non Hanger', 6),
	(' CAB3109', 'Bubblestar', 5, 3, '3D Litle Duck & Cat', 'Non Key', 'Non Hanger', 3),
	(' CAB3110', 'Bubblestar', 5, 3, '3D Litle Duck & Cat', 'Non Key', 'Non Hanger', 11),
	(' CAB3111', 'Bubblestar', 5, 3, '3D Panda (Juju Jojo)', 'Non Key', 'Non Hanger', 7),
	(' CAB3112', 'Bubblestar', 5, 3, '3D Panda (Juju Jojo)', 'Non Key', 'Non Hanger', 6),
	(' CAB3113', 'Bubblestar', 5, 3, '3D Panda (Juju Jojo)', 'Non Key', 'Non Hanger', 3),
	(' CAB3114', 'Bubblestar', 5, 3, '3D Panda (Juju Jojo)', 'Non Key', 'Non Hanger', 11),
	(' CAB3115', 'Bubblestar', 5, 3, '3D Popeye & Olive', 'Non Key', 'Non Hanger', 7),
	(' CAB3116', 'Bubblestar', 5, 3, '3D Popeye & Olive', 'Non Key', 'Non Hanger', 6),
	(' CAB3117', 'Bubblestar', 5, 3, '3D Popeye & Olive', 'Non Key', 'Non Hanger', 3),
	(' CAB3118', 'Bubblestar', 5, 3, '3D Popeye & Olive', 'Non Key', 'Non Hanger', 11),
	(' CAB3119', 'Bubblestar', 5, 3, '3D Sonic & Amy', 'Non Key', 'Non Hanger', 7),
	(' CAB3120', 'Bubblestar', 5, 3, '3D Sonic & Amy', 'Non Key', 'Non Hanger', 6),
	(' CAB3121', 'Bubblestar', 5, 3, '3D Sonic & Amy', 'Non Key', 'Non Hanger', 3),
	(' CAB3122', 'Bubblestar', 5, 3, '3D Spongbob & Patrick', 'Non Key', 'Non Hanger', 7),
	(' CAB3123', 'Bubblestar', 5, 3, '3D Spongbob & Patrick', 'Non Key', 'Non Hanger', 6),
	(' CAB3124', 'Bubblestar', 5, 3, '3D Spongbob & Patrick', 'Non Key', 'Non Hanger', 3),
	(' CAB3125', 'Bubblestar', 5, 3, '3D Spongbob & Patrick', 'Non Key', 'Non Hanger', 11),
	(' CAB3126', 'Bubblestar', 5, 3, '3D Tazmania & Bird', 'Non Key', 'Non Hanger', 7),
	(' CAB3127', 'Bubblestar', 5, 3, '3D Tazmania & Bird', 'Non Key', 'Non Hanger', 6),
	(' CAB3128', 'Bubblestar', 5, 3, '3D Tazmania & Bird', 'Non Key', 'Non Hanger', 3),
	(' CAB3129', 'Bubblestar', 5, 3, 'HP Ariel', 'Non Key', 'Non Hanger', 11),
	(' CAB3130', 'Bubblestar', 5, 3, 'HP Ariel', 'Non Key', 'Non Hanger', 6),
	(' CAB3131', 'Bubblestar', 5, 3, 'HP Batik 01 Flowers', 'Non Key', 'Non Hanger', 6),
	(' CAB3132', 'Bubblestar', 5, 3, 'HP Batik 02 Flowers', 'Non Key', 'Non Hanger', 13),
	(' CAB3133', 'Bubblestar', 5, 3, 'HP Batik 03 Diamond', 'Non Key', 'Non Hanger', 13),
	(' CAB3134', 'Bubblestar', 5, 3, 'HP Big Hero', 'Non Key', 'Non Hanger', 7),
	(' CAB3135', 'Bubblestar', 5, 3, 'HP Big Hero', 'Non Key', 'Non Hanger', 6),
	(' CAB3136', 'Bubblestar', 5, 3, 'HP Big Hero', 'Non Key', 'Non Hanger', 3),
	(' CAB3137', 'Bubblestar', 5, 3, 'HP Boboboy', 'Non Key', 'Non Hanger', 7),
	(' CAB3138', 'Bubblestar', 5, 3, 'HP Cars', 'Non Key', 'Non Hanger', 7),
	(' CAB3139', 'Bubblestar', 5, 3, 'HP Cars', 'Non Key', 'Non Hanger', 6),
	(' CAB3140', 'Bubblestar', 5, 3, 'HP Cars', 'Non Key', 'Non Hanger', 3),
	(' CAB3141', 'Bubblestar', 5, 3, 'HP Elemo', 'Non Key', 'Non Hanger', 6),
	(' CAB3142', 'Bubblestar', 5, 3, 'HP Elemo', 'Non Key', 'Non Hanger', 7),
	(' CAB3143', 'Bubblestar', 5, 3, 'HP Frozen Clasic', 'Non Key', 'Non Hanger', 11),
	(' CAB3144', 'Bubblestar', 5, 3, 'HP Frozen Clasic', 'Non Key', 'Non Hanger', 7),
	(' CAB3145', 'Bubblestar', 5, 3, 'HP Frozen Modern', 'Non Key', 'Non Hanger', 11),
	(' CAB3146', 'Bubblestar', 5, 3, 'HP Frozen Modern', 'Non Key', 'Non Hanger', 7),
	(' CAB3147', 'Bubblestar', 5, 3, 'HP Hexa Full', 'Non Key', 'Non Hanger', 7),
	(' CAB3148', 'Bubblestar', 5, 3, 'HP Hexa Full', 'Non Key', 'Non Hanger', 6),
	(' CAB3149', 'Bubblestar', 5, 3, 'HP Hexa Full', 'Non Key', 'Non Hanger', 3),
	(' CAB3150', 'Bubblestar', 5, 3, 'HP Hexa Full', 'Non Key', 'Non Hanger', 11),
	(' CAB3151', 'Bubblestar', 5, 3, 'HP Hexa Full', 'Non Key', 'Non Hanger', 13),
	(' CAB3152', 'Bubblestar', 5, 3, 'HP Hexa Mix', 'Non Key', 'Non Hanger', 7),
	(' CAB3153', 'Bubblestar', 5, 3, 'HP Hexa Mix', 'Non Key', 'Non Hanger', 6),
	(' CAB3154', 'Bubblestar', 5, 3, 'HP Hexa Mix', 'Non Key', 'Non Hanger', 3),
	(' CAB3155', 'Bubblestar', 5, 3, 'HP Hexa Mix', 'Non Key', 'Non Hanger', 11),
	(' CAB3156', 'Bubblestar', 5, 3, 'HP Hexa Mix', 'Non Key', 'Non Hanger', 13),
	(' CAB3157', 'Bubblestar', 5, 3, 'HP Hexa Mix C1', 'Non Key', 'Non Hanger', 7),
	(' CAB3158', 'Bubblestar', 5, 3, 'HP Hexa Mix C1', 'Non Key', 'Non Hanger', 13),
	(' CAB3159', 'Bubblestar', 5, 3, 'HP Hexa Mix C1', 'Non Key', 'Non Hanger', 3),
	(' CAB3160', 'Bubblestar', 5, 3, 'HP Marsha', 'Non Key', 'Non Hanger', 11),
	(' CAB3161', 'Bubblestar', 5, 3, 'HP Minion', 'Non Key', 'Non Hanger', 6),
	(' CAB3162', 'Bubblestar', 5, 3, 'HP Minion', 'Non Key', 'Non Hanger', 7),
	(' CAB3163', 'Bubblestar', 5, 3, 'HP Miniponi', 'Non Key', 'Non Hanger', 6),
	(' CAB3164', 'Bubblestar', 5, 3, 'HP Miniponi', 'Non Key', 'Non Hanger', 11),
	(' CAB3165', 'Bubblestar', 5, 3, 'HP Pikachu', 'Non Key', 'Non Hanger', 6),
	(' CAB3166', 'Bubblestar', 5, 3, 'HP Pocoyo', 'Non Key', 'Non Hanger', 7),
	(' CAB3167', 'Bubblestar', 5, 3, 'HP Pocoyo', 'Non Key', 'Non Hanger', 6),
	(' CAB3168', 'Bubblestar', 5, 3, 'HP Pocoyo', 'Non Key', 'Non Hanger', 11),
	(' CAB3169', 'Bubblestar', 5, 3, 'HP Pororo', 'Non Key', 'Non Hanger', 7),
	(' CAB3170', 'Bubblestar', 5, 3, 'HP Pororo', 'Non Key', 'Non Hanger', 6),
	(' CAB3171', 'Bubblestar', 5, 3, 'HP Pororo', 'Non Key', 'Non Hanger', 11),
	(' CAB3172', 'Bubblestar', 5, 3, 'HP Princes', 'Non Key', 'Non Hanger', 11),
	(' CAB3173', 'Bubblestar', 5, 3, 'HP Rotan Full', 'Non Key', 'Non Hanger', 7),
	(' CAB3174', 'Bubblestar', 5, 3, 'HP Rotan Full', 'Non Key', 'Non Hanger', 6),
	(' CAB3175', 'Bubblestar', 5, 3, 'HP Rotan Full', 'Non Key', 'Non Hanger', 3),
	(' CAB3176', 'Bubblestar', 5, 3, 'HP Rotan Full', 'Non Key', 'Non Hanger', 11),
	(' CAB3177', 'Bubblestar', 5, 3, 'HP Rotan Full', 'Non Key', 'Non Hanger', 13),
	(' CAB3178', 'Bubblestar', 5, 3, 'HP Rotan Mix', 'Non Key', 'Non Hanger', 7),
	(' CAB3179', 'Bubblestar', 5, 3, 'HP Rotan Mix', 'Non Key', 'Non Hanger', 6),
	(' CAB3180', 'Bubblestar', 5, 3, 'HP Rotan Mix', 'Non Key', 'Non Hanger', 3),
	(' CAB3181', 'Bubblestar', 5, 3, 'HP Rotan Mix', 'Non Key', 'Non Hanger', 11),
	(' CAB3182', 'Bubblestar', 5, 3, 'HP Rotan Mix', 'Non Key', 'Non Hanger', 13),
	(' CAB3183', 'Bubblestar', 5, 3, 'HP Rotan Mix C1', 'Non Key', 'Non Hanger', 13),
	(' CAB3184', 'Bubblestar', 5, 3, 'HP Rotan Mix C1', 'Non Key', 'Non Hanger', 7),
	(' CAB3185', 'Bubblestar', 5, 3, 'HP Rotan Mix C1', 'Non Key', 'Non Hanger', 3),
	(' CAB3186', 'Bubblestar', 5, 3, 'HP Rotan Mix C1', 'Non Key', 'Non Hanger', 6),
	(' CAB3187', 'Bubblestar', 5, 3, 'HP Snowhite', 'Non Key', 'Non Hanger', 11),
	(' CAB3188', 'Bubblestar', 5, 3, 'HP Stargirls Clasik', 'Non Key', 'Non Hanger', 11),
	(' CAB3189', 'Bubblestar', 5, 3, 'HP Stargirls Modern', 'Non Key', 'Non Hanger', 11),
	(' CAB3190', 'Bubblestar', 5, 3, 'HP Thomas', 'Non Key', 'Non Hanger', 7),
	(' CAB3191', 'Bubblestar', 5, 3, 'HP Thomas', 'Non Key', 'Non Hanger', 6),
	(' CAB3192', 'Bubblestar', 5, 3, 'HP Thomas', 'Non Key', 'Non Hanger', 3),
	(' CAB3193', 'Bubblestar', 5, 3, 'HP Transformers', 'Non Key', 'Non Hanger', 7),
	(' CAB3194', 'Bubblestar', 5, 3, 'HP Transformers', 'Non Key', 'Non Hanger', 6),
	(' CAB3195', 'Bubblestar', 5, 3, 'HP Transformers', 'Non Key', 'Non Hanger', 3),
	(' CAB3196', 'Bubblestar', 5, 3, 'Pocoyo Black', 'Non Key', 'Non Hanger', 11),
	(' CAB4001', 'Bubblestar', 5, 4, '3D Donal & Dessy', 'Key', 'Non Hanger', 7),
	(' CAB4002', 'Bubblestar', 5, 4, '3D Donal & Dessy', 'Key', 'Non Hanger', 6),
	(' CAB4003', 'Bubblestar', 5, 4, '3D Donal & Dessy', 'Key', 'Non Hanger', 3),
	(' CAB4004', 'Bubblestar', 5, 4, '3D Donal & Dessy', 'Key', 'Non Hanger', 11),
	(' CAB4005', 'Bubblestar', 5, 4, '3D Ester & Bunny', 'Key', 'Non Hanger', 7),
	(' CAB4006', 'Bubblestar', 5, 4, '3D Ester & Bunny', 'Key', 'Non Hanger', 6),
	(' CAB4007', 'Bubblestar', 5, 4, '3D Ester & Bunny', 'Key', 'Non Hanger', 3),
	(' CAB4008', 'Bubblestar', 5, 4, '3D Ester & Bunny', 'Key', 'Non Hanger', 11),
	(' CAB4009', 'Bubblestar', 5, 4, '3D Litle Duck & Cat', 'Key', 'Non Hanger', 7),
	(' CAB4010', 'Bubblestar', 5, 4, '3D Litle Duck & Cat', 'Key', 'Non Hanger', 6),
	(' CAB4011', 'Bubblestar', 5, 4, '3D Litle Duck & Cat', 'Key', 'Non Hanger', 3),
	(' CAB4012', 'Bubblestar', 5, 4, '3D Litle Duck & Cat', 'Key', 'Non Hanger', 11),
	(' CAB4013', 'Bubblestar', 5, 4, '3D Panda (Juju Jojo)', 'Key', 'Non Hanger', 7),
	(' CAB4014', 'Bubblestar', 5, 4, '3D Panda (Juju Jojo)', 'Key', 'Non Hanger', 6),
	(' CAB4015', 'Bubblestar', 5, 4, '3D Panda (Juju Jojo)', 'Key', 'Non Hanger', 3),
	(' CAB4016', 'Bubblestar', 5, 4, '3D Panda (Juju Jojo)', 'Key', 'Non Hanger', 11),
	(' CAB4017', 'Bubblestar', 5, 4, '3D Popeye & Olive', 'Key', 'Non Hanger', 7),
	(' CAB4018', 'Bubblestar', 5, 4, '3D Popeye & Olive', 'Key', 'Non Hanger', 6),
	(' CAB4019', 'Bubblestar', 5, 4, '3D Popeye & Olive', 'Key', 'Non Hanger', 3),
	(' CAB4020', 'Bubblestar', 5, 4, '3D Popeye & Olive', 'Key', 'Non Hanger', 11),
	(' CAB4021', 'Bubblestar', 5, 4, '3D Sonic & Amy', 'Key', 'Non Hanger', 7),
	(' CAB4022', 'Bubblestar', 5, 4, '3D Sonic & Amy', 'Key', 'Non Hanger', 6),
	(' CAB4023', 'Bubblestar', 5, 4, '3D Sonic & Amy', 'Key', 'Non Hanger', 3),
	(' CAB4024', 'Bubblestar', 5, 4, '3D Spongbob & Patrick', 'Key', 'Non Hanger', 7),
	(' CAB4025', 'Bubblestar', 5, 4, '3D Spongbob & Patrick', 'Key', 'Non Hanger', 6),
	(' CAB4026', 'Bubblestar', 5, 4, '3D Spongbob & Patrick', 'Key', 'Non Hanger', 3),
	(' CAB4027', 'Bubblestar', 5, 4, '3D Spongbob & Patrick', 'Key', 'Non Hanger', 11),
	(' CAB4028', 'Bubblestar', 5, 4, '3D Tazmania & Bird', 'Key', 'Non Hanger', 7),
	(' CAB4029', 'Bubblestar', 5, 4, '3D Tazmania & Bird', 'Key', 'Non Hanger', 6),
	(' CAB4030', 'Bubblestar', 5, 4, '3D Tazmania & Bird', 'Key', 'Non Hanger', 3),
	(' CAB4031', 'Bubblestar', 5, 4, 'HP Ariel', 'Key', 'Non Hanger', 11),
	(' CAB4032', 'Bubblestar', 5, 4, 'HP Ariel', 'Key', 'Non Hanger', 6),
	(' CAB4033', 'Bubblestar', 5, 4, 'HP Batik 01 Flowers', 'Key', 'Non Hanger', 6),
	(' CAB4034', 'Bubblestar', 5, 4, 'HP Batik 02 Flowers', 'Key', 'Non Hanger', 13),
	(' CAB4035', 'Bubblestar', 5, 4, 'HP Batik 03 Diamond', 'Key', 'Non Hanger', 13),
	(' CAB4036', 'Bubblestar', 5, 4, 'HP Big Hero', 'Key', 'Non Hanger', 7),
	(' CAB4037', 'Bubblestar', 5, 4, 'HP Big Hero', 'Key', 'Non Hanger', 6),
	(' CAB4038', 'Bubblestar', 5, 4, 'HP Big Hero', 'Key', 'Non Hanger', 3),
	(' CAB4039', 'Bubblestar', 5, 4, 'HP Boboboy', 'Key', 'Non Hanger', 7),
	(' CAB4040', 'Bubblestar', 5, 4, 'HP Cars', 'Key', 'Non Hanger', 7),
	(' CAB4041', 'Bubblestar', 5, 4, 'HP Cars', 'Key', 'Non Hanger', 6),
	(' CAB4042', 'Bubblestar', 5, 4, 'HP Cars', 'Key', 'Non Hanger', 3),
	(' CAB4043', 'Bubblestar', 5, 4, 'HP Elemo', 'Key', 'Non Hanger', 6),
	(' CAB4044', 'Bubblestar', 5, 4, 'HP Elemo', 'Key', 'Non Hanger', 7),
	(' CAB4045', 'Bubblestar', 5, 4, 'HP Frozen Clasic', 'Key', 'Non Hanger', 11),
	(' CAB4046', 'Bubblestar', 5, 4, 'HP Frozen Clasic', 'Key', 'Non Hanger', 7),
	(' CAB4047', 'Bubblestar', 5, 4, 'HP Frozen Modern', 'Key', 'Non Hanger', 11),
	(' CAB4048', 'Bubblestar', 5, 4, 'HP Frozen Modern', 'Key', 'Non Hanger', 7),
	(' CAB4049', 'Bubblestar', 5, 4, 'HP Hexa Full', 'Key', 'Non Hanger', 7),
	(' CAB4050', 'Bubblestar', 5, 4, 'HP Hexa Full', 'Key', 'Non Hanger', 6),
	(' CAB4051', 'Bubblestar', 5, 4, 'HP Hexa Full', 'Key', 'Non Hanger', 3),
	(' CAB4052', 'Bubblestar', 5, 4, 'HP Hexa Full', 'Key', 'Non Hanger', 11),
	(' CAB4053', 'Bubblestar', 5, 4, 'HP Hexa Full', 'Key', 'Non Hanger', 13),
	(' CAB4054', 'Bubblestar', 5, 4, 'HP Hexa Mix', 'Key', 'Non Hanger', 7),
	(' CAB4055', 'Bubblestar', 5, 4, 'HP Hexa Mix', 'Key', 'Non Hanger', 6),
	(' CAB4056', 'Bubblestar', 5, 4, 'HP Hexa Mix', 'Key', 'Non Hanger', 3),
	(' CAB4057', 'Bubblestar', 5, 4, 'HP Hexa Mix', 'Key', 'Non Hanger', 11),
	(' CAB4058', 'Bubblestar', 5, 4, 'HP Hexa Mix', 'Key', 'Non Hanger', 13),
	(' CAB4059', 'Bubblestar', 5, 4, 'HP Hexa Mix C1', 'Key', 'Non Hanger', 7),
	(' CAB4060', 'Bubblestar', 5, 4, 'HP Hexa Mix C1', 'Key', 'Non Hanger', 6),
	(' CAB4061', 'Bubblestar', 5, 4, 'HP Hexa Mix C1', 'Key', 'Non Hanger', 3),
	(' CAB4062', 'Bubblestar', 5, 4, 'HP Hexa Mix C1', 'Key', 'Non Hanger', 13),
	(' CAB4063', 'Bubblestar', 5, 4, 'HP Marsha', 'Key', 'Non Hanger', 11),
	(' CAB4064', 'Bubblestar', 5, 4, 'HP Minion', 'Key', 'Non Hanger', 6),
	(' CAB4065', 'Bubblestar', 5, 4, 'HP Minion', 'Key', 'Non Hanger', 7),
	(' CAB4066', 'Bubblestar', 5, 4, 'HP Miniponi', 'Key', 'Non Hanger', 6),
	(' CAB4067', 'Bubblestar', 5, 4, 'HP Miniponi', 'Key', 'Non Hanger', 11),
	(' CAB4068', 'Bubblestar', 5, 4, 'HP Pikachu', 'Key', 'Non Hanger', 5),
	(' CAB4069', 'Bubblestar', 5, 4, 'HP Pocoyo', 'Key', 'Non Hanger', 7),
	(' CAB4070', 'Bubblestar', 5, 4, 'HP Pocoyo', 'Key', 'Non Hanger', 6),
	(' CAB4071', 'Bubblestar', 5, 4, 'HP Pocoyo', 'Key', 'Non Hanger', 11),
	(' CAB4072', 'Bubblestar', 5, 4, 'HP Pororo', 'Key', 'Non Hanger', 7),
	(' CAB4073', 'Bubblestar', 5, 4, 'HP Pororo', 'Key', 'Non Hanger', 6),
	(' CAB4074', 'Bubblestar', 5, 4, 'HP Pororo', 'Key', 'Non Hanger', 11),
	(' CAB4075', 'Bubblestar', 5, 4, 'HP Princes', 'Key', 'Non Hanger', 11),
	(' CAB4076', 'Bubblestar', 5, 4, 'HP Rotan Full', 'Key', 'Non Hanger', 7),
	(' CAB4077', 'Bubblestar', 5, 4, 'HP Rotan Full', 'Key', 'Non Hanger', 6),
	(' CAB4078', 'Bubblestar', 5, 4, 'HP Rotan Full', 'Key', 'Non Hanger', 3),
	(' CAB4079', 'Bubblestar', 5, 4, 'HP Rotan Full', 'Key', 'Non Hanger', 11),
	(' CAB4080', 'Bubblestar', 5, 4, 'HP Rotan Full', 'Key', 'Non Hanger', 13),
	(' CAB4081', 'Bubblestar', 5, 4, 'HP Rotan Mix', 'Key', 'Non Hanger', 7),
	(' CAB4082', 'Bubblestar', 5, 4, 'HP Rotan Mix', 'Key', 'Non Hanger', 6),
	(' CAB4083', 'Bubblestar', 5, 4, 'HP Rotan Mix', 'Key', 'Non Hanger', 3),
	(' CAB4084', 'Bubblestar', 5, 4, 'HP Rotan Mix', 'Key', 'Non Hanger', 11),
	(' CAB4085', 'Bubblestar', 5, 4, 'HP Rotan Mix', 'Key', 'Non Hanger', 13),
	(' CAB4086', 'Bubblestar', 5, 4, 'HP Rotan Mix C1', 'Key', 'Non Hanger', 7),
	(' CAB4087', 'Bubblestar', 5, 4, 'HP Rotan Mix C1', 'Key', 'Non Hanger', 6),
	(' CAB4088', 'Bubblestar', 5, 4, 'HP Rotan Mix C1', 'Key', 'Non Hanger', 3),
	(' CAB4089', 'Bubblestar', 5, 4, 'HP Rotan Mix C1', 'Key', 'Non Hanger', 13),
	(' CAB4090', 'Bubblestar', 5, 4, 'HP Snowhite', 'Key', 'Non Hanger', 11),
	(' CAB4091', 'Bubblestar', 5, 4, 'HP Stargirls Clasik', 'Key', 'Non Hanger', 11),
	(' CAB4092', 'Bubblestar', 5, 4, 'HP Stargirls Modern', 'Key', 'Non Hanger', 11),
	(' CAB4093', 'Bubblestar', 5, 4, 'HP Thomas', 'Key', 'Non Hanger', 7),
	(' CAB4094', 'Bubblestar', 5, 4, 'HP Thomas', 'Key', 'Non Hanger', 6),
	(' CAB4095', 'Bubblestar', 5, 4, 'HP Thomas', 'Key', 'Non Hanger', 3),
	(' CAB4096', 'Bubblestar', 5, 4, 'HP Transformers', 'Key', 'Non Hanger', 7),
	(' CAB4097', 'Bubblestar', 5, 4, 'HP Transformers', 'Key', 'Non Hanger', 6),
	(' CAB4098', 'Bubblestar', 5, 4, 'HP Transformers', 'Key', 'Non Hanger', 3),
	(' CAB4099', 'Bubblestar', 5, 4, 'Doraemon Bola', 'Key', 'Non Hanger', 3),
	(' CAB4100', 'Bubblestar', 5, 4, 'Doraemon Pedang', 'Key', 'Non Hanger', 7),
	(' CAB4101', 'Bubblestar', 5, 4, 'DP ', 'Key', 'Non Hanger', 3),
	(' CAB4102', 'Bubblestar', 5, 4, '3D Donal & Dessy', 'Non Key', 'Non Hanger', 7),
	(' CAB4103', 'Bubblestar', 5, 4, '3D Donal & Dessy', 'Non Key', 'Non Hanger', 6),
	(' CAB4104', 'Bubblestar', 5, 4, '3D Donal & Dessy', 'Non Key', 'Non Hanger', 3),
	(' CAB4105', 'Bubblestar', 5, 4, '3D Donal & Dessy', 'Non Key', 'Non Hanger', 11),
	(' CAB4106', 'Bubblestar', 5, 4, '3D Ester & Bunny', 'Non Key', 'Non Hanger', 7),
	(' CAB4107', 'Bubblestar', 5, 4, '3D Ester & Bunny', 'Non Key', 'Non Hanger', 6),
	(' CAB4108', 'Bubblestar', 5, 4, '3D Ester & Bunny', 'Non Key', 'Non Hanger', 3),
	(' CAB4109', 'Bubblestar', 5, 4, '3D Ester & Bunny', 'Non Key', 'Non Hanger', 11),
	(' CAB4110', 'Bubblestar', 5, 4, '3D Litle Duck & Cat', 'Non Key', 'Non Hanger', 7),
	(' CAB4111', 'Bubblestar', 5, 4, '3D Litle Duck & Cat', 'Non Key', 'Non Hanger', 6),
	(' CAB4112', 'Bubblestar', 5, 4, '3D Litle Duck & Cat', 'Non Key', 'Non Hanger', 3),
	(' CAB4113', 'Bubblestar', 5, 4, '3D Litle Duck & Cat', 'Non Key', 'Non Hanger', 11),
	(' CAB4114', 'Bubblestar', 5, 4, '3D Panda (Juju Jojo)', 'Non Key', 'Non Hanger', 7),
	(' CAB4115', 'Bubblestar', 5, 4, '3D Panda (Juju Jojo)', 'Non Key', 'Non Hanger', 6),
	(' CAB4116', 'Bubblestar', 5, 4, '3D Panda (Juju Jojo)', 'Non Key', 'Non Hanger', 3),
	(' CAB4117', 'Bubblestar', 5, 4, '3D Panda (Juju Jojo)', 'Non Key', 'Non Hanger', 11),
	(' CAB4118', 'Bubblestar', 5, 4, '3D Popeye & Olive', 'Non Key', 'Non Hanger', 7),
	(' CAB4119', 'Bubblestar', 5, 4, '3D Popeye & Olive', 'Non Key', 'Non Hanger', 6),
	(' CAB4120', 'Bubblestar', 5, 4, '3D Popeye & Olive', 'Non Key', 'Non Hanger', 3),
	(' CAB4121', 'Bubblestar', 5, 4, '3D Popeye & Olive', 'Non Key', 'Non Hanger', 11),
	(' CAB4122', 'Bubblestar', 5, 4, '3D Sonic & Amy', 'Non Key', 'Non Hanger', 7),
	(' CAB4123', 'Bubblestar', 5, 4, '3D Sonic & Amy', 'Non Key', 'Non Hanger', 6),
	(' CAB4124', 'Bubblestar', 5, 4, '3D Sonic & Amy', 'Non Key', 'Non Hanger', 3),
	(' CAB4125', 'Bubblestar', 5, 4, '3D Spongbob & Patrick', 'Non Key', 'Non Hanger', 7),
	(' CAB4126', 'Bubblestar', 5, 4, '3D Spongbob & Patrick', 'Non Key', 'Non Hanger', 6),
	(' CAB4127', 'Bubblestar', 5, 4, '3D Spongbob & Patrick', 'Non Key', 'Non Hanger', 3),
	(' CAB4128', 'Bubblestar', 5, 4, '3D Spongbob & Patrick', 'Non Key', 'Non Hanger', 11),
	(' CAB4129', 'Bubblestar', 5, 4, '3D Tazmania & Bird', 'Non Key', 'Non Hanger', 7),
	(' CAB4130', 'Bubblestar', 5, 4, '3D Tazmania & Bird', 'Non Key', 'Non Hanger', 6),
	(' CAB4131', 'Bubblestar', 5, 4, '3D Tazmania & Bird', 'Non Key', 'Non Hanger', 3),
	(' CAB4132', 'Bubblestar', 5, 4, 'HP Ariel', 'Non Key', 'Non Hanger', 11),
	(' CAB4133', 'Bubblestar', 5, 4, 'HP Ariel', 'Non Key', 'Non Hanger', 6),
	(' CAB4134', 'Bubblestar', 5, 4, 'HP Batik 01 Flowers', 'Non Key', 'Non Hanger', 6),
	(' CAB4135', 'Bubblestar', 5, 4, 'HP Batik 02 Flowers', 'Non Key', 'Non Hanger', 13),
	(' CAB4136', 'Bubblestar', 5, 4, 'HP Batik 03 Diamond', 'Non Key', 'Non Hanger', 13),
	(' CAB4137', 'Bubblestar', 5, 4, 'HP Big Hero', 'Non Key', 'Non Hanger', 7),
	(' CAB4138', 'Bubblestar', 5, 4, 'HP Big Hero', 'Non Key', 'Non Hanger', 6),
	(' CAB4139', 'Bubblestar', 5, 4, 'HP Big Hero', 'Non Key', 'Non Hanger', 3),
	(' CAB4140', 'Bubblestar', 5, 4, 'HP Boboboy', 'Non Key', 'Non Hanger', 7),
	(' CAB4141', 'Bubblestar', 5, 4, 'HP Cars', 'Non Key', 'Non Hanger', 7),
	(' CAB4142', 'Bubblestar', 5, 4, 'HP Cars', 'Non Key', 'Non Hanger', 6),
	(' CAB4143', 'Bubblestar', 5, 4, 'HP Cars', 'Non Key', 'Non Hanger', 3),
	(' CAB4144', 'Bubblestar', 5, 4, 'HP Elemo', 'Non Key', 'Non Hanger', 6),
	(' CAB4145', 'Bubblestar', 5, 4, 'HP Elemo', 'Non Key', 'Non Hanger', 7),
	(' CAB4146', 'Bubblestar', 5, 4, 'HP Frozen Clasic', 'Non Key', 'Non Hanger', 11),
	(' CAB4147', 'Bubblestar', 5, 4, 'HP Frozen Clasic', 'Non Key', 'Non Hanger', 7),
	(' CAB4148', 'Bubblestar', 5, 4, 'HP Frozen Modern', 'Non Key', 'Non Hanger', 11),
	(' CAB4149', 'Bubblestar', 5, 4, 'HP Frozen Modern', 'Non Key', 'Non Hanger', 7),
	(' CAB4150', 'Bubblestar', 5, 4, 'HP Hexa Full', 'Non Key', 'Non Hanger', 7),
	(' CAB4151', 'Bubblestar', 5, 4, 'HP Hexa Full', 'Non Key', 'Non Hanger', 6),
	(' CAB4152', 'Bubblestar', 5, 4, 'HP Hexa Full', 'Non Key', 'Non Hanger', 3),
	(' CAB4153', 'Bubblestar', 5, 4, 'HP Hexa Full', 'Non Key', 'Non Hanger', 11),
	(' CAB4154', 'Bubblestar', 5, 4, 'HP Hexa Full', 'Non Key', 'Non Hanger', 13),
	(' CAB4155', 'Bubblestar', 5, 4, 'HP Hexa Mix', 'Non Key', 'Non Hanger', 7),
	(' CAB4156', 'Bubblestar', 5, 4, 'HP Hexa Mix', 'Non Key', 'Non Hanger', 6),
	(' CAB4157', 'Bubblestar', 5, 4, 'HP Hexa Mix', 'Non Key', 'Non Hanger', 3),
	(' CAB4158', 'Bubblestar', 5, 4, 'HP Hexa Mix', 'Non Key', 'Non Hanger', 11),
	(' CAB4159', 'Bubblestar', 5, 4, 'HP Hexa Mix', 'Non Key', 'Non Hanger', 13),
	(' CAB4160', 'Bubblestar', 5, 4, 'HP Hexa Mix C1', 'Non Key', 'Non Hanger', 7),
	(' CAB4161', 'Bubblestar', 5, 4, 'HP Hexa Mix C1', 'Non Key', 'Non Hanger', 6),
	(' CAB4162', 'Bubblestar', 5, 4, 'HP Hexa Mix C1', 'Non Key', 'Non Hanger', 3),
	(' CAB4163', 'Bubblestar', 5, 4, 'HP Hexa Mix C1', 'Non Key', 'Non Hanger', 13),
	(' CAB4164', 'Bubblestar', 5, 4, 'HP Marsha', 'Non Key', 'Non Hanger', 11),
	(' CAB4165', 'Bubblestar', 5, 4, 'HP Minion', 'Non Key', 'Non Hanger', 6),
	(' CAB4166', 'Bubblestar', 5, 4, 'HP Minion', 'Non Key', 'Non Hanger', 7),
	(' CAB4167', 'Bubblestar', 5, 4, 'HP Miniponi', 'Non Key', 'Non Hanger', 6),
	(' CAB4168', 'Bubblestar', 5, 4, 'HP Miniponi', 'Non Key', 'Non Hanger', 11),
	(' CAB4169', 'Bubblestar', 5, 4, 'HP Pikachu', 'Non Key', 'Non Hanger', 5),
	(' CAB4170', 'Bubblestar', 5, 4, 'HP Pocoyo', 'Non Key', 'Non Hanger', 7),
	(' CAB4171', 'Bubblestar', 5, 4, 'HP Pocoyo', 'Non Key', 'Non Hanger', 6),
	(' CAB4172', 'Bubblestar', 5, 4, 'HP Pocoyo', 'Non Key', 'Non Hanger', 11),
	(' CAB4173', 'Bubblestar', 5, 4, 'HP Pororo', 'Non Key', 'Non Hanger', 7),
	(' CAB4174', 'Bubblestar', 5, 4, 'HP Pororo', 'Non Key', 'Non Hanger', 6),
	(' CAB4175', 'Bubblestar', 5, 4, 'HP Pororo', 'Non Key', 'Non Hanger', 11),
	(' CAB4176', 'Bubblestar', 5, 4, 'HP Princes', 'Non Key', 'Non Hanger', 11),
	(' CAB4177', 'Bubblestar', 5, 4, 'HP Rotan Full', 'Non Key', 'Non Hanger', 7),
	(' CAB4178', 'Bubblestar', 5, 4, 'HP Rotan Full', 'Non Key', 'Non Hanger', 6),
	(' CAB4179', 'Bubblestar', 5, 4, 'HP Rotan Full', 'Non Key', 'Non Hanger', 3),
	(' CAB4180', 'Bubblestar', 5, 4, 'HP Rotan Full', 'Non Key', 'Non Hanger', 11),
	(' CAB4181', 'Bubblestar', 5, 4, 'HP Rotan Full', 'Non Key', 'Non Hanger', 13),
	(' CAB4182', 'Bubblestar', 5, 4, 'HP Rotan Mix', 'Non Key', 'Non Hanger', 7),
	(' CAB4183', 'Bubblestar', 5, 4, 'HP Rotan Mix', 'Non Key', 'Non Hanger', 6),
	(' CAB4184', 'Bubblestar', 5, 4, 'HP Rotan Mix', 'Non Key', 'Non Hanger', 3),
	(' CAB4185', 'Bubblestar', 5, 4, 'HP Rotan Mix', 'Non Key', 'Non Hanger', 11),
	(' CAB4186', 'Bubblestar', 5, 4, 'HP Rotan Mix', 'Non Key', 'Non Hanger', 13),
	(' CAB4187', 'Bubblestar', 5, 4, 'HP Rotan Mix C1', 'Non Key', 'Non Hanger', 7),
	(' CAB4188', 'Bubblestar', 5, 4, 'HP Rotan Mix C1', 'Non Key', 'Non Hanger', 6),
	(' CAB4189', 'Bubblestar', 5, 4, 'HP Rotan Mix C1', 'Non Key', 'Non Hanger', 3),
	(' CAB4190', 'Bubblestar', 5, 4, 'HP Rotan Mix C1', 'Non Key', 'Non Hanger', 13),
	(' CAB4191', 'Bubblestar', 5, 4, 'HP Snowhite', 'Non Key', 'Non Hanger', 11),
	(' CAB4192', 'Bubblestar', 5, 4, 'HP Stargirls Clasik', 'Non Key', 'Non Hanger', 11),
	(' CAB4193', 'Bubblestar', 5, 4, 'HP Stargirls Modern', 'Non Key', 'Non Hanger', 11),
	(' CAB4194', 'Bubblestar', 5, 4, 'HP Thomas', 'Non Key', 'Non Hanger', 7),
	(' CAB4195', 'Bubblestar', 5, 4, 'HP Thomas', 'Non Key', 'Non Hanger', 6),
	(' CAB4196', 'Bubblestar', 5, 4, 'HP Thomas', 'Non Key', 'Non Hanger', 3),
	(' CAB4197', 'Bubblestar', 5, 4, 'HP Transformers', 'Non Key', 'Non Hanger', 7),
	(' CAB4198', 'Bubblestar', 5, 4, 'HP Transformers', 'Non Key', 'Non Hanger', 6),
	(' CAB4199', 'Bubblestar', 5, 4, 'HP Transformers', 'Non Key', 'Non Hanger', 3),
	(' CAB4200', 'Bubblestar', 5, 4, 'Doraemon Bola', 'Non Key', 'Non Hanger', 3),
	(' CAB4201', 'Bubblestar', 5, 4, 'Doraemon Pedang', 'Non Key', 'Non Hanger', 7),
	(' CAB4202', 'Bubblestar', 5, 4, 'DP ', 'Non Key', 'Non Hanger', 3),
	(' DRN3001', '', 6, 3, 'HP Pocoyo', 'Key', 'Non Hanger', 7),
	(' DRN3002', '', 6, 3, 'HP Transformers', 'Key', 'Non Hanger', 7),
	(' DRN3003', '', 6, 3, 'HP Thomas', 'Key', 'Non Hanger', 7),
	(' DRN3004', '', 6, 3, 'HP Pocoyo', 'Key', 'Non Hanger', 11),
	(' DRN3005', '', 6, 3, 'HP Pororo', 'Key', 'Non Hanger', 11),
	(' DRN4001', 'Bubblestar', 6, 4, '3D Litle Duck & Cat', 'Key', 'Non Hanger', 7),
	(' DRN4002', 'Bubblestar', 6, 4, '3D Litle Duck & Cat', 'Key', 'Non Hanger', 6),
	(' DRN4003', 'Bubblestar', 6, 4, '3D Litle Duck & Cat', 'Key', 'Non Hanger', 11),
	(' DRN4004', 'Bubblestar', 6, 4, 'HP Ariel', 'Key', 'Non Hanger', 10),
	(' DRN4005', 'Bubblestar', 6, 4, 'HP Batik 00', 'Key', 'Non Hanger', 13),
	(' DRN4006', 'Bubblestar', 6, 4, 'HP Batik 01 Flowers', 'Key', 'Non Hanger', 6),
	(' DRN4007', 'Bubblestar', 6, 4, 'HP Batik 02 Flowers', 'Key', 'Non Hanger', 13),
	(' DRN4008', 'Bubblestar', 6, 4, 'HP Batik 03 Diamond', 'Key', 'Non Hanger', 13),
	(' DRN4009', 'Bubblestar', 6, 4, 'HP Big Hero', 'Key', 'Non Hanger', 7),
	(' DRN4010', 'Bubblestar', 6, 4, 'HP Elemo', 'Key', 'Non Hanger', 6),
	(' DRN4011', 'Bubblestar', 6, 4, 'HP Marsha', 'Key', 'Non Hanger', 11),
	(' DRN4012', 'Bubblestar', 6, 4, 'HP Marsha', 'Key', 'Non Hanger', 7),
	(' DRN4013', 'Bubblestar', 6, 4, 'HP Miniponi', 'Key', 'Non Hanger', 6),
	(' DRN4014', 'Bubblestar', 6, 4, 'HP Pocoyo', 'Key', 'Non Hanger', 7),
	(' DRN4015', 'Bubblestar', 6, 4, 'HP Pororo', 'Key', 'Non Hanger', 7),
	(' DRN4016', 'Bubblestar', 6, 4, 'HP Snowhite', 'Key', 'Non Hanger', 11),
	(' DRN4017', 'Bubblestar', 6, 4, 'HP Stargirls Clasik', 'Key', 'Non Hanger', 11),
	(' DRN4018', 'Bubblestar', 6, 4, 'HP Stargirls Modern', 'Key', 'Non Hanger', 11),
	(' DRN4019', 'Bubblestar', 6, 4, 'HP Thomas', 'Key', 'Non Hanger', 7),
	(' DRN4020', 'Bubblestar', 6, 4, 'HP Transformers', 'Key', 'Non Hanger', 7),
	(' EDS3001', 'Yukari', 7, 3, 'Rotan', 'Key', 'Non Hanger', 14),
	(' EDS3002', 'Yukari', 7, 3, 'Rotan', 'Key', 'Non Hanger', 15),
	(' EDS3003', 'Yukari', 7, 3, 'Rotan', 'Key', 'Non Hanger', 6),
	(' EDS3004', 'Yukari', 7, 3, 'Rotan', 'Key', 'Non Hanger', 3),
	(' EDS3005', 'Yukari', 7, 3, 'Rotan', 'Key', 'Non Hanger', 7),
	(' EDS3006', 'Yukari', 7, 3, 'Rotan', 'Non Key', 'Non Hanger', 14),
	(' EDS3007', 'Yukari', 7, 3, 'Rotan', 'Non Key', 'Non Hanger', 15),
	(' EDS3008', 'Yukari', 7, 3, 'Rotan', 'Non Key', 'Non Hanger', 6),
	(' EDS3009', 'Yukari', 7, 3, 'Rotan', 'Non Key', 'Non Hanger', 3),
	(' EDS3010', 'Yukari', 7, 3, 'Rotan', 'Non Key', 'Non Hanger', 7),
	(' EDS4001', 'Yukari', 7, 4, 'Rotan', 'Key', 'Non Hanger', 14),
	(' EDS4002', 'Yukari', 7, 4, 'Rotan', 'Key', 'Non Hanger', 15),
	(' EDS4003', 'Yukari', 7, 4, 'Rotan', 'Key', 'Non Hanger', 6),
	(' EDS4004', 'Yukari', 7, 4, 'Rotan', 'Key', 'Non Hanger', 3),
	(' EDS4005', 'Yukari', 7, 4, 'Rotan', 'Key', 'Non Hanger', 7),
	(' EDS4006', 'Yukari', 7, 4, 'Rotan', 'Non Key', 'Non Hanger', 6),
	(' EDS4007', 'Yukari', 7, 4, 'Rotan', 'Non Key', 'Non Hanger', 3),
	(' EDS4008', 'Yukari', 7, 4, 'Rotan', 'Non Key', 'Non Hanger', 7),
	(' EDS4009', 'Yukari', 7, 4, 'Rotan', 'Non Key', 'Non Hanger', 15),
	(' EDS4010', 'Yukari', 7, 4, 'Rotan', 'Non Key', 'Non Hanger', 13),
	(' ELEG2001', 'Bubblestar', 9, 2, 'T2', 'Key', 'Non Hanger', 17),
	(' ELEG2002', 'Bubblestar', 9, 2, 'T2 C', 'Key', 'Non Hanger', 17),
	(' ELEG2003', 'Bubblestar', 9, 2, 'T2 KE', 'Key', 'Non Hanger', 17),
	(' ELEG2004', 'Bubblestar', 9, 2, 'T2 KF', 'Key', 'Non Hanger', 18),
	(' ELEG2005', 'Bubblestar', 9, 2, 'T2 KP', 'Key', 'Non Hanger', 17),
	(' ELEG2006', 'Bubblestar', 9, 2, 'T2L', 'Key', 'Non Hanger', 17),
	(' ELEG2007', 'Bubblestar', 9, 2, 'T2L C', 'Key', 'Non Hanger', 18),
	(' ELEG2008', 'Bubblestar', 9, 2, 'T2L KE', 'Key', 'Non Hanger', 18),
	(' ELEG2009', 'Bubblestar', 9, 2, 'T2L KF', 'Key', 'Non Hanger', 18),
	(' ELEG2010', 'Bubblestar', 9, 2, 'T2L KP', 'Key', 'Non Hanger', 18),
	(' ELEG2011', 'Bubblestar', 9, 2, 'T2', 'Non Key', 'Non Hanger', 17),
	(' ELEG2012', 'Bubblestar', 9, 2, 'T2 C', 'Non Key', 'Non Hanger', 18),
	(' ELEG2013', 'Bubblestar', 9, 2, 'T2 KE', 'Non Key', 'Non Hanger', 17),
	(' ELEG2014', 'Bubblestar', 9, 2, 'T2 KF', 'Non Key', 'Non Hanger', 18),
	(' ELEG2015', 'Bubblestar', 9, 2, 'T2 KP', 'Non Key', 'Non Hanger', 17),
	(' ELEG2016', 'Bubblestar', 9, 2, 'T2L', 'Non Key', 'Non Hanger', 17),
	(' ELEG2017', 'Bubblestar', 9, 2, 'T2L C', 'Non Key', 'Non Hanger', 18),
	(' ELEG2018', 'Bubblestar', 9, 2, 'T2L KE', 'Non Key', 'Non Hanger', 18),
	(' ELEG2019', 'Bubblestar', 9, 2, 'T2L KF', 'Non Key', 'Non Hanger', 18),
	(' ELEG2020', 'Bubblestar', 9, 2, 'T2L KP', 'Non Key', 'Non Hanger', 18),
	(' ELEG3001', 'Bubblestar', 9, 3, 'T3H', 'Key', 'Non Hanger', 17),
	(' ELEG3002', 'Bubblestar', 9, 3, 'T3H C', 'Key', 'Non Hanger', 18),
	(' ELEG3003', 'Bubblestar', 9, 3, 'T3H C', 'Key', 'Non Hanger', 19),
	(' ELEG3004', 'Bubblestar', 9, 3, 'T3H C', 'Key', 'Non Hanger', 20),
	(' ELEG3005', 'Bubblestar', 9, 3, 'T3H C', 'Key', 'Non Hanger', 17),
	(' ELEG3006', 'Bubblestar', 9, 3, 'T3H C1', 'Key', 'Non Hanger', 18),
	(' ELEG3007', 'Bubblestar', 9, 3, 'T3H C1', 'Key', 'Non Hanger', 20),
	(' ELEG3008', 'Bubblestar', 9, 3, 'T3H C1', 'Key', 'Non Hanger', 19),
	(' ELEG3009', 'Bubblestar', 9, 3, 'T3H KE', 'Key', 'Non Hanger', 17),
	(' ELEG3010', 'Bubblestar', 9, 3, 'T3H KF', 'Key', 'Non Hanger', 17),
	(' ELEG3011', 'Bubblestar', 9, 3, 'T3H KP', 'Key', 'Non Hanger', 18),
	(' ELEG3012', 'Bubblestar', 9, 3, 'T3H KP', 'Key', 'Non Hanger', 17),
	(' ELEG3013', 'Bubblestar', 9, 3, 'T3HL', 'Key', 'Non Hanger', 17),
	(' ELEG3014', 'Bubblestar', 9, 3, 'T3HL', 'Key', 'Non Hanger', 21),
	(' ELEG3015', 'Bubblestar', 9, 3, 'T3HL', 'Key', 'Non Hanger', 19),
	(' ELEG3016', 'Bubblestar', 9, 3, 'T3HL C', 'Key', 'Non Hanger', 18),
	(' ELEG3017', 'Bubblestar', 9, 3, 'T3HL C', 'Key', 'Non Hanger', 20),
	(' ELEG3018', 'Bubblestar', 9, 3, 'T3HL C', 'Key', 'Non Hanger', 21),
	(' ELEG3019', 'Bubblestar', 9, 3, 'T3HL C', 'Key', 'Non Hanger', 19),
	(' ELEG3020', 'Bubblestar', 9, 3, 'T3HL C1', 'Key', 'Non Hanger', 18),
	(' ELEG3021', 'Bubblestar', 9, 3, 'T3HL C1', 'Key', 'Non Hanger', 20),
	(' ELEG3022', 'Bubblestar', 9, 3, 'T3HL C1', 'Key', 'Non Hanger', 21),
	(' ELEG3023', 'Bubblestar', 9, 3, 'T3HL KE', 'Key', 'Non Hanger', 17),
	(' ELEG3024', 'Bubblestar', 9, 3, 'T3HL KF', 'Key', 'Non Hanger', 17),
	(' ELEG3025', 'Bubblestar', 9, 3, 'T3HL KP', 'Key', 'Non Hanger', 17),
	(' ELEG3026', 'Bubblestar', 9, 3, 'T3H', 'Non Key', 'Non Hanger', 17),
	(' ELEG3027', 'Bubblestar', 9, 3, 'T3H', 'Non Key', 'Non Hanger', 18),
	(' ELEG3028', 'Bubblestar', 9, 3, 'T3H C', 'Non Key', 'Non Hanger', 17),
	(' ELEG3029', 'Bubblestar', 9, 3, 'T3H C', 'Non Key', 'Non Hanger', 19),
	(' ELEG3030', 'Bubblestar', 9, 3, 'T3H C', 'Non Key', 'Non Hanger', 18),
	(' ELEG3031', 'Bubblestar', 9, 3, 'T3H C', 'Non Key', 'Non Hanger', 21),
	(' ELEG3032', 'Bubblestar', 9, 3, 'T3H C', 'Non Key', 'Non Hanger', 20),
	(' ELEG3033', 'Bubblestar', 9, 3, 'T3H C1', 'Non Key', 'Non Hanger', 19),
	(' ELEG3034', 'Bubblestar', 9, 3, 'T3H KE', 'Non Key', 'Non Hanger', 18),
	(' ELEG3035', 'Bubblestar', 9, 3, 'T3H KF', 'Non Key', 'Non Hanger', 18),
	(' ELEG3036', 'Bubblestar', 9, 3, 'T3H KP', 'Non Key', 'Non Hanger', 17),
	(' ELEG3037', 'Bubblestar', 9, 3, 'T3H KP', 'Non Key', 'Non Hanger', 18),
	(' ELEG3038', 'Bubblestar', 9, 3, 'T3HL', 'Non Key', 'Non Hanger', 17),
	(' ELEG3039', 'Bubblestar', 9, 3, 'T3HL', 'Non Key', 'Non Hanger', 18),
	(' ELEG3040', 'Bubblestar', 9, 3, 'T3HL', 'Non Key', 'Non Hanger', 19),
	(' ELEG3041', 'Bubblestar', 9, 3, 'T3HL', 'Non Key', 'Non Hanger', 20),
	(' ELEG3042', 'Bubblestar', 9, 3, 'T3HL C', 'Non Key', 'Non Hanger', 17),
	(' ELEG3043', 'Bubblestar', 9, 3, 'T3HL C', 'Non Key', 'Non Hanger', 18),
	(' ELEG3044', 'Bubblestar', 9, 3, 'T3HL C', 'Non Key', 'Non Hanger', 19),
	(' ELEG3045', 'Bubblestar', 9, 3, 'T3HL C1', 'Non Key', 'Non Hanger', 18),
	(' ELEG3046', 'Bubblestar', 9, 3, 'T3HL C1', 'Non Key', 'Non Hanger', 19),
	(' ELEG3047', 'Bubblestar', 9, 3, 'T3HL C1', 'Non Key', 'Non Hanger', 20),
	(' ELEG3048', 'Bubblestar', 9, 3, 'T3HL C', 'Non Key', 'Non Hanger', 20),
	(' ELEG3049', 'Bubblestar', 9, 3, 'T3HL KE', 'Non Key', 'Non Hanger', 17),
	(' ELEG3050', 'Bubblestar', 9, 3, 'T3HL KE', 'Non Key', 'Non Hanger', 18),
	(' ELEG3051', 'Bubblestar', 9, 3, 'T3HL KF', 'Non Key', 'Non Hanger', 18),
	(' ELEG3052', 'Bubblestar', 9, 3, 'T3HL KP', 'Non Key', 'Non Hanger', 20),
	(' ELEG3053', 'Bubblestar', 9, 3, 'T3HL KP', 'Non Key', 'Non Hanger', 17),
	(' ELEG4001', 'Bubblestar', 9, 4, 'T4', 'Key', 'Non Hanger', 17),
	(' ELEG4002', 'Bubblestar', 9, 4, 'T4', 'Key', 'Non Hanger', 19),
	(' ELEG4003', 'Bubblestar', 9, 4, 'T4 C', 'Key', 'Non Hanger', 18),
	(' ELEG4004', 'Bubblestar', 9, 4, 'T4 C', 'Key', 'Non Hanger', 20),
	(' ELEG4005', 'Bubblestar', 9, 4, 'T4 C', 'Key', 'Non Hanger', 19),
	(' ELEG4006', 'Bubblestar', 9, 4, 'T4 C', 'Key', 'Non Hanger', 17),
	(' ELEG4007', 'Bubblestar', 9, 4, 'T4 C1', 'Key', 'Non Hanger', 18),
	(' ELEG4008', 'Bubblestar', 9, 4, 'T4 C1', 'Key', 'Non Hanger', 20),
	(' ELEG4009', 'Bubblestar', 9, 4, 'T4 C1', 'Key', 'Non Hanger', 19),
	(' ELEG4010', 'Bubblestar', 9, 4, 'T4 KE', 'Key', 'Non Hanger', 17),
	(' ELEG4011', 'Bubblestar', 9, 4, 'T4 KF', 'Key', 'Non Hanger', 17),
	(' ELEG4012', 'Bubblestar', 9, 4, 'T4 KP', 'Key', 'Non Hanger', 17),
	(' ELEG4013', 'Bubblestar', 9, 4, 'T4 KP', 'Key', 'Non Hanger', 20),
	(' ELEG4014', 'Bubblestar', 9, 4, 'T4L', 'Key', 'Non Hanger', 17),
	(' ELEG4015', 'Bubblestar', 9, 4, 'T4L C', 'Key', 'Non Hanger', 17),
	(' ELEG4016', 'Bubblestar', 9, 4, 'T4L C', 'Key', 'Non Hanger', 18),
	(' ELEG4017', 'Bubblestar', 9, 4, 'T4L C', 'Key', 'Non Hanger', 20),
	(' ELEG4018', 'Bubblestar', 9, 4, 'T4L C1', 'Key', 'Non Hanger', 18),
	(' ELEG4019', 'Bubblestar', 9, 4, 'T4L KE', 'Key', 'Non Hanger', 17),
	(' ELEG4020', 'Bubblestar', 9, 4, 'T4L', 'Key', 'Non Hanger', 20),
	(' ELEG4021', 'Bubblestar', 9, 4, 'T4L KP', 'Key', 'Non Hanger', 17),
	(' ELEG4022', 'Bubblestar', 9, 4, 'T4', 'Non Key', 'Non Hanger', 17),
	(' ELEG4023', 'Bubblestar', 9, 4, 'T4', 'Non Key', 'Non Hanger', 18),
	(' ELEG4024', 'Bubblestar', 9, 4, 'T4', 'Non Key', 'Non Hanger', 19),
	(' ELEG4025', 'Bubblestar', 9, 4, 'T4', 'Non Key', 'Non Hanger', 20),
	(' ELEG4026', 'Bubblestar', 9, 4, 'T4 C', 'Non Key', 'Non Hanger', 17),
	(' ELEG4027', 'Bubblestar', 9, 4, 'T4 C', 'Non Key', 'Non Hanger', 18),
	(' ELEG4028', 'Bubblestar', 9, 4, 'T4 C', 'Non Key', 'Non Hanger', 19),
	(' ELEG4029', 'Bubblestar', 9, 4, 'T4 C', 'Non Key', 'Non Hanger', 20),
	(' ELEG4030', 'Bubblestar', 9, 4, 'T4 C1', 'Non Key', 'Non Hanger', 19),
	(' ELEG4031', 'Bubblestar', 9, 4, 'T4 KE', 'Non Key', 'Non Hanger', 17),
	(' ELEG4032', 'Bubblestar', 9, 4, 'T4 KF', 'Non Key', 'Non Hanger', 17),
	(' ELEG4033', 'Bubblestar', 9, 4, 'T4 KP', 'Non Key', 'Non Hanger', 17),
	(' ELEG4034', 'Bubblestar', 9, 4, 'T4L', 'Non Key', 'Non Hanger', 18),
	(' ELEG4035', 'Bubblestar', 9, 4, 'T4L', 'Non Key', 'Non Hanger', 17),
	(' ELEG4036', 'Bubblestar', 9, 4, 'T4L', 'Non Key', 'Non Hanger', 21),
	(' ELEG4037', 'Bubblestar', 9, 4, 'T4L KE', 'Non Key', 'Non Hanger', 17),
	(' ELEG4038', 'Bubblestar', 9, 4, 'T4L C', 'Non Key', 'Non Hanger', 20),
	(' ELEG4039', 'Bubblestar', 9, 4, 'T4L C1', 'Non Key', 'Non Hanger', 18),
	(' ELEG4040', 'Bubblestar', 9, 4, 'T4L C1', 'Non Key', 'Non Hanger', 20),
	(' ELEG4041', 'Bubblestar', 9, 4, 'T4L KE', 'Non Key', 'Non Hanger', 18),
	(' ELEG4042', 'Bubblestar', 9, 4, 'T4L KF', 'Non Key', 'Non Hanger', 18),
	(' ELEG4043', 'Bubblestar', 9, 4, 'T4L KP', 'Non Key', 'Non Hanger', 17),
	(' EXTRA1001', 'Yukari', 23, 0, 'Extrabin 10', 'Non Key', 'Non Hanger', 7),
	(' EXTRA1002', 'Yukari', 23, 0, 'Extrabin 10', 'Non Key', 'Non Hanger', 5),
	(' EXTRA1003', 'Yukari', 23, 0, 'Extrabin 10', 'Non Key', 'Non Hanger', 4),
	(' EXTRA1004', 'Yukari', 23, 0, 'Extrabin 10', 'Non Key', 'Non Hanger', 11),
	(' EXTRA1005', 'Yukari', 23, 0, 'Extrabin 12', 'Non Key', 'Non Hanger', 7),
	(' EXTRA1006', 'Yukari', 23, 0, 'Extrabin 12', 'Non Key', 'Non Hanger', 5),
	(' EXTRA1007', 'Yukari', 23, 0, 'Extrabin 12', 'Non Key', 'Non Hanger', 4),
	(' EXTRA1008', 'Yukari', 23, 0, 'Extrabin 12', 'Non Key', 'Non Hanger', 11),
	(' FLEX3001', 'Bubblestar', 11, 0, 'Flexibio CM3', 'Non Key', 'Non Hanger', 3),
	(' FLEX3002', 'Bubblestar', 11, 0, 'Flexibio CM3', 'Non Key', 'Non Hanger', 11),
	(' FLEX3003', 'Bubblestar', 11, 0, 'Flexibio CM3', 'Non Key', 'Non Hanger', 7),
	(' FLEX3004', 'Bubblestar', 11, 0, 'Flexibio CM3', 'Non Key', 'Non Hanger', 6),
	(' FLEX4001', 'Bubblestar', 11, 0, 'Flexibio CM4', 'Non Key', 'Non Hanger', 3),
	(' FLEX4002', 'Bubblestar', 11, 0, 'Flexibio CM4', 'Non Key', 'Non Hanger', 11),
	(' FLEX4003', 'Bubblestar', 11, 0, 'Flexibio CM4', 'Non Key', 'Non Hanger', 7),
	(' FLEX4004', 'Bubblestar', 11, 0, 'Flexibio CM4', 'Non Key', 'Non Hanger', 6),
	(' FLEX5001', 'Bubblestar', 11, 0, 'Flexibio CSML', 'Non Key', 'Non Hanger', 3),
	(' FLEX5002', 'Bubblestar', 11, 0, 'Flexibio CSML', 'Non Key', 'Non Hanger', 11),
	(' FLEX5003', 'Bubblestar', 11, 0, 'Flexibio CSML', 'Non Key', 'Non Hanger', 7),
	(' FLEX5004', 'Bubblestar', 11, 0, 'Flexibio CSML', 'Non Key', 'Non Hanger', 6),
	(' GOBOX1001', 'Yukari', 22, 0, 'Go Box 35 Ltr TD', 'Non Key', 'Non Hanger', 3),
	(' GOBOX1002', 'Yukari', 22, 0, 'Go Box 35 Ltr TD', 'Non Key', 'Non Hanger', 7),
	(' GOBOX1003', 'Yukari', 22, 0, 'Go Box 35 Ltr TD', 'Non Key', 'Non Hanger', 6),
	(' GOBOX1004', 'Yukari', 22, 0, 'Go Box 35 Ltr TD', 'Non Key', 'Non Hanger', 4),
	(' GOBOX1005', 'Yukari', 22, 0, 'Go Box 35 Ltr TL', 'Non Key', 'Non Hanger', 3),
	(' GOBOX1006', 'Yukari', 22, 0, 'Go Box 35 Ltr TL', 'Non Key', 'Non Hanger', 7),
	(' GOBOX1007', 'Yukari', 22, 0, 'Go Box 35 Ltr TL', 'Non Key', 'Non Hanger', 6),
	(' GOBOX1008', 'Yukari', 22, 0, 'Go Box 35 Ltr TL', 'Non Key', 'Non Hanger', 4),
	(' GOBOX1009', 'Yukari', 22, 0, 'Go Box 35 Ltr TD', 'Non Key', 'Non Hanger', 3),
	(' GOBOX1010', 'Yukari', 22, 0, 'Go Box 35 Ltr TD', 'Non Key', 'Non Hanger', 7),
	(' GOBOX1011', 'Yukari', 22, 0, 'Go Box 35 Ltr TD', 'Non Key', 'Non Hanger', 6),
	(' GOBOX1012', 'Yukari', 22, 0, 'Go Box 35 Ltr TD', 'Non Key', 'Non Hanger', 4),
	(' GOBOX1013', 'Yukari', 22, 0, 'Go Box 35 Ltr TL', 'Non Key', 'Non Hanger', 3),
	(' GOBOX1014', 'Yukari', 22, 0, 'Go Box 35 Ltr TL', 'Non Key', 'Non Hanger', 7),
	(' GOBOX1015', 'Yukari', 22, 0, 'Go Box 35 Ltr TL', 'Non Key', 'Non Hanger', 6),
	(' GOBOX1016', 'Yukari', 22, 0, 'Go Box 35 Ltr TL', 'Non Key', 'Non Hanger', 4),
	(' KIDB1001', 'Bubblestar', 18, 0, 'Kiddy Bug', 'Non Key', 'Non Hanger', 23),
	(' KIDF1001', 'Bubblestar', 18, 0, 'Kiddy Flower', 'Non Key', 'Non Hanger', 23),
	(' KIDF1002', 'Bubblestar', 18, 0, 'Kiddy Flower', 'Non Key', 'Non Hanger', 7),
	(' KIDF1003', 'Bubblestar', 18, 0, 'Kiddy Flower', 'Non Key', 'Non Hanger', 6),
	(' KIDF1004', 'Bubblestar', 18, 0, 'Kiddy Flower', 'Non Key', 'Non Hanger', 5),
	(' KIDR1001', 'Bubblestar', 18, 0, 'Kiddy Round', 'Non Key', 'Non Hanger', 23),
	(' KIDR1002', 'Bubblestar', 18, 0, 'Kiddy Round', 'Non Key', 'Non Hanger', 7),
	(' KIDR1003', 'Bubblestar', 18, 0, 'Kiddy Round', 'Non Key', 'Non Hanger', 6),
	(' KIDR1004', 'Bubblestar', 18, 0, 'Kiddy Round', 'Non Key', 'Non Hanger', 5),
	(' KURSI RT1001', 'Yukari', 19, 0, 'Kursi Rotan', 'Non Key', 'Non Hanger', 12),
	(' KURSI RT1002', 'Yukari', 19, 0, 'Kursi Rotan', 'Non Key', 'Non Hanger', 13),
	(' KURSI RT1003', 'Yukari', 19, 0, 'Kursi Rotan', 'Non Key', 'Non Hanger', 14),
	(' KURSI RT1004', 'Yukari', 19, 0, 'Kursi Rotan', 'Non Key', 'Non Hanger', 6),
	(' KURSI RT1005', 'Yukari', 19, 0, 'Kursi Rotan', 'Non Key', 'Non Hanger', 11),
	(' KURSI RT1006', 'Yukari', 19, 0, 'Kursi Rotan', 'Non Key', 'Non Hanger', 7),
	(' KURSIRTMT1001', 'Yukari', 19, 0, 'Kursi Rotan Iklan ', 'Non Key', 'Non Hanger', 13),
	(' KURSIRTMT1002', 'Yukari', 19, 0, 'Kursi Rotan Iklan ', 'Non Key', 'Non Hanger', 12),
	(' KURSIRTMT1003', 'Yukari', 19, 0, 'Kursi Rotan Iklan ', 'Non Key', 'Non Hanger', 14),
	(' LACI401', 'Bubblestar', 14, 4, 'Aquarium', 'Non Key', 'Non Hanger', 22),
	(' LACI402', 'Bubblestar', 14, 4, 'Polos', 'Non Key', 'Non Hanger', 22),
	(' LACI501', 'Bubblestar', 14, 5, 'Aquarium', 'Non Key', 'Non Hanger', 22),
	(' LACI502', 'Bubblestar', 14, 5, 'Polos', 'Non Key', 'Non Hanger', 22),
	(' NACS2001', 'Bubblestar', 10, 2, 'HP Snowhite', 'Key', 'Non Hanger', 7),
	(' NACS2002', 'Bubblestar', 10, 2, 'HP Big Hero', 'Key', 'Non Hanger', 7),
	(' NACS2003', 'Bubblestar', 10, 2, 'HP Snowhite', 'Key', 'Non Hanger', 3),
	(' NACS2004', 'Bubblestar', 10, 2, 'HP Batik 02 Flowers', 'Key', 'Non Hanger', 13),
	(' NACS2005', 'Bubblestar', 10, 2, 'Hot Print ', 'Key', 'Non Hanger', 3),
	(' NACS2006', 'Bubblestar', 10, 2, 'Hot Print ', 'Key', 'Non Hanger', 11),
	(' NACS2007', 'Bubblestar', 10, 2, 'Hot Print ', 'Key', 'Non Hanger', 7),
	(' NACS2008', 'Bubblestar', 10, 2, 'HP Batik ', 'Key', 'Non Hanger', 13),
	(' NACS2009', 'Bubblestar', 10, 2, 'Hot Print ', 'Key', 'Non Hanger', 7),
	(' NACS3001', 'Bubblestar', 10, 3, 'HP Thomas', 'Key', 'Non Hanger', 6),
	(' NACS3002', 'Bubblestar', 10, 3, 'HP Pocoyo', 'Key', 'Non Hanger', 6),
	(' NACS3003', 'Bubblestar', 10, 3, 'HP Transformers', 'Key', 'Non Hanger', 6),
	(' NACS3004', 'Bubblestar', 10, 3, 'HP Snowhite', 'Key', 'Non Hanger', 6),
	(' NACS3005', 'Bubblestar', 10, 3, 'HP Ariel', 'Key', 'Non Hanger', 6),
	(' NACS4001', 'Bubblestar', 10, 4, '3D Litle Duck & Cat', 'Key', 'Non Hanger', 6),
	(' NACS4002', 'Bubblestar', 10, 4, 'HP Batik 00', 'Key', 'Non Hanger', 13),
	(' NACS4003', 'Bubblestar', 10, 4, 'HP Batik 01 Flowers', 'Key', 'Non Hanger', 6),
	(' NACS4004', 'Bubblestar', 10, 4, 'HP Batik 02 Flowers', 'Key', 'Non Hanger', 13),
	(' NACS4005', 'Bubblestar', 10, 4, 'HP Batik 03 Diamond', 'Key', 'Non Hanger', 13),
	(' NACS4006', 'Bubblestar', 10, 4, 'HP Big Hero', 'Key', 'Non Hanger', 7),
	(' NACS4007', 'Bubblestar', 10, 4, 'HP Elemo', 'Key', 'Non Hanger', 6),
	(' NACS4008', 'Bubblestar', 10, 4, 'HP Marsha', 'Key', 'Non Hanger', 11),
	(' NACS4009', 'Bubblestar', 10, 4, 'HP Marsha', 'Key', 'Non Hanger', 7),
	(' NACS4010', 'Bubblestar', 10, 4, 'HP Miniponi', 'Key', 'Non Hanger', 6),
	(' NACS4011', 'Bubblestar', 10, 4, 'HP Pocoyo', 'Key', 'Non Hanger', 7),
	(' NACS4012', 'Bubblestar', 10, 4, 'HP Pororo', 'Key', 'Non Hanger', 7),
	(' NACS4013', 'Bubblestar', 10, 4, 'HP Snowhite', 'Key', 'Non Hanger', 11),
	(' NACS4014', 'Bubblestar', 10, 4, 'HP Snowhite', 'Key', 'Non Hanger', 10),
	(' NACS4015', 'Bubblestar', 10, 4, 'HP Stargirls Clasik', 'Key', 'Non Hanger', 11),
	(' NACS4016', 'Bubblestar', 10, 4, 'HP Stargirls Modern', 'Key', 'Non Hanger', 7),
	(' NACS4017', 'Bubblestar', 10, 4, 'HP Thomas', 'Key', 'Non Hanger', 7),
	(' NACS4018', 'Bubblestar', 10, 4, 'HP Transformers', 'Key', 'Non Hanger', 7),
	(' NACS4019', 'Bubblestar', 10, 4, 'HP Snowhite', 'Key', 'Non Hanger', 6),
	(' NACS4020', 'Bubblestar', 10, 4, 'HP Thomas', 'Key', 'Non Hanger', 6),
	(' NACS4021', 'Bubblestar', 10, 4, 'HP Thomas', 'Key', 'Non Hanger', 3),
	(' NACS4022', 'Bubblestar', 10, 4, 'HP Stargirls Clasik', 'Key', 'Non Hanger', 3),
	(' NACS4023', 'Bubblestar', 10, 4, 'HP Batik 01 Flowers', 'Key', 'Non Hanger', 13),
	(' NACS4024', 'Bubblestar', 10, 4, 'HP Batik 03 Diamond', 'Key', 'Non Hanger', 13),
	(' NACS4025', 'Bubblestar', 10, 4, 'HP Big Hero', 'Key', 'Non Hanger', 6),
	(' NACS4026', 'Bubblestar', 10, 4, 'HP Transformers', 'Key', 'Non Hanger', 6),
	(' NACS4027', 'Bubblestar', 10, 4, 'HP Pocoyo', 'Key', 'Non Hanger', 6),
	(' NACS4028', 'Lollipop', 10, 4, 'HP Stargirls Modern', 'Key', 'Non Hanger', 10),
	(' NACS4029', 'Lollipop', 10, 4, 'HP Snowhite', 'Key', 'Non Hanger', 7),
	(' NACS4030', 'Lollipop', 10, 4, '3D Litle Duck & Cat', 'Key', 'Non Hanger', 11),
	(' NACS4031', 'Lollipop', 10, 4, 'HP Batik 02 Flowers', 'Key', 'Non Hanger', 13),
	(' NACS4032', 'Lollipop', 10, 4, 'HP Stargirls Modern', 'Key', 'Non Hanger', 11),
	(' NACS4033', 'Lollipop', 10, 4, 'HP Snowhite', 'Key', 'Non Hanger', 11),
	(' NACS4034', 'Lollipop', 10, 4, 'HP Ariel', 'Key', 'Non Hanger', 10),
	(' NACS4035', 'Lollipop', 10, 4, 'HP Transformers', 'Key', 'Non Hanger', 7),
	(' NACS4036', 'Lollipop', 10, 4, 'HP Big Hero', 'Key', 'Non Hanger', 7),
	(' NACS4037', 'Lollipop', 10, 4, '3D Litle Duck & Cat', 'Key', 'Non Hanger', 7),
	(' NACSJ4001', 'Lollipop', 12, 4, 'HP Pororo', 'Key', 'Non Hanger', 11),
	(' NACSJ4002', 'Lollipop', 12, 4, 'HP Pocoyo', 'Key', 'Non Hanger', 11),
	(' NACSJ4003', 'Lollipop', 12, 4, 'HP Big Hero', 'Key', 'Non Hanger', 11),
	(' NACSJ4004', 'Lollipop', 12, 4, 'HP Elemo', 'Key', 'Non Hanger', 11),
	(' NACSJ4005', 'Lollipop', 12, 4, 'HP Stargirls Clasik', 'Key', 'Non Hanger', 11),
	(' NACSJ4006', 'Lollipop', 12, 4, 'HP Ariel', 'Key', 'Non Hanger', 10),
	(' NACSJ4007', 'Lollipop', 12, 4, 'HP Stargirls Modern', 'Key', 'Non Hanger', 11),
	(' NACSJ4008', 'Lollipop', 12, 4, '3D Litle Duck & Cat', 'Key', 'Non Hanger', 11),
	(' NACSJ4009', 'Bubblestar', 12, 4, 'HP Batik 00', 'Key', 'Non Hanger', 13),
	(' NACSJ4010', 'Bubblestar', 12, 4, 'HP Batik 01 Flowers', 'Key', 'Non Hanger', 13),
	(' NACSJ4011', 'Bubblestar', 12, 4, 'HP Batik 02 Flowers', 'Key', 'Non Hanger', 13),
	(' NACSJ4012', 'Bubblestar', 12, 4, 'HP Batik 03 Diamond', 'Key', 'Non Hanger', 13),
	(' NACSS4001', 'Bubblestar', 13, 4, 'HP Big Hero', 'Key', 'Non Hanger', 7),
	(' NACSS4002', 'Bubblestar', 13, 4, 'HP Minipony', 'Key', 'Non Hanger', 11),
	(' NVENUS2001', 'Bubblestar', 4, 2, 'Dorifish', 'Key', 'Non Hanger', 5),
	(' NVENUS2002', 'Bubblestar', 4, 2, 'Flower 01(Krisan Flower)', 'Key', 'Non Hanger', 5),
	(' NVENUS2003', 'Bubblestar', 4, 2, 'Flower 02(Sun Flower)', 'Key', 'Non Hanger', 5),
	(' NVENUS2004', 'Bubblestar', 4, 2, 'Plaid 01(Kotak)(Kotak)', 'Key', 'Non Hanger', 5),
	(' NVENUS2005', 'Bubblestar', 4, 2, 'Plaid 02 (Matras) (Matras)', 'Key', 'Non Hanger', 5),
	(' NVENUS2006', 'Bubblestar', 4, 2, 'New baby', 'Key', 'Non Hanger', 5),
	(' NVENUS2007', 'Bubblestar', 4, 2, 'Superhero', 'Key', 'Non Hanger', 5),
	(' NVENUS2008', 'Bubblestar', 4, 2, 'Dorifish', 'Non Key', 'Non Hanger', 5),
	(' NVENUS2009', 'Bubblestar', 4, 2, 'Flower 01(Krisan Flower)', 'Non Key', 'Non Hanger', 5),
	(' NVENUS2010', 'Bubblestar', 4, 2, 'Flower 02(Sun Flower)', 'Non Key', 'Non Hanger', 5),
	(' NVENUS2011', 'Bubblestar', 4, 2, 'Plaid 01(Kotak)', 'Non Key', 'Non Hanger', 5),
	(' NVENUS2012', 'Bubblestar', 4, 2, 'Plaid 02 (Matras)', 'Non Key', 'Non Hanger', 5),
	(' NVENUS2013', 'Bubblestar', 4, 2, 'New baby', 'Non Key', 'Non Hanger', 5),
	(' NVENUS2014', 'Bubblestar', 4, 2, 'Superhero', 'Non Key', 'Non Hanger', 5),
	(' NVENUS3001', 'Bubblestar', 4, 3, 'Dorifish', 'Key', 'Non Hanger', 5),
	(' NVENUS3002', 'Bubblestar', 4, 3, 'Flower 01(Krisan Flower)', 'Key', 'Non Hanger', 5),
	(' NVENUS3003', 'Bubblestar', 4, 3, 'Flower 02(Sun Flower)', 'Key', 'Non Hanger', 5),
	(' NVENUS3004', 'Bubblestar', 4, 3, 'Plaid 01(Kotak)', 'Key', 'Non Hanger', 5),
	(' NVENUS3005', 'Bubblestar', 4, 3, 'Plaid 02 (Matras)', 'Key', 'Non Hanger', 5),
	(' NVENUS3006', 'Bubblestar', 4, 3, 'New baby', 'Key', 'Non Hanger', 5),
	(' NVENUS3007', 'Bubblestar', 4, 3, 'Superhero', 'Key', 'Non Hanger', 5),
	(' NVENUS3008', 'Bubblestar', 4, 3, 'Dorifish', 'Non Key', 'Non Hanger', 5),
	(' NVENUS3009', 'Bubblestar', 4, 3, 'Flower 01(Krisan Flower)', 'Non Key', 'Non Hanger', 5),
	(' NVENUS3010', 'Bubblestar', 4, 3, 'Flower 02(Sun Flower)', 'Non Key', 'Non Hanger', 5),
	(' NVENUS3011', 'Bubblestar', 4, 3, 'Plaid 01(Kotak)', 'Non Key', 'Non Hanger', 5),
	(' NVENUS3012', 'Bubblestar', 4, 3, 'Plaid 02 (Matras)', 'Non Key', 'Non Hanger', 5),
	(' NVENUS3013', 'Bubblestar', 4, 3, 'New baby', 'Non Key', 'Non Hanger', 5),
	(' NVENUS3014', 'Bubblestar', 4, 3, 'Superhero', 'Non Key', 'Non Hanger', 5),
	(' NVENUS4001', 'Bubblestar', 4, 4, 'Dorifish', 'Key', 'Non Hanger', 5),
	(' NVENUS4002', 'Bubblestar', 4, 4, 'Flower 01(Krisan Flower)', 'Key', 'Non Hanger', 5),
	(' NVENUS4003', 'Bubblestar', 4, 4, 'Flower 02(Sun Flower)', 'Key', 'Non Hanger', 5),
	(' NVENUS4004', 'Bubblestar', 4, 4, 'Plaid 01(Kotak)', 'Key', 'Non Hanger', 5),
	(' NVENUS4005', 'Bubblestar', 4, 4, 'Plaid 02 (Matras)', 'Key', 'Non Hanger', 5),
	(' NVENUS4006', 'Bubblestar', 4, 4, 'New baby', 'Key', 'Non Hanger', 5),
	(' NVENUS4007', 'Bubblestar', 4, 4, 'Superhero', 'Key', 'Non Hanger', 5),
	(' NVENUS4008', 'Bubblestar', 4, 4, 'Dorifish', 'Non Key', 'Non Hanger', 5),
	(' NVENUS4009', 'Bubblestar', 4, 4, 'Flower 01(Krisan Flower)', 'Non Key', 'Non Hanger', 5),
	(' NVENUS4010', 'Bubblestar', 4, 4, 'Flower 02(Sun Flower)', 'Non Key', 'Non Hanger', 5),
	(' NVENUS4011', 'Bubblestar', 4, 4, 'Plaid 01(Kotak)', 'Non Key', 'Non Hanger', 5),
	(' NVENUS4012', 'Bubblestar', 4, 4, 'Plaid 02 (Matras)', 'Non Key', 'Non Hanger', 5),
	(' NVENUS4013', 'Bubblestar', 4, 4, 'New baby', 'Non Key', 'Non Hanger', 5),
	(' NVENUS4014', 'Bubblestar', 4, 4, 'Superhero', 'Non Key', 'Non Hanger', 5),
	(' PK3001', 'Bubblestar', 1, 3, 'PK3 Jungle', 'Key', 'Non Hanger', 6),
	(' PK3002', 'Bubblestar', 1, 3, 'PK3 Gajah', 'Key', 'Non Hanger', 7),
	(' PK3003', 'Bubblestar', 1, 3, 'PK3 Stargirls', 'Key', 'Non Hanger', 3),
	(' PK3004', 'Bubblestar', 1, 3, 'PK3 Common', 'Key', 'Non Hanger', 6),
	(' PK3005', 'Bubblestar', 1, 3, 'PK3 Trellis', 'Key', 'Non Hanger', 5),
	(' PK3006', 'Bubblestar', 1, 3, 'PB3 Trellis', 'Key', 'Non Hanger', 5),
	(' PK3007', 'Bubblestar', 1, 3, 'PK3 Dolphin ', 'Key', 'Non Hanger', 7),
	(' PK3008', 'Bubblestar', 1, 3, 'PB3 Trellis C1', 'Key', 'Non Hanger', 5),
	(' PK3009', 'Bubblestar', 1, 3, 'PK3 Monster', 'Key', 'Non Hanger', 7),
	(' PK3010', 'Bubblestar', 1, 3, 'PK3 Power Baby', 'Key', 'Non Hanger', 7),
	(' PK3011', 'Bubblestar', 1, 3, 'PB3 Gajah', 'Key', 'Non Hanger', 7),
	(' PK3012', 'Bubblestar', 1, 3, 'PB3 Gajah C1', 'Key', 'Non Hanger', 7),
	(' PK3013', 'Bubblestar', 1, 3, 'PK3 Common', 'Non Key', 'Non Hanger', 7),
	(' PK3014', 'Bubblestar', 1, 3, 'PK3 Gajah', 'Non Key', 'Non Hanger', 7),
	(' PK3015', 'Bubblestar', 1, 3, 'PK3 Stargirls', 'Non Key', 'Non Hanger', 3),
	(' PK3016', 'Bubblestar', 1, 3, 'PK3 Jungle', 'Non Key', 'Non Hanger', 6),
	(' PK3017', 'Bubblestar', 1, 3, 'PK3 Trellis', 'Non Key', 'Non Hanger', 5),
	(' PK3018', 'Bubblestar', 1, 3, 'PB3 Trellis', 'Non Key', 'Non Hanger', 5),
	(' PK3019', 'Bubblestar', 1, 3, 'PK3 Dolphin ', 'Non Key', 'Non Hanger', 7),
	(' PK3020', 'Bubblestar', 1, 3, 'PB3 Trellis C1', 'Non Key', 'Non Hanger', 5),
	(' PK3021', 'Bubblestar', 1, 3, 'PK3 Monster', 'Non Key', 'Non Hanger', 7),
	(' PK3022', 'Bubblestar', 1, 3, 'PK3 Power Baby', 'Non Key', 'Non Hanger', 7),
	(' PK3023', 'Bubblestar', 1, 3, 'PB3 Gajah', 'Non Key', 'Non Hanger', 7),
	(' PK3024', 'Bubblestar', 1, 3, 'PB3 Gajah C1', 'Non Key', 'Non Hanger', 7),
	(' PK3025', 'Bubblestar', 1, 3, 'PK3 Common', 'Key', 'Hanger', 7),
	(' PK3026', 'Bubblestar', 1, 3, 'PK3 Gajah', 'Key', 'Hanger', 7),
	(' PK3027', 'Bubblestar', 1, 3, 'PK3 Stargirls', 'Key', 'Hanger', 3),
	(' PK3028', 'Bubblestar', 1, 3, 'PK3 Jungle', 'Key', 'Hanger', 6),
	(' PK3029', 'Bubblestar', 1, 3, 'PK3 Trellis', 'Key', 'Hanger', 5),
	(' PK3030', 'Bubblestar', 1, 3, 'PB3 Trellis', 'Key', 'Hanger', 5),
	(' PK3031', 'Bubblestar', 1, 3, 'PK3 Dolphin ', 'Key', 'Hanger', 7),
	(' PK3032', 'Bubblestar', 1, 3, 'PB3 Trellis C1', 'Key', 'Hanger', 5),
	(' PK3033', 'Bubblestar', 1, 3, 'PK3 Monster', 'Key', 'Hanger', 7),
	(' PK3034', 'Bubblestar', 1, 3, 'PK3 Power Baby', 'Key', 'Hanger', 7),
	(' PK3035', 'Bubblestar', 1, 3, 'PB3 Gajah', 'Key', 'Hanger', 7),
	(' PK3036', 'Bubblestar', 1, 3, 'PB3 Gajah C1', 'Key', 'Hanger', 7),
	(' PK3037', 'Bubblestar', 1, 3, 'PK3 Common', 'Non Key', 'Hanger', 7),
	(' PK3038', 'Bubblestar', 1, 3, 'PK3 Gajah', 'Non Key', 'Hanger', 7),
	(' PK3039', 'Bubblestar', 1, 3, 'PK3 Stargirls', 'Non Key', 'Hanger', 3),
	(' PK3040', 'Bubblestar', 1, 3, 'PK3 Jungle', 'Non Key', 'Hanger', 6),
	(' PK3041', 'Bubblestar', 1, 3, 'PK3 Trellis', 'Non Key', 'Hanger', 5),
	(' PK3042', 'Bubblestar', 1, 3, 'PB3 Trellis', 'Non Key', 'Hanger', 5),
	(' PK3043', 'Bubblestar', 1, 3, 'PK3 Dolphin ', 'Non Key', 'Hanger', 7),
	(' PK3044', 'Bubblestar', 1, 3, 'PB3 Trellis C1', 'Non Key', 'Hanger', 5),
	(' PK3045', 'Bubblestar', 1, 3, 'PK3 Monster', 'Non Key', 'Hanger', 7),
	(' PK3046', 'Bubblestar', 1, 3, 'PK3 Power Baby', 'Non Key', 'Hanger', 7),
	(' PK3047', 'Bubblestar', 1, 3, 'PB3 Gajah', 'Non Key', 'Hanger', 7),
	(' PK3048', 'Bubblestar', 1, 3, 'PB3 Gajah C1', 'Non Key', 'Hanger', 7),
	(' PK4001', 'Bubblestar', 1, 4, 'PK4 Monster', 'Key', 'Non Hanger', 7),
	(' PK4002', 'Bubblestar', 1, 4, 'PK4 Power Baby', 'Key', 'Non Hanger', 7),
	(' PK4003', 'Bubblestar', 1, 4, 'PK4 Common', 'Key', 'Non Hanger', 7),
	(' PK4004', 'Bubblestar', 1, 4, 'PK4 Gajah ', 'Key', 'Non Hanger', 7),
	(' PK4005', 'Bubblestar', 1, 4, 'PK4 Jerapah', 'Key', 'Non Hanger', 5),
	(' PK4006', 'Bubblestar', 1, 4, 'PK4 Sonic', 'Key', 'Non Hanger', 6),
	(' PK4007', 'Bubblestar', 1, 4, 'PK4 Jungle ', 'Key', 'Non Hanger', 6),
	(' PK4008', 'Bubblestar', 1, 4, 'PK4 Stargirls', 'Key', 'Non Hanger', 3),
	(' PK4009', 'Bubblestar', 1, 4, 'PK4 Trelis ', 'Key', 'Non Hanger', 5),
	(' PK4010', 'Bubblestar', 1, 4, 'PK4 Dolphin', 'Key', 'Non Hanger', 7),
	(' PK4011', 'Bubblestar', 1, 4, 'PK4 Dino', 'Key', 'Non Hanger', 7),
	(' PK4012', 'Bubblestar', 1, 4, 'PB4 Marbel Lurus (small)', 'Key', 'Non Hanger', 5),
	(' PK4013', 'Bubblestar', 1, 4, 'PB4 Marbel Serong (Large)', 'Key', 'Non Hanger', 5),
	(' PK4014', 'Bubblestar', 1, 4, 'PB4 Jerapah', 'Key', 'Non Hanger', 5),
	(' PK4015', 'Bubblestar', 1, 4, 'PB4 Gajah', 'Key', 'Non Hanger', 7),
	(' PK4016', 'Bubblestar', 1, 4, 'PB4 Marbel Lurus (small) C1', 'Key', 'Non Hanger', 5),
	(' PK4017', 'Bubblestar', 1, 4, 'PB4 Marbel Serong (Large) C1', 'Key', 'Non Hanger', 5),
	(' PK4018', 'Bubblestar', 1, 4, 'PB4 Jerapah C1', 'Key', 'Non Hanger', 5),
	(' PK4019', 'Bubblestar', 1, 4, 'PB4 Gajah C1', 'Key', 'Non Hanger', 7),
	(' PK4020', 'Bubblestar', 1, 4, 'PB4 Trellist', 'Key', 'Non Hanger', 5),
	(' PK4021', 'Bubblestar', 1, 4, 'PB4 Trellist C1', 'Key', 'Non Hanger', 5),
	(' PK4022', 'Bubblestar', 1, 4, 'PBK4 Monster', 'Key', 'Non Hanger', 7),
	(' PK4023', 'Bubblestar', 1, 4, 'PBK4 Power Baby', 'Key', 'Non Hanger', 7),
	(' PK4024', 'Bubblestar', 1, 4, 'PBK4 Common', 'Key', 'Non Hanger', 7),
	(' PK4025', 'Bubblestar', 1, 4, 'PBK4 Sonic', 'Key', 'Non Hanger', 6),
	(' PK4026', 'Bubblestar', 1, 4, 'PBK4 Jungle ', 'Key', 'Non Hanger', 6),
	(' PK4027', 'Bubblestar', 1, 4, 'PBK4 Stargirls', 'Key', 'Non Hanger', 3),
	(' PK4028', 'Bubblestar', 1, 4, 'PBK4 Dolphin', 'Key', 'Non Hanger', 7),
	(' PK4029', 'Bubblestar', 1, 4, 'PBK4 Dino', 'Key', 'Non Hanger', 7),
	(' PK4030', 'Bubblestar', 1, 4, 'PC4 Gajah ', 'Key', 'Non Hanger', 7),
	(' PK4031', 'Bubblestar', 1, 4, 'PC4 Jerapah', 'Key', 'Non Hanger', 5),
	(' PK4032', 'Bubblestar', 1, 4, 'PC4 Trelist', 'Key', 'Non Hanger', 5),
	(' PK4033', 'Bubblestar', 1, 4, 'PC4 Marbel Lurus (small)', 'Key', 'Non Hanger', 5),
	(' PK4034', 'Bubblestar', 1, 4, 'PC4 Marbel Serong (Large)', 'Key', 'Non Hanger', 5),
	(' PK4035', 'Bubblestar', 1, 4, 'PK4 Monster', 'Non Key', 'Non Hanger', 7),
	(' PK4036', 'Bubblestar', 1, 4, 'PK4 Power Baby', 'Non Key', 'Non Hanger', 7),
	(' PK4037', 'Bubblestar', 1, 4, 'PK4 Common', 'Non Key', 'Non Hanger', 7),
	(' PK4038', 'Bubblestar', 1, 4, 'PK4 Gajah ', 'Non Key', 'Non Hanger', 7),
	(' PK4039', 'Bubblestar', 1, 4, 'PK4 Jerapah', 'Non Key', 'Non Hanger', 5),
	(' PK4040', 'Bubblestar', 1, 4, 'PK4 Sonic', 'Non Key', 'Non Hanger', 6),
	(' PK4041', 'Bubblestar', 1, 4, 'PK4 Jungle ', 'Non Key', 'Non Hanger', 6),
	(' PK4042', 'Bubblestar', 1, 4, 'PK4 Stargirls', 'Non Key', 'Non Hanger', 3),
	(' PK4043', 'Bubblestar', 1, 4, 'PK4 Trelis ', 'Non Key', 'Non Hanger', 5),
	(' PK4044', 'Bubblestar', 1, 4, 'PK4 Dolphin', 'Non Key', 'Non Hanger', 7),
	(' PK4045', 'Bubblestar', 1, 4, 'PK4 Dino', 'Non Key', 'Non Hanger', 7),
	(' PK4046', 'Bubblestar', 1, 4, 'PB4 Marbel Lurus (small)', 'Non Key', 'Non Hanger', 5),
	(' PK4047', 'Bubblestar', 1, 4, 'PB4 Marbel Serong (Large)', 'Non Key', 'Non Hanger', 5),
	(' PK4048', 'Bubblestar', 1, 4, 'PB4 Jerapah', 'Non Key', 'Non Hanger', 5),
	(' PK4049', 'Bubblestar', 1, 4, 'PB4 Gajah', 'Non Key', 'Non Hanger', 7),
	(' PK4050', 'Bubblestar', 1, 4, 'PB4 Marbel Lurus (small) C1', 'Non Key', 'Non Hanger', 5),
	(' PK4051', 'Bubblestar', 1, 4, 'PB4 Marbel Serong (Large) C1', 'Non Key', 'Non Hanger', 5),
	(' PK4052', 'Bubblestar', 1, 4, 'PB4 Jerapah C1', 'Non Key', 'Non Hanger', 5),
	(' PK4053', 'Bubblestar', 1, 4, 'PB4 Gajah C1', 'Non Key', 'Non Hanger', 7),
	(' PK4054', 'Bubblestar', 1, 4, 'PB4 Trellist', 'Non Key', 'Non Hanger', 5),
	(' PK4055', 'Bubblestar', 1, 4, 'PB4 Trellist C1', 'Non Key', 'Non Hanger', 5),
	(' PK4056', 'Bubblestar', 1, 4, 'PBK4 Monster', 'Non Key', 'Non Hanger', 7),
	(' PK4057', 'Bubblestar', 1, 4, 'PBK4 Power Baby', 'Non Key', 'Non Hanger', 7),
	(' PK4058', 'Bubblestar', 1, 4, 'PBK4 Common', 'Non Key', 'Non Hanger', 7),
	(' PK4059', 'Bubblestar', 1, 4, 'PBK4 Sonic', 'Non Key', 'Non Hanger', 6),
	(' PK4060', 'Bubblestar', 1, 4, 'PBK4 Jungle ', 'Non Key', 'Non Hanger', 6),
	(' PK4061', 'Bubblestar', 1, 4, 'PBK4 Stargirls', 'Non Key', 'Non Hanger', 3),
	(' PK4062', 'Bubblestar', 1, 4, 'PBK4 Dolphin', 'Non Key', 'Non Hanger', 7),
	(' PK4063', 'Bubblestar', 1, 4, 'PBK4 Dino', 'Non Key', 'Non Hanger', 7),
	(' PK4064', 'Bubblestar', 1, 4, 'PC4 Gajah ', 'Non Key', 'Non Hanger', 7),
	(' PK4065', 'Bubblestar', 1, 4, 'PC4 Jerapah', 'Non Key', 'Non Hanger', 5),
	(' PK4066', 'Bubblestar', 1, 4, 'PC4 Trelist', 'Non Key', 'Non Hanger', 5),
	(' PK4067', 'Bubblestar', 1, 4, 'PC4 Marbel Lurus (small)', 'Non Key', 'Non Hanger', 5),
	(' PK4068', 'Bubblestar', 1, 4, 'PC4 Marbel Serong (Large)', 'Non Key', 'Non Hanger', 5),
	(' PK4069', 'Bubblestar', 1, 4, 'PK4 Monster', 'Key', 'Non Hanger', 7),
	(' PK4070', 'Bubblestar', 1, 4, 'PK4 Power Baby', 'Key', 'Non Hanger', 7),
	(' PK4071', 'Bubblestar', 1, 4, 'PK4 Common', 'Key', 'Non Hanger', 7),
	(' PK4072', 'Bubblestar', 1, 4, 'PK4 Gajah ', 'Key', 'Non Hanger', 7),
	(' PK4073', 'Bubblestar', 1, 4, 'PK4 Jerapah', 'Key', 'Non Hanger', 5),
	(' PK4074', 'Bubblestar', 1, 4, 'PK4 Sonic', 'Key', 'Non Hanger', 6),
	(' PK4075', 'Bubblestar', 1, 4, 'PK4 Jungle ', 'Key', 'Non Hanger', 6),
	(' PK4076', 'Bubblestar', 1, 4, 'PK4 Stargirls', 'Key', 'Non Hanger', 3),
	(' PK4077', 'Bubblestar', 1, 4, 'PK4 Trelis ', 'Key', 'Non Hanger', 5),
	(' PK4078', 'Bubblestar', 1, 4, 'PK4 Dolphin', 'Key', 'Non Hanger', 7),
	(' PK4079', 'Bubblestar', 1, 4, 'PK4 Dino', 'Key', 'Non Hanger', 7),
	(' PK4080', 'Bubblestar', 1, 4, 'PB4 Marbel Lurus (small)', 'Key', 'Non Hanger', 5),
	(' PK4081', 'Bubblestar', 1, 4, 'PB4 Marbel Serong (Large)', 'Key', 'Non Hanger', 5),
	(' PK4082', 'Bubblestar', 1, 4, 'PB4 Jerapah', 'Key', 'Non Hanger', 5),
	(' PK4083', 'Bubblestar', 1, 4, 'PB4 Gajah', 'Key', 'Non Hanger', 7),
	(' PK4084', 'Bubblestar', 1, 4, 'PB4 Marbel Lurus (small) C1', 'Key', 'Non Hanger', 5),
	(' PK4085', 'Bubblestar', 1, 4, 'PB4 Marbel Serong (Large) C1', 'Key', 'Non Hanger', 5),
	(' PK4086', 'Bubblestar', 1, 4, 'PB4 Jerapah C1', 'Key', 'Non Hanger', 5),
	(' PK4087', 'Bubblestar', 1, 4, 'PB4 Gajah C1', 'Key', 'Non Hanger', 7),
	(' PK4088', 'Bubblestar', 1, 4, 'PB4 Trellist', 'Key', 'Non Hanger', 5),
	(' PK4089', 'Bubblestar', 1, 4, 'PB4 Trellist C1', 'Key', 'Non Hanger', 5),
	(' PK4090', 'Bubblestar', 1, 4, 'PBK4 Monster', 'Key', 'Non Hanger', 7),
	(' PK4091', 'Bubblestar', 1, 4, 'PBK4 Power Baby', 'Key', 'Non Hanger', 7),
	(' PK4092', 'Bubblestar', 1, 4, 'PBK4 Common', 'Key', 'Non Hanger', 7),
	(' PK4093', 'Bubblestar', 1, 4, 'PBK4 Sonic', 'Key', 'Non Hanger', 6),
	(' PK4094', 'Bubblestar', 1, 4, 'PBK4 Jungle ', 'Key', 'Non Hanger', 6),
	(' PK4095', 'Bubblestar', 1, 4, 'PBK4 Stargirls', 'Key', 'Non Hanger', 3),
	(' PK4096', 'Bubblestar', 1, 4, 'PBK4 Dolphin', 'Key', 'Non Hanger', 7),
	(' PK4097', 'Bubblestar', 1, 4, 'PBK4 Dino', 'Key', 'Non Hanger', 7),
	(' PK4098', 'Bubblestar', 1, 4, 'PC4 Gajah ', 'Key', 'Non Hanger', 7),
	(' PK4099', 'Bubblestar', 1, 4, 'PC4 Jerapah', 'Key', 'Non Hanger', 5),
	(' PK4100', 'Bubblestar', 1, 4, 'PC4 Trelist', 'Key', 'Non Hanger', 5),
	(' PK4101', 'Bubblestar', 1, 4, 'PC4 Marbel Lurus (small)', 'Key', 'Non Hanger', 5),
	(' PK4102', 'Bubblestar', 1, 4, 'PC4 Marbel Serong (Large)', 'Key', 'Non Hanger', 5),
	(' PK4103', 'Bubblestar', 1, 4, 'PK4 Monster', 'Non Key', 'Non Hanger', 7),
	(' PK4104', 'Bubblestar', 1, 4, 'PK4 Power Baby', 'Non Key', 'Non Hanger', 7),
	(' PK4105', 'Bubblestar', 1, 4, 'PK4 Common', 'Non Key', 'Non Hanger', 7),
	(' PK4106', 'Bubblestar', 1, 4, 'PK4 Gajah ', 'Non Key', 'Non Hanger', 7),
	(' PK4107', 'Bubblestar', 1, 4, 'PK4 Jerapah', 'Non Key', 'Non Hanger', 5),
	(' PK4108', 'Bubblestar', 1, 4, 'PK4 Sonic', 'Non Key', 'Non Hanger', 6),
	(' PK4109', 'Bubblestar', 1, 4, 'PK4 Jungle ', 'Non Key', 'Non Hanger', 6),
	(' PK4110', 'Bubblestar', 1, 4, 'PK4 Stargirls', 'Non Key', 'Non Hanger', 3),
	(' PK4111', 'Bubblestar', 1, 4, 'PK4 Trelis ', 'Non Key', 'Non Hanger', 5),
	(' PK4112', 'Bubblestar', 1, 4, 'PK4 Dolphin', 'Non Key', 'Non Hanger', 7),
	(' PK4113', 'Bubblestar', 1, 4, 'PK4 Dino', 'Non Key', 'Non Hanger', 7),
	(' PK4114', 'Bubblestar', 1, 4, 'PB4 Marbel Lurus (small)', 'Non Key', 'Non Hanger', 5),
	(' PK4115', 'Bubblestar', 1, 4, 'PB4 Marbel Serong (Large)', 'Non Key', 'Non Hanger', 5),
	(' PK4116', 'Bubblestar', 1, 4, 'PB4 Jerapah', 'Non Key', 'Non Hanger', 5),
	(' PK4117', 'Bubblestar', 1, 4, 'PB4 Gajah', 'Non Key', 'Non Hanger', 7),
	(' PK4118', 'Bubblestar', 1, 4, 'PB4 Marbel Lurus (small) C1', 'Non Key', 'Non Hanger', 5),
	(' PK4119', 'Bubblestar', 1, 4, 'PB4 Marbel Serong (Large) C1', 'Non Key', 'Non Hanger', 5),
	(' PK4120', 'Bubblestar', 1, 4, 'PB4 Jerapah C1', 'Non Key', 'Non Hanger', 5),
	(' PK4121', 'Bubblestar', 1, 4, 'PB4 Gajah C1', 'Non Key', 'Non Hanger', 7),
	(' PK4122', 'Bubblestar', 1, 4, 'PB4 Trellist', 'Non Key', 'Non Hanger', 5),
	(' PK4123', 'Bubblestar', 1, 4, 'PB4 Trellist C1', 'Non Key', 'Non Hanger', 5),
	(' PK4124', 'Bubblestar', 1, 4, 'PBK4 Monster', 'Non Key', 'Non Hanger', 7),
	(' PK4125', 'Bubblestar', 1, 4, 'PBK4 Power Baby', 'Non Key', 'Non Hanger', 7),
	(' PK4126', 'Bubblestar', 1, 4, 'PBK4 Common', 'Non Key', 'Non Hanger', 7),
	(' PK4127', 'Bubblestar', 1, 4, 'PBK4 Sonic', 'Non Key', 'Non Hanger', 6),
	(' PK4128', 'Bubblestar', 1, 4, 'PBK4 Jungle ', 'Non Key', 'Non Hanger', 6),
	(' PK4129', 'Bubblestar', 1, 4, 'PBK4 Stargirls', 'Non Key', 'Non Hanger', 3),
	(' PK4130', 'Bubblestar', 1, 4, 'PBK4 Dolphin', 'Non Key', 'Non Hanger', 7),
	(' PK4131', 'Bubblestar', 1, 4, 'PBK4 Dino', 'Non Key', 'Non Hanger', 7),
	(' PK4132', 'Bubblestar', 1, 4, 'PC4 Gajah ', 'Non Key', 'Non Hanger', 7),
	(' PK4133', 'Bubblestar', 1, 4, 'PC4 Jerapah', 'Non Key', 'Non Hanger', 5),
	(' PK4134', 'Bubblestar', 1, 4, 'PC4 Trelist', 'Non Key', 'Non Hanger', 5),
	(' PK4135', 'Bubblestar', 1, 4, 'PC4 Marbel Lurus (small)', 'Non Key', 'Non Hanger', 5),
	(' PK4136', 'Bubblestar', 1, 4, 'PC4 Marbel Serong (Large)', 'Non Key', 'Non Hanger', 5),
	(' PK5001', 'Bubblestar', 1, 5, 'PK5 Gajah', 'Key', 'Non Hanger', 7),
	(' PK5002', 'Bubblestar', 1, 5, 'PK5 Jerapah', 'Key', 'Non Hanger', 5),
	(' PK5003', 'Bubblestar', 1, 5, 'PK5 Dino', 'Key', 'Non Hanger', 7),
	(' PK5004', 'Bubblestar', 1, 5, 'PK5 Trelis', 'Key', 'Non Hanger', 5),
	(' PK5005', 'Bubblestar', 1, 5, 'PK5 Gajah', 'Key', 'Non Hanger', 7),
	(' PK5006', 'Bubblestar', 1, 5, 'PK5 Jerapah', 'Key', 'Hanger', 5),
	(' PK5007', 'Bubblestar', 1, 5, 'PK5 Dino', 'Key', 'Hanger', 7),
	(' PK5008', 'Bubblestar', 1, 5, 'PK5 Trelis', 'Key', 'Hanger', 5),
	(' PK5009', 'Bubblestar', 1, 5, 'PK5 Gajah', 'Non Key', 'Non Hanger', 7),
	(' PK5010', 'Bubblestar', 1, 5, 'PK5 Jerapah', 'Non Key', 'Non Hanger', 5),
	(' PK5011', 'Bubblestar', 1, 5, 'PK5 Dino', 'Non Key', 'Non Hanger', 7),
	(' PK5012', 'Bubblestar', 1, 5, 'PK5 Trelis', 'Non Key', 'Non Hanger', 5),
	(' PK5013', 'Bubblestar', 1, 5, 'PK5 Gajah', 'Non Key', 'Hanger', 7),
	(' PK5014', 'Bubblestar', 1, 5, 'PK5 Jerapah', 'Non Key', 'Hanger', 5),
	(' PK5015', 'Bubblestar', 1, 5, 'PK5 Dino', 'Non Key', 'Hanger', 7),
	(' PK5016', 'Bubblestar', 1, 5, 'PK5 Trelis', 'Non Key', 'Hanger', 5),
	(' POT1501', 'Yukari', 21, 0, 'Pot Bunga 15', 'Non Key', 'Non Hanger', 9),
	(' POT1502', 'Yukari', 21, 0, 'Pot Bunga 15', 'Non Key', 'Non Hanger', 3),
	(' POT1503', 'Yukari', 21, 0, 'Pot Bunga 15', 'Non Key', 'Non Hanger', 7),
	(' POT1504', 'Yukari', 21, 0, 'Pot Bunga 15', 'Non Key', 'Non Hanger', 24),
	(' POT1505', 'Yukari', 21, 0, 'Pot Bunga 15', 'Non Key', 'Non Hanger', 6),
	(' POT1506', 'Yukari', 21, 0, 'Pot Bunga 15', 'Non Key', 'Non Hanger', 8),
	(' POT1507', 'Yukari', 21, 0, 'Pot Bunga 15', 'Non Key', 'Non Hanger', 13),
	(' POT1508', 'Yukari', 21, 0, 'Pot Bunga 15', 'Non Key', 'Non Hanger', 4),
	(' POT1509', 'Yukari', 21, 0, 'Pot Bunga 15', 'Non Key', 'Non Hanger', 14),
	(' POT2001', 'Yukari', 21, 0, 'Pot Bunga 20', 'Non Key', 'Non Hanger', 9),
	(' POT2002', 'Yukari', 21, 0, 'Pot Bunga 20', 'Non Key', 'Non Hanger', 3),
	(' POT2003', 'Yukari', 21, 0, 'Pot Bunga 20', 'Non Key', 'Non Hanger', 7),
	(' POT2004', 'Yukari', 21, 0, 'Pot Bunga 20', 'Non Key', 'Non Hanger', 24),
	(' POT2005', 'Yukari', 21, 0, 'Pot Bunga 20', 'Non Key', 'Non Hanger', 6),
	(' POT2006', 'Yukari', 21, 0, 'Pot Bunga 20', 'Non Key', 'Non Hanger', 8),
	(' POT2007', 'Yukari', 21, 0, 'Pot Bunga 20', 'Non Key', 'Non Hanger', 13),
	(' POT2008', 'Yukari', 21, 0, 'Pot Bunga 20', 'Non Key', 'Non Hanger', 4),
	(' POT2009', 'Yukari', 21, 0, 'Pot Bunga 20', 'Non Key', 'Non Hanger', 14),
	(' POT2501', 'Yukari', 21, 0, 'Pot Bunga 25', 'Non Key', 'Non Hanger', 9),
	(' POT2502', 'Yukari', 21, 0, 'Pot Bunga 25', 'Non Key', 'Non Hanger', 3),
	(' POT2503', 'Yukari', 21, 0, 'Pot Bunga 25', 'Non Key', 'Non Hanger', 7),
	(' POT2504', 'Yukari', 21, 0, 'Pot Bunga 25', 'Non Key', 'Non Hanger', 24),
	(' POT2505', 'Yukari', 21, 0, 'Pot Bunga 25', 'Non Key', 'Non Hanger', 6),
	(' POT2506', 'Yukari', 21, 0, 'Pot Bunga 25', 'Non Key', 'Non Hanger', 8),
	(' POT2507', 'Yukari', 21, 0, 'Pot Bunga 25', 'Non Key', 'Non Hanger', 13),
	(' POT2508', 'Yukari', 21, 0, 'Pot Bunga 25', 'Non Key', 'Non Hanger', 4),
	(' POT2509', 'Yukari', 21, 0, 'Pot Bunga 25', 'Non Key', 'Non Hanger', 14),
	(' RB17001', 'Bubblestar', 16, 0, 'RB 17 Liter', 'Non Key', 'Non Hanger', 7),
	(' RB17002', 'Bubblestar', 16, 0, 'RB 17 Liter', 'Non Key', 'Non Hanger', 6),
	(' RB17003', 'Bubblestar', 16, 0, 'RB 17 Liter', 'Non Key', 'Non Hanger', 3),
	(' RB17004', 'Bubblestar', 16, 0, 'RB 17 Liter', 'Non Key', 'Non Hanger', 11),
	(' RB17005', 'Bubblestar', 16, 0, 'RB 17 Liter', 'Non Key', 'Non Hanger', 5),
	(' RB26001', 'Bubblestar', 16, 0, 'RB 26 Liter', 'Non Key', 'Non Hanger', 7),
	(' RB26002', 'Bubblestar', 16, 0, 'RB 26 Liter', 'Non Key', 'Non Hanger', 6),
	(' RB26003', 'Bubblestar', 16, 0, 'RB 26 Liter', 'Non Key', 'Non Hanger', 3),
	(' RB26004', 'Bubblestar', 16, 0, 'RB 26 Liter', 'Non Key', 'Non Hanger', 11),
	(' RB26005', 'Bubblestar', 16, 0, 'RB 26 Liter', 'Non Key', 'Non Hanger', 5),
	(' RB30001', 'Bubblestar', 16, 0, 'RB 30 Liter', 'Non Key', 'Non Hanger', 7),
	(' RB30002', 'Bubblestar', 16, 0, 'RB 30 Liter', 'Non Key', 'Non Hanger', 6),
	(' RB30003', 'Bubblestar', 16, 0, 'RB 30 Liter', 'Non Key', 'Non Hanger', 3),
	(' RB30004', 'Bubblestar', 16, 0, 'RB 30 Liter', 'Non Key', 'Non Hanger', 11),
	(' RB30005', 'Bubblestar', 16, 0, 'RB 30 Liter', 'Non Key', 'Non Hanger', 5),
	(' RB8001', 'Bubblestar', 16, 0, 'RB 8 Liter', 'Non Key', 'Non Hanger', 7),
	(' RB8002', 'Bubblestar', 16, 0, 'RB 8 Liter', 'Non Key', 'Non Hanger', 6),
	(' RB8003', 'Bubblestar', 16, 0, 'RB 8 Liter', 'Non Key', 'Non Hanger', 3),
	(' RB8004', 'Bubblestar', 16, 0, 'RB 8 Liter', 'Non Key', 'Non Hanger', 11),
	(' RB8005', 'Bubblestar', 16, 0, 'RB 8 Liter', 'Non Key', 'Non Hanger', 5),
	(' SQCR1001', 'Bubblestar', 18, 0, 'Square Chair', 'Non Key', 'Non Hanger', 3),
	(' SQCR1002', 'Bubblestar', 18, 0, 'Square Chair', 'Non Key', 'Non Hanger', 7),
	(' SQCR1003', 'Bubblestar', 18, 0, 'Square Chair', 'Non Key', 'Non Hanger', 6),
	(' SQCR1004', 'Bubblestar', 18, 0, 'Square Chair', 'Non Key', 'Non Hanger', 5),
	(' TKRT1001', 'Bubblestar', 17, 0, 'Kids Roud Table E 120 / RD', 'Non Key', 'Non Hanger', 3),
	(' TKRT1002', 'Bubblestar', 17, 0, 'Kids Roud Table E 120 / RD', 'Non Key', 'Non Hanger', 7),
	(' TKRT1003', 'Bubblestar', 17, 0, 'Kids Roud Table E 120 / RD', 'Non Key', 'Non Hanger', 6),
	(' TKRT1004', 'Bubblestar', 17, 0, 'Kids Roud Table E 120 / RD', 'Non Key', 'Non Hanger', 5),
	(' TKST1001', 'Bubblestar', 17, 0, 'Kids Square Table E 1212/4', 'Non Key', 'Non Hanger', 3),
	(' TKST1002', 'Bubblestar', 17, 0, 'Kids Square Table E 1212/4', 'Non Key', 'Non Hanger', 7),
	(' TKST1003', 'Bubblestar', 17, 0, 'Kids Square Table E 1212/4', 'Non Key', 'Non Hanger', 6),
	(' TKST1004', 'Bubblestar', 17, 0, 'Kids Square Table E 1212/4', 'Non Key', 'Non Hanger', 5),
	(' TKT1001', 'Bubblestar', 17, 0, 'Kiddy Table', 'Non Key', 'Non Hanger', 23),
	(' TKT1002', 'Bubblestar', 17, 0, 'Kiddy Table', 'Non Key', 'Non Hanger', 7),
	(' TKT1003', 'Bubblestar', 17, 0, 'Kiddy Table', 'Non Key', 'Non Hanger', 6),
	(' TKT1004', 'Bubblestar', 17, 0, 'Kiddy Table', 'Non Key', 'Non Hanger', 5),
	(' TOWELL5001', 'Bubblestar', 15, 0, 'Towel Hanger 510', 'Non Key', 'Non Hanger', 7),
	(' TOWELL5002', 'Bubblestar', 15, 0, 'Towel Hanger 510', 'Non Key', 'Non Hanger', 6),
	(' TOWELL5003', 'Bubblestar', 15, 0, 'Towel Hanger 510', 'Non Key', 'Non Hanger', 3),
	(' TOWELL5004', 'Bubblestar', 15, 0, 'Towel Hanger 510', 'Non Key', 'Non Hanger', 11),
	(' TOWELL5005', 'Bubblestar', 15, 0, 'Towel Hanger 510', 'Non Key', 'Non Hanger', 5),
	(' TOWELL5006', 'Bubblestar', 15, 0, 'Towel Hanger 520', 'Non Key', 'Non Hanger', 7),
	(' TOWELL5007', 'Bubblestar', 15, 0, 'Towel Hanger 520', 'Non Key', 'Non Hanger', 6),
	(' TOWELL5008', 'Bubblestar', 15, 0, 'Towel Hanger 520', 'Non Key', 'Non Hanger', 3),
	(' TOWELL5009', 'Bubblestar', 15, 0, 'Towel Hanger 520', 'Non Key', 'Non Hanger', 11),
	(' TOWELL5010', 'Bubblestar', 15, 0, 'Towel Hanger 520', 'Non Key', 'Non Hanger', 5),
	(' TOWELL5011', 'Bubblestar', 15, 0, 'Towel Hanger 530', 'Non Key', 'Non Hanger', 7),
	(' TOWELL5012', 'Bubblestar', 15, 0, 'Towel Hanger 530', 'Non Key', 'Non Hanger', 6),
	(' TOWELL5013', 'Bubblestar', 15, 0, 'Towel Hanger 530', 'Non Key', 'Non Hanger', 3),
	(' TOWELL5014', 'Bubblestar', 15, 0, 'Towel Hanger 530', 'Non Key', 'Non Hanger', 11),
	(' TOWELL5015', 'Bubblestar', 15, 0, 'Towel Hanger 530', 'Non Key', 'Non Hanger', 5),
	(' TRC1001', 'Bubblestar', 18, 0, 'Trendy Chair', 'Non Key', 'Non Hanger', 3),
	(' TRC1002', 'Bubblestar', 18, 0, 'Trendy Chair', 'Non Key', 'Non Hanger', 7),
	(' TRC1003', 'Bubblestar', 18, 0, 'Trendy Chair', 'Non Key', 'Non Hanger', 6),
	(' TRC1004', 'Bubblestar', 18, 0, 'Trendy Chair', 'Non Key', 'Non Hanger', 5),
	(' TST1001', 'Bubblestar', 17, 0, 'Square Table', 'Non Key', 'Non Hanger', 23),
	(' TST1002', 'Bubblestar', 17, 0, 'Square Table', 'Non Key', 'Non Hanger', 7),
	(' TST1003', 'Bubblestar', 17, 0, 'Square Table', 'Non Key', 'Non Hanger', 6),
	(' TST1004', 'Bubblestar', 17, 0, 'Square Table', 'Non Key', 'Non Hanger', 5),
	(' VENUS2001', 'Bubblestar', 3, 2, 'HP Stargirls Clasik', 'Non Key', 'Non Hanger', 11),
	(' VENUS2002', 'Bubblestar', 3, 2, 'HP Stargirls Modern', 'Non Key', 'Non Hanger', 11),
	(' VENUS2003', 'Bubblestar', 3, 2, 'HP Princes', 'Non Key', 'Non Hanger', 11),
	(' VENUS2004', 'Bubblestar', 3, 2, 'HP Snowhite', 'Non Key', 'Non Hanger', 11),
	(' VENUS2005', 'Bubblestar', 3, 2, 'HP Frozen Clasic', 'Non Key', 'Non Hanger', 11),
	(' VENUS2006', 'Bubblestar', 3, 2, 'HP Frozen Clasic', 'Non Key', 'Non Hanger', 7),
	(' VENUS2007', 'Bubblestar', 3, 2, 'HP Frozen Modern', 'Non Key', 'Non Hanger', 11),
	(' VENUS2008', 'Bubblestar', 3, 2, 'HP Frozen Modern', 'Non Key', 'Non Hanger', 7),
	(' VENUS2009', 'Bubblestar', 3, 2, 'HP Ariel', 'Non Key', 'Non Hanger', 11),
	(' VENUS2010', 'Bubblestar', 3, 2, 'HP Ariel', 'Non Key', 'Non Hanger', 6),
	(' VENUS2011', 'Bubblestar', 3, 2, 'HP Marsha', 'Non Key', 'Non Hanger', 11),
	(' VENUS2012', 'Bubblestar', 3, 2, 'HP Miniponi', 'Non Key', 'Non Hanger', 6),
	(' VENUS2013', 'Bubblestar', 3, 2, 'HP Miniponi', 'Non Key', 'Non Hanger', 11),
	(' VENUS2014', 'Bubblestar', 3, 2, 'HP Pororo', 'Non Key', 'Non Hanger', 7),
	(' VENUS2015', 'Bubblestar', 3, 2, 'HP Pororo', 'Non Key', 'Non Hanger', 6),
	(' VENUS2016', 'Bubblestar', 3, 2, 'HP Pororo', 'Non Key', 'Non Hanger', 11),
	(' VENUS2017', 'Bubblestar', 3, 2, 'HP Pocoyo', 'Non Key', 'Non Hanger', 7),
	(' VENUS2018', 'Bubblestar', 3, 2, 'HP Pocoyo', 'Non Key', 'Non Hanger', 6),
	(' VENUS2019', 'Bubblestar', 3, 2, 'HP Pocoyo', 'Non Key', 'Non Hanger', 11),
	(' VENUS2020', 'Bubblestar', 3, 2, 'HP Elemo', 'Non Key', 'Non Hanger', 6),
	(' VENUS2021', 'Bubblestar', 3, 2, 'HP Elemo', 'Non Key', 'Non Hanger', 7),
	(' VENUS2022', 'Bubblestar', 3, 2, 'HP Minion', 'Non Key', 'Non Hanger', 6),
	(' VENUS2023', 'Bubblestar', 3, 2, 'HP Minion', 'Non Key', 'Non Hanger', 7),
	(' VENUS2024', 'Bubblestar', 3, 2, 'HP Pikachu', 'Non Key', 'Non Hanger', 6),
	(' VENUS2025', 'Bubblestar', 3, 2, 'HP Boboboy', 'Non Key', 'Non Hanger', 7),
	(' VENUS2026', 'Bubblestar', 3, 2, 'HP Cars', 'Non Key', 'Non Hanger', 7),
	(' VENUS2027', 'Bubblestar', 3, 2, 'HP Cars', 'Non Key', 'Non Hanger', 6),
	(' VENUS2028', 'Bubblestar', 3, 2, 'HP Cars', 'Non Key', 'Non Hanger', 3),
	(' VENUS2029', 'Bubblestar', 3, 2, 'HP Big Hero', 'Non Key', 'Non Hanger', 7),
	(' VENUS2030', 'Bubblestar', 3, 2, 'HP Big Hero', 'Non Key', 'Non Hanger', 6),
	(' VENUS2031', 'Bubblestar', 3, 2, 'HP Big Hero', 'Non Key', 'Non Hanger', 3),
	(' VENUS2032', 'Bubblestar', 3, 2, 'HP Transformers', 'Non Key', 'Non Hanger', 7),
	(' VENUS2033', 'Bubblestar', 3, 2, 'HP Transformers', 'Non Key', 'Non Hanger', 6),
	(' VENUS2034', 'Bubblestar', 3, 2, 'HP Transformers', 'Non Key', 'Non Hanger', 3),
	(' VENUS2035', 'Bubblestar', 3, 2, 'HP Thomas', 'Non Key', 'Non Hanger', 7),
	(' VENUS2036', 'Bubblestar', 3, 2, 'HP Thomas', 'Non Key', 'Non Hanger', 6),
	(' VENUS2037', 'Bubblestar', 3, 2, 'HP Thomas', 'Non Key', 'Non Hanger', 3),
	(' VENUS2038', 'Bubblestar', 3, 2, 'HP Batik 01 Flowers', 'Non Key', 'Non Hanger', 6),
	(' VENUS2039', 'Bubblestar', 3, 2, 'HP Batik 02 Flowers', 'Non Key', 'Non Hanger', 13),
	(' VENUS2040', 'Bubblestar', 3, 2, 'HP Batik 03 Diamond', 'Non Key', 'Non Hanger', 13),
	(' VENUS2041', 'Bubblestar', 3, 2, 'HP Rotan Mix', 'Non Key', 'Non Hanger', 7),
	(' VENUS2042', 'Bubblestar', 3, 2, 'HP Rotan Mix', 'Non Key', 'Non Hanger', 6),
	(' VENUS2043', 'Bubblestar', 3, 2, 'HP Rotan Mix', 'Non Key', 'Non Hanger', 3),
	(' VENUS2044', 'Bubblestar', 3, 2, 'HP Rotan Mix', 'Non Key', 'Non Hanger', 11),
	(' VENUS2045', 'Bubblestar', 3, 2, 'HP Rotan Mix', 'Non Key', 'Non Hanger', 13),
	(' VENUS2046', 'Bubblestar', 3, 2, 'HP Rotan Full', 'Non Key', 'Non Hanger', 7),
	(' VENUS2047', 'Bubblestar', 3, 2, 'HP Rotan Full', 'Non Key', 'Non Hanger', 6),
	(' VENUS2048', 'Bubblestar', 3, 2, 'HP Rotan Full', 'Non Key', 'Non Hanger', 3),
	(' VENUS2049', 'Bubblestar', 3, 2, 'HP Rotan Full', 'Non Key', 'Non Hanger', 11),
	(' VENUS2050', 'Bubblestar', 3, 2, 'HP Rotan Full', 'Non Key', 'Non Hanger', 13),
	(' VENUS2051', 'Bubblestar', 3, 2, 'HP Hexa Mix', 'Non Key', 'Non Hanger', 7),
	(' VENUS2052', 'Bubblestar', 3, 2, 'HP Hexa Mix', 'Non Key', 'Non Hanger', 6),
	(' VENUS2053', 'Bubblestar', 3, 2, 'HP Hexa Mix', 'Non Key', 'Non Hanger', 3),
	(' VENUS2054', 'Bubblestar', 3, 2, 'HP Hexa Mix', 'Non Key', 'Non Hanger', 11),
	(' VENUS2055', 'Bubblestar', 3, 2, 'HP Hexa Mix', 'Non Key', 'Non Hanger', 13),
	(' VENUS2056', 'Bubblestar', 3, 2, 'HP Hexa Full', 'Non Key', 'Non Hanger', 7),
	(' VENUS2057', 'Bubblestar', 3, 2, 'HP Hexa Full', 'Non Key', 'Non Hanger', 6),
	(' VENUS2058', 'Bubblestar', 3, 2, 'HP Hexa Full', 'Non Key', 'Non Hanger', 3),
	(' VENUS2059', 'Bubblestar', 3, 2, 'HP Hexa Full', 'Non Key', 'Non Hanger', 11),
	(' VENUS2060', 'Bubblestar', 3, 2, 'HP Hexa Full', 'Non Key', 'Non Hanger', 13),
	(' VENUS2061', 'Bubblestar', 3, 2, '3D Panda (Juju Jojo)', 'Non Key', 'Non Hanger', 7),
	(' VENUS2062', 'Bubblestar', 3, 2, '3D Panda (Juju Jojo)', 'Non Key', 'Non Hanger', 6),
	(' VENUS2063', 'Bubblestar', 3, 2, '3D Panda (Juju Jojo)', 'Non Key', 'Non Hanger', 3),
	(' VENUS2064', 'Bubblestar', 3, 2, '3D Panda (Juju Jojo)', 'Non Key', 'Non Hanger', 11),
	(' VENUS2065', 'Bubblestar', 3, 2, '3D Spongbob & Patrick', 'Non Key', 'Non Hanger', 7),
	(' VENUS2066', 'Bubblestar', 3, 2, '3D Spongbob & Patrick', 'Non Key', 'Non Hanger', 6),
	(' VENUS2067', 'Bubblestar', 3, 2, '3D Spongbob & Patrick', 'Non Key', 'Non Hanger', 3),
	(' VENUS2068', 'Bubblestar', 3, 2, '3D Spongbob & Patrick', 'Non Key', 'Non Hanger', 11),
	(' VENUS2069', 'Bubblestar', 3, 2, '3D Donal & Dessy', 'Non Key', 'Non Hanger', 7),
	(' VENUS2070', 'Bubblestar', 3, 2, '3D Donal & Dessy', 'Non Key', 'Non Hanger', 6),
	(' VENUS2071', 'Bubblestar', 3, 2, '3D Donal & Dessy', 'Non Key', 'Non Hanger', 3),
	(' VENUS2072', 'Bubblestar', 3, 2, '3D Donal & Dessy', 'Non Key', 'Non Hanger', 11),
	(' VENUS2073', 'Bubblestar', 3, 2, '3D Litle Duck & Cat', 'Non Key', 'Non Hanger', 7),
	(' VENUS2074', 'Bubblestar', 3, 2, '3D Litle Duck & Cat', 'Non Key', 'Non Hanger', 6),
	(' VENUS2075', 'Bubblestar', 3, 2, '3D Litle Duck & Cat', 'Non Key', 'Non Hanger', 3),
	(' VENUS2076', 'Bubblestar', 3, 2, '3D Litle Duck & Cat', 'Non Key', 'Non Hanger', 11),
	(' VENUS2077', 'Bubblestar', 3, 2, '3D Sonic & Amy', 'Non Key', 'Non Hanger', 7),
	(' VENUS2078', 'Bubblestar', 3, 2, '3D Sonic & Amy', 'Non Key', 'Non Hanger', 6),
	(' VENUS2079', 'Bubblestar', 3, 2, '3D Sonic & Amy', 'Non Key', 'Non Hanger', 3),
	(' VENUS2080', 'Bubblestar', 3, 2, '3D Ester & Bunny', 'Non Key', 'Non Hanger', 7),
	(' VENUS2081', 'Bubblestar', 3, 2, '3D Ester & Bunny', 'Non Key', 'Non Hanger', 6),
	(' VENUS2082', 'Bubblestar', 3, 2, '3D Ester & Bunny', 'Non Key', 'Non Hanger', 3),
	(' VENUS2083', 'Bubblestar', 3, 2, '3D Ester & Bunny', 'Non Key', 'Non Hanger', 11),
	(' VENUS2084', 'Bubblestar', 3, 2, '3D Tazmania & Bird', 'Non Key', 'Non Hanger', 7),
	(' VENUS2085', 'Bubblestar', 3, 2, '3D Tazmania & Bird', 'Non Key', 'Non Hanger', 6),
	(' VENUS2086', 'Bubblestar', 3, 2, '3D Tazmania & Bird', 'Non Key', 'Non Hanger', 3),
	(' VENUS2087', 'Bubblestar', 3, 2, '3D Popeye & Olive', 'Non Key', 'Non Hanger', 7),
	(' VENUS2088', 'Bubblestar', 3, 2, '3D Popeye & Olive', 'Non Key', 'Non Hanger', 6),
	(' VENUS2089', 'Bubblestar', 3, 2, '3D Popeye & Olive', 'Non Key', 'Non Hanger', 3),
	(' VENUS2090', 'Bubblestar', 3, 2, '3D Popeye & Olive', 'Non Key', 'Non Hanger', 11),
	(' VENUS3001', 'Bubblestar', 3, 3, 'HP Stargirls Clasik', 'Non Key', 'Non Hanger', 11),
	(' VENUS3002', 'Bubblestar', 3, 3, 'HP Stargirls Modern', 'Non Key', 'Non Hanger', 11),
	(' VENUS3003', 'Bubblestar', 3, 3, 'HP Princes', 'Non Key', 'Non Hanger', 11),
	(' VENUS3004', 'Bubblestar', 3, 3, 'HP Snowhite', 'Non Key', 'Non Hanger', 11),
	(' VENUS3005', 'Bubblestar', 3, 3, 'HP Frozen Clasic', 'Non Key', 'Non Hanger', 11),
	(' VENUS3006', 'Bubblestar', 3, 3, 'HP Frozen Clasic', 'Non Key', 'Non Hanger', 7),
	(' VENUS3007', 'Bubblestar', 3, 3, 'HP Frozen Modern', 'Non Key', 'Non Hanger', 11),
	(' VENUS3008', 'Bubblestar', 3, 3, 'HP Frozen Modern', 'Non Key', 'Non Hanger', 7),
	(' VENUS3009', 'Bubblestar', 3, 3, 'HP Ariel', 'Non Key', 'Non Hanger', 11),
	(' VENUS3010', 'Bubblestar', 3, 3, 'HP Ariel', 'Non Key', 'Non Hanger', 6),
	(' VENUS3011', 'Bubblestar', 3, 3, 'HP Marsha', 'Non Key', 'Non Hanger', 11),
	(' VENUS3012', 'Bubblestar', 3, 3, 'HP Miniponi', 'Non Key', 'Non Hanger', 6),
	(' VENUS3013', 'Bubblestar', 3, 3, 'HP Miniponi', 'Non Key', 'Non Hanger', 11),
	(' VENUS3014', 'Bubblestar', 3, 3, 'HP Pororo', 'Non Key', 'Non Hanger', 7),
	(' VENUS3015', 'Bubblestar', 3, 3, 'HP Pororo', 'Non Key', 'Non Hanger', 6),
	(' VENUS3016', 'Bubblestar', 3, 3, 'HP Pororo', 'Non Key', 'Non Hanger', 11),
	(' VENUS3017', 'Bubblestar', 3, 3, 'HP Pocoyo', 'Non Key', 'Non Hanger', 7),
	(' VENUS3018', 'Bubblestar', 3, 3, 'HP Pocoyo', 'Non Key', 'Non Hanger', 6),
	(' VENUS3019', 'Bubblestar', 3, 3, 'HP Pocoyo', 'Non Key', 'Non Hanger', 11),
	(' VENUS3020', 'Bubblestar', 3, 3, 'HP Elemo', 'Non Key', 'Non Hanger', 6),
	(' VENUS3021', 'Bubblestar', 3, 3, 'HP Elemo', 'Non Key', 'Non Hanger', 7),
	(' VENUS3022', 'Bubblestar', 3, 3, 'HP Minion', 'Non Key', 'Non Hanger', 6),
	(' VENUS3023', 'Bubblestar', 3, 3, 'HP Minion', 'Non Key', 'Non Hanger', 7),
	(' VENUS3024', 'Bubblestar', 3, 3, 'HP Pikachu', 'Non Key', 'Non Hanger', 6),
	(' VENUS3025', 'Bubblestar', 3, 3, 'HP Boboboy', 'Non Key', 'Non Hanger', 7),
	(' VENUS3026', 'Bubblestar', 3, 3, 'HP Cars', 'Non Key', 'Non Hanger', 7),
	(' VENUS3027', 'Bubblestar', 3, 3, 'HP Cars', 'Non Key', 'Non Hanger', 6),
	(' VENUS3028', 'Bubblestar', 3, 3, 'HP Cars', 'Non Key', 'Non Hanger', 3),
	(' VENUS3029', 'Bubblestar', 3, 3, 'HP Big Hero', 'Non Key', 'Non Hanger', 7),
	(' VENUS3030', 'Bubblestar', 3, 3, 'HP Big Hero', 'Non Key', 'Non Hanger', 6),
	(' VENUS3031', 'Bubblestar', 3, 3, 'HP Big Hero', 'Non Key', 'Non Hanger', 3),
	(' VENUS3032', 'Bubblestar', 3, 3, 'HP Transformers', 'Non Key', 'Non Hanger', 7),
	(' VENUS3033', 'Bubblestar', 3, 3, 'HP Transformers', 'Non Key', 'Non Hanger', 6),
	(' VENUS3034', 'Bubblestar', 3, 3, 'HP Transformers', 'Non Key', 'Non Hanger', 3),
	(' VENUS3035', 'Bubblestar', 3, 3, 'HP Thomas', 'Non Key', 'Non Hanger', 7),
	(' VENUS3036', 'Bubblestar', 3, 3, 'HP Thomas', 'Non Key', 'Non Hanger', 6),
	(' VENUS3037', 'Bubblestar', 3, 3, 'HP Thomas', 'Non Key', 'Non Hanger', 3),
	(' VENUS3038', 'Bubblestar', 3, 3, 'HP Batik 01 Flowers', 'Non Key', 'Non Hanger', 6),
	(' VENUS3039', 'Bubblestar', 3, 3, 'HP Batik 02 Flowers', 'Non Key', 'Non Hanger', 13),
	(' VENUS3040', 'Bubblestar', 3, 3, 'HP Batik 03 Diamond', 'Non Key', 'Non Hanger', 13),
	(' VENUS3041', 'Bubblestar', 3, 3, 'HP Rotan Mix', 'Non Key', 'Non Hanger', 7),
	(' VENUS3042', 'Bubblestar', 3, 3, 'HP Rotan Mix', 'Non Key', 'Non Hanger', 6),
	(' VENUS3043', 'Bubblestar', 3, 3, 'HP Rotan Mix', 'Non Key', 'Non Hanger', 3),
	(' VENUS3044', 'Bubblestar', 3, 3, 'HP Rotan Mix', 'Non Key', 'Non Hanger', 11),
	(' VENUS3045', 'Bubblestar', 3, 3, 'HP Rotan Mix', 'Non Key', 'Non Hanger', 13),
	(' VENUS3046', 'Bubblestar', 3, 3, 'HP Rotan Full', 'Non Key', 'Non Hanger', 7),
	(' VENUS3047', 'Bubblestar', 3, 3, 'HP Rotan Full', 'Non Key', 'Non Hanger', 6),
	(' VENUS3048', 'Bubblestar', 3, 3, 'HP Rotan Full', 'Non Key', 'Non Hanger', 3),
	(' VENUS3049', 'Bubblestar', 3, 3, 'HP Rotan Full', 'Non Key', 'Non Hanger', 11),
	(' VENUS3050', 'Bubblestar', 3, 3, 'HP Rotan Full', 'Non Key', 'Non Hanger', 13),
	(' VENUS3051', 'Bubblestar', 3, 3, 'HP Hexa Mix', 'Non Key', 'Non Hanger', 7),
	(' VENUS3052', 'Bubblestar', 3, 3, 'HP Hexa Mix', 'Non Key', 'Non Hanger', 6),
	(' VENUS3053', 'Bubblestar', 3, 3, 'HP Hexa Mix', 'Non Key', 'Non Hanger', 3),
	(' VENUS3054', 'Bubblestar', 3, 3, 'HP Hexa Mix', 'Non Key', 'Non Hanger', 11),
	(' VENUS3055', 'Bubblestar', 3, 3, 'HP Hexa Mix', 'Non Key', 'Non Hanger', 13),
	(' VENUS3056', 'Bubblestar', 3, 3, 'HP Hexa Full', 'Non Key', 'Non Hanger', 7),
	(' VENUS3057', 'Bubblestar', 3, 3, 'HP Hexa Full', 'Non Key', 'Non Hanger', 6),
	(' VENUS3058', 'Bubblestar', 3, 3, 'HP Hexa Full', 'Non Key', 'Non Hanger', 3),
	(' VENUS3059', 'Bubblestar', 3, 3, 'HP Hexa Full', 'Non Key', 'Non Hanger', 11),
	(' VENUS3060', 'Bubblestar', 3, 3, 'HP Hexa Full', 'Non Key', 'Non Hanger', 13),
	(' VENUS3061', 'Bubblestar', 3, 3, '3D Panda (Juju Jojo)', 'Non Key', 'Non Hanger', 7),
	(' VENUS3062', 'Bubblestar', 3, 3, '3D Panda (Juju Jojo)', 'Non Key', 'Non Hanger', 6),
	(' VENUS3063', 'Bubblestar', 3, 3, '3D Panda (Juju Jojo)', 'Non Key', 'Non Hanger', 3),
	(' VENUS3064', 'Bubblestar', 3, 3, '3D Panda (Juju Jojo)', 'Non Key', 'Non Hanger', 11),
	(' VENUS3065', 'Bubblestar', 3, 3, '3D Spongbob & Patrick', 'Non Key', 'Non Hanger', 7),
	(' VENUS3066', 'Bubblestar', 3, 3, '3D Spongbob & Patrick', 'Non Key', 'Non Hanger', 6),
	(' VENUS3067', 'Bubblestar', 3, 3, '3D Spongbob & Patrick', 'Non Key', 'Non Hanger', 3),
	(' VENUS3068', 'Bubblestar', 3, 3, '3D Spongbob & Patrick', 'Non Key', 'Non Hanger', 11),
	(' VENUS3069', 'Bubblestar', 3, 3, '3D Donal & Dessy', 'Non Key', 'Non Hanger', 7),
	(' VENUS3070', 'Bubblestar', 3, 3, '3D Donal & Dessy', 'Non Key', 'Non Hanger', 6),
	(' VENUS3071', 'Bubblestar', 3, 3, '3D Donal & Dessy', 'Non Key', 'Non Hanger', 3),
	(' VENUS3072', 'Bubblestar', 3, 3, '3D Donal & Dessy', 'Non Key', 'Non Hanger', 11),
	(' VENUS3073', 'Bubblestar', 3, 3, '3D Litle Duck & Cat', 'Non Key', 'Non Hanger', 7),
	(' VENUS3074', 'Bubblestar', 3, 3, '3D Litle Duck & Cat', 'Non Key', 'Non Hanger', 6),
	(' VENUS3075', 'Bubblestar', 3, 3, '3D Litle Duck & Cat', 'Non Key', 'Non Hanger', 3),
	(' VENUS3076', 'Bubblestar', 3, 3, '3D Litle Duck & Cat', 'Non Key', 'Non Hanger', 11),
	(' VENUS3077', 'Bubblestar', 3, 3, '3D Sonic & Amy', 'Non Key', 'Non Hanger', 7),
	(' VENUS3078', 'Bubblestar', 3, 3, '3D Sonic & Amy', 'Non Key', 'Non Hanger', 6),
	(' VENUS3079', 'Bubblestar', 3, 3, '3D Sonic & Amy', 'Non Key', 'Non Hanger', 3),
	(' VENUS3080', 'Bubblestar', 3, 3, '3D Ester & Bunny', 'Non Key', 'Non Hanger', 7),
	(' VENUS3081', 'Bubblestar', 3, 3, '3D Ester & Bunny', 'Non Key', 'Non Hanger', 6),
	(' VENUS3082', 'Bubblestar', 3, 3, '3D Ester & Bunny', 'Non Key', 'Non Hanger', 3),
	(' VENUS3083', 'Bubblestar', 3, 3, '3D Ester & Bunny', 'Non Key', 'Non Hanger', 11),
	(' VENUS3084', 'Bubblestar', 3, 3, '3D Tazmania & Bird', 'Non Key', 'Non Hanger', 7),
	(' VENUS3085', 'Bubblestar', 3, 3, '3D Tazmania & Bird', 'Non Key', 'Non Hanger', 6),
	(' VENUS3086', 'Bubblestar', 3, 3, '3D Tazmania & Bird', 'Non Key', 'Non Hanger', 3),
	(' VENUS3087', 'Bubblestar', 3, 3, '3D Popeye & Olive', 'Non Key', 'Non Hanger', 7),
	(' VENUS3088', 'Bubblestar', 3, 3, '3D Popeye & Olive', 'Non Key', 'Non Hanger', 6),
	(' VENUS3089', 'Bubblestar', 3, 3, '3D Popeye & Olive', 'Non Key', 'Non Hanger', 3),
	(' VENUS3090', 'Bubblestar', 3, 3, '3D Popeye & Olive', 'Non Key', 'Non Hanger', 11),
	(' VENUS4001', 'Bubblestar', 3, 4, 'HP Stargirls Clasik', 'Non Key', 'Non Hanger', 11),
	(' VENUS4002', 'Bubblestar', 3, 4, 'HP Stargirls Modern', 'Non Key', 'Non Hanger', 11),
	(' VENUS4003', 'Bubblestar', 3, 4, 'HP Princes', 'Non Key', 'Non Hanger', 11),
	(' VENUS4004', 'Bubblestar', 3, 4, 'HP Snowhite', 'Non Key', 'Non Hanger', 11),
	(' VENUS4005', 'Bubblestar', 3, 4, 'HP Frozen Clasic', 'Non Key', 'Non Hanger', 11),
	(' VENUS4006', 'Bubblestar', 3, 4, 'HP Frozen Clasic', 'Non Key', 'Non Hanger', 7),
	(' VENUS4007', 'Bubblestar', 3, 4, 'HP Frozen Modern', 'Non Key', 'Non Hanger', 11),
	(' VENUS4008', 'Bubblestar', 3, 4, 'HP Frozen Modern', 'Non Key', 'Non Hanger', 7),
	(' VENUS4009', 'Bubblestar', 3, 4, 'HP Ariel', 'Non Key', 'Non Hanger', 11),
	(' VENUS4010', 'Bubblestar', 3, 4, 'HP Ariel', 'Non Key', 'Non Hanger', 6),
	(' VENUS4011', 'Bubblestar', 3, 4, 'HP Marsha', 'Non Key', 'Non Hanger', 11),
	(' VENUS4012', 'Bubblestar', 3, 4, 'HP Miniponi', 'Non Key', 'Non Hanger', 6),
	(' VENUS4013', 'Bubblestar', 3, 4, 'HP Miniponi', 'Non Key', 'Non Hanger', 11),
	(' VENUS4014', 'Bubblestar', 3, 4, 'HP Pororo', 'Non Key', 'Non Hanger', 7),
	(' VENUS4015', 'Bubblestar', 3, 4, 'HP Pororo', 'Non Key', 'Non Hanger', 6),
	(' VENUS4016', 'Bubblestar', 3, 4, 'HP Pororo', 'Non Key', 'Non Hanger', 11),
	(' VENUS4017', 'Bubblestar', 3, 4, 'HP Pocoyo', 'Non Key', 'Non Hanger', 7),
	(' VENUS4018', 'Bubblestar', 3, 4, 'HP Pocoyo', 'Non Key', 'Non Hanger', 6),
	(' VENUS4019', 'Bubblestar', 3, 4, 'HP Pocoyo', 'Non Key', 'Non Hanger', 11),
	(' VENUS4020', 'Bubblestar', 3, 4, 'HP Elemo', 'Non Key', 'Non Hanger', 6),
	(' VENUS4021', 'Bubblestar', 3, 4, 'HP Elemo', 'Non Key', 'Non Hanger', 7),
	(' VENUS4022', 'Bubblestar', 3, 4, 'HP Minion', 'Non Key', 'Non Hanger', 6),
	(' VENUS4023', 'Bubblestar', 3, 4, 'HP Minion', 'Non Key', 'Non Hanger', 7),
	(' VENUS4024', 'Bubblestar', 3, 4, 'HP Pikachu', 'Non Key', 'Non Hanger', 6),
	(' VENUS4025', 'Bubblestar', 3, 4, 'HP Boboboy', 'Non Key', 'Non Hanger', 7),
	(' VENUS4026', 'Bubblestar', 3, 4, 'HP Cars', 'Non Key', 'Non Hanger', 7),
	(' VENUS4027', 'Bubblestar', 3, 4, 'HP Cars', 'Non Key', 'Non Hanger', 6),
	(' VENUS4028', 'Bubblestar', 3, 4, 'HP Cars', 'Non Key', 'Non Hanger', 3),
	(' VENUS4029', 'Bubblestar', 3, 4, 'HP Big Hero', 'Non Key', 'Non Hanger', 7),
	(' VENUS4030', 'Bubblestar', 3, 4, 'HP Big Hero', 'Non Key', 'Non Hanger', 6),
	(' VENUS4031', 'Bubblestar', 3, 4, 'HP Big Hero', 'Non Key', 'Non Hanger', 3),
	(' VENUS4032', 'Bubblestar', 3, 4, 'HP Transformers', 'Non Key', 'Non Hanger', 7),
	(' VENUS4033', 'Bubblestar', 3, 4, 'HP Transformers', 'Non Key', 'Non Hanger', 6),
	(' VENUS4034', 'Bubblestar', 3, 4, 'HP Transformers', 'Non Key', 'Non Hanger', 3),
	(' VENUS4035', 'Bubblestar', 3, 4, 'HP Thomas', 'Non Key', 'Non Hanger', 7),
	(' VENUS4036', 'Bubblestar', 3, 4, 'HP Thomas', 'Non Key', 'Non Hanger', 6),
	(' VENUS4037', 'Bubblestar', 3, 4, 'HP Thomas', 'Non Key', 'Non Hanger', 3),
	(' VENUS4038', 'Bubblestar', 3, 4, 'HP Batik 01 Flowers', 'Non Key', 'Non Hanger', 6),
	(' VENUS4039', 'Bubblestar', 3, 4, 'HP Batik 02 Flowers', 'Non Key', 'Non Hanger', 13),
	(' VENUS4040', 'Bubblestar', 3, 4, 'HP Batik 03 Diamond', 'Non Key', 'Non Hanger', 13),
	(' VENUS4041', 'Bubblestar', 3, 4, 'HP Rotan Mix', 'Non Key', 'Non Hanger', 7),
	(' VENUS4042', 'Bubblestar', 3, 4, 'HP Rotan Mix', 'Non Key', 'Non Hanger', 6),
	(' VENUS4043', 'Bubblestar', 3, 4, 'HP Rotan Mix', 'Non Key', 'Non Hanger', 3),
	(' VENUS4044', 'Bubblestar', 3, 4, 'HP Rotan Mix', 'Non Key', 'Non Hanger', 11),
	(' VENUS4045', 'Bubblestar', 3, 4, 'HP Rotan Mix', 'Non Key', 'Non Hanger', 13),
	(' VENUS4046', 'Bubblestar', 3, 4, 'HP Rotan Full', 'Non Key', 'Non Hanger', 7),
	(' VENUS4047', 'Bubblestar', 3, 4, 'HP Rotan Full', 'Non Key', 'Non Hanger', 6),
	(' VENUS4048', 'Bubblestar', 3, 4, 'HP Rotan Full', 'Non Key', 'Non Hanger', 3),
	(' VENUS4049', 'Bubblestar', 3, 4, 'HP Rotan Full', 'Non Key', 'Non Hanger', 11),
	(' VENUS4050', 'Bubblestar', 3, 4, 'HP Rotan Full', 'Non Key', 'Non Hanger', 13),
	(' VENUS4051', 'Bubblestar', 3, 4, 'HP Hexa Mix', 'Non Key', 'Non Hanger', 7),
	(' VENUS4052', 'Bubblestar', 3, 4, 'HP Hexa Mix', 'Non Key', 'Non Hanger', 6),
	(' VENUS4053', 'Bubblestar', 3, 4, 'HP Hexa Mix', 'Non Key', 'Non Hanger', 3),
	(' VENUS4054', 'Bubblestar', 3, 4, 'HP Hexa Mix', 'Non Key', 'Non Hanger', 11),
	(' VENUS4055', 'Bubblestar', 3, 4, 'HP Hexa Mix', 'Non Key', 'Non Hanger', 13),
	(' VENUS4056', 'Bubblestar', 3, 4, 'HP Hexa Full', 'Non Key', 'Non Hanger', 7),
	(' VENUS4057', 'Bubblestar', 3, 4, 'HP Hexa Full', 'Non Key', 'Non Hanger', 6),
	(' VENUS4058', 'Bubblestar', 3, 4, 'HP Hexa Full', 'Non Key', 'Non Hanger', 3),
	(' VENUS4059', 'Bubblestar', 3, 4, 'HP Hexa Full', 'Non Key', 'Non Hanger', 11),
	(' VENUS4060', 'Bubblestar', 3, 4, 'HP Hexa Full', 'Non Key', 'Non Hanger', 13),
	(' VENUS4061', 'Bubblestar', 3, 4, 'HP Hexa Full', 'Non Key', 'Non Hanger', 9),
	(' VENUS4062', 'Bubblestar', 3, 4, '3D Panda (Juju Jojo)', 'Non Key', 'Non Hanger', 7),
	(' VENUS4063', 'Bubblestar', 3, 4, '3D Panda (Juju Jojo)', 'Non Key', 'Non Hanger', 6),
	(' VENUS4064', 'Bubblestar', 3, 4, '3D Panda (Juju Jojo)', 'Non Key', 'Non Hanger', 3),
	(' VENUS4065', 'Bubblestar', 3, 4, '3D Panda (Juju Jojo)', 'Non Key', 'Non Hanger', 11),
	(' VENUS4066', 'Bubblestar', 3, 4, '3D Spongbob & Patrick', 'Non Key', 'Non Hanger', 7),
	(' VENUS4067', 'Bubblestar', 3, 4, '3D Spongbob & Patrick', 'Non Key', 'Non Hanger', 6),
	(' VENUS4068', 'Bubblestar', 3, 4, '3D Spongbob & Patrick', 'Non Key', 'Non Hanger', 3),
	(' VENUS4069', 'Bubblestar', 3, 4, '3D Spongbob & Patrick', 'Non Key', 'Non Hanger', 11),
	(' VENUS4070', 'Bubblestar', 3, 4, '3D Donal & Dessy', 'Non Key', 'Non Hanger', 7),
	(' VENUS4071', 'Bubblestar', 3, 4, '3D Donal & Dessy', 'Non Key', 'Non Hanger', 6),
	(' VENUS4072', 'Bubblestar', 3, 4, '3D Donal & Dessy', 'Non Key', 'Non Hanger', 3),
	(' VENUS4073', 'Bubblestar', 3, 4, '3D Donal & Dessy', 'Non Key', 'Non Hanger', 11),
	(' VENUS4074', 'Bubblestar', 3, 4, '3D Litle Duck & Cat', 'Non Key', 'Non Hanger', 7),
	(' VENUS4075', 'Bubblestar', 3, 4, '3D Litle Duck & Cat', 'Non Key', 'Non Hanger', 6),
	(' VENUS4076', 'Bubblestar', 3, 4, '3D Litle Duck & Cat', 'Non Key', 'Non Hanger', 3),
	(' VENUS4077', 'Bubblestar', 3, 4, '3D Litle Duck & Cat', 'Non Key', 'Non Hanger', 11),
	(' VENUS4078', 'Bubblestar', 3, 4, '3D Sonic & Amy', 'Non Key', 'Non Hanger', 7),
	(' VENUS4079', 'Bubblestar', 3, 4, '3D Sonic & Amy', 'Non Key', 'Non Hanger', 6),
	(' VENUS4080', 'Bubblestar', 3, 4, '3D Sonic & Amy', 'Non Key', 'Non Hanger', 3),
	(' VENUS4081', 'Bubblestar', 3, 4, '3D Ester & Bunny', 'Non Key', 'Non Hanger', 7),
	(' VENUS4082', 'Bubblestar', 3, 4, '3D Ester & Bunny', 'Non Key', 'Non Hanger', 6),
	(' VENUS4083', 'Bubblestar', 3, 4, '3D Ester & Bunny', 'Non Key', 'Non Hanger', 3),
	(' VENUS4084', 'Bubblestar', 3, 4, '3D Ester & Bunny', 'Non Key', 'Non Hanger', 11),
	(' VENUS4085', 'Bubblestar', 3, 4, '3D Tazmania & Bird', 'Non Key', 'Non Hanger', 7),
	(' VENUS4086', 'Bubblestar', 3, 4, '3D Tazmania & Bird', 'Non Key', 'Non Hanger', 6),
	(' VENUS4087', 'Bubblestar', 3, 4, '3D Tazmania & Bird', 'Non Key', 'Non Hanger', 3),
	(' VENUS4088', 'Bubblestar', 3, 4, '3D Popeye & Olive', 'Non Key', 'Non Hanger', 7),
	(' VENUS4089', 'Bubblestar', 3, 4, '3D Popeye & Olive', 'Non Key', 'Non Hanger', 6),
	(' VENUS4090', 'Bubblestar', 3, 4, '3D Popeye & Olive', 'Non Key', 'Non Hanger', 3),
	(' VENUS4091', 'Bubblestar', 3, 4, '3D Popeye & Olive', 'Non Key', 'Non Hanger', 11),
	(' YUKARI2001', 'Yukari', 8, 2, 'Rotan', 'Key', 'Non Hanger', 12),
	(' YUKARI2002', 'Yukari', 8, 2, 'Rotan', 'Key', 'Non Hanger', 13),
	(' YUKARI2003', 'Yukari', 8, 2, 'Rotan', 'Key', 'Non Hanger', 14),
	(' YUKARI2004', 'Yukari', 8, 2, 'Rotan', 'Key', 'Non Hanger', 7),
	(' YUKARI2005', 'Yukari', 8, 2, 'Rotan', 'Non Key', 'Non Hanger', 12),
	(' YUKARI2006', 'Yukari', 8, 2, 'Rotan', 'Non Key', 'Non Hanger', 13),
	(' YUKARI2007', 'Yukari', 8, 2, 'Rotan', 'Non Key', 'Non Hanger', 14),
	(' YUKARI2008', 'Yukari', 8, 2, 'Rotan', 'Non Key', 'Non Hanger', 7),
	(' YUKARI3001', 'Yukari', 8, 3, 'Rotan', 'Key', 'Non Hanger', 12),
	(' YUKARI3002', 'Yukari', 8, 3, 'Rotan', 'Key', 'Non Hanger', 13),
	(' YUKARI3003', 'Yukari', 8, 3, 'Rotan', 'Key', 'Non Hanger', 14),
	(' YUKARI3004', 'Yukari', 8, 3, 'Rotan', 'Key', 'Non Hanger', 7),
	(' YUKARI3005', 'Yukari', 8, 3, 'Rotan', 'Key', 'Non Hanger', 15),
	(' YUKARI3006', 'Yukari', 8, 3, 'Rotan', 'Key', 'Non Hanger', 16),
	(' YUKARI3007', 'Yukari', 8, 3, 'Rotan', 'Non Key', 'Non Hanger', 12),
	(' YUKARI3008', 'Yukari', 8, 3, 'Rotan', 'Non Key', 'Non Hanger', 13),
	(' YUKARI3009', 'Yukari', 8, 3, 'Rotan', 'Non Key', 'Non Hanger', 14),
	(' YUKARI3010', 'Yukari', 8, 3, 'Rotan', 'Non Key', 'Non Hanger', 7),
	(' YUKARI3011', 'Yukari', 8, 3, 'Rotan', 'Non Key', 'Non Hanger', 15),
	(' YUKARI3012', 'Yukari', 8, 3, 'Rotan', 'Non Key', 'Non Hanger', 16),
	(' YUKARI4001', 'Yukari', 8, 4, 'Rotan', 'Key', 'Non Hanger', 12),
	(' YUKARI4002', 'Yukari', 8, 4, 'Rotan', 'Key', 'Non Hanger', 13),
	(' YUKARI4003', 'Yukari', 8, 4, 'Rotan', 'Key', 'Non Hanger', 14),
	(' YUKARI4004', 'Yukari', 8, 4, 'Rotan', 'Key', 'Non Hanger', 7),
	(' YUKARI4005', 'Yukari', 8, 4, 'Rotan', 'Key', 'Non Hanger', 15),
	(' YUKARI4006', 'Yukari', 8, 4, 'Rotan', 'Non Key', 'Non Hanger', 12),
	(' YUKARI4007', 'Yukari', 8, 4, 'Rotan', 'Non Key', 'Non Hanger', 13),
	(' YUKARI4008', 'Yukari', 8, 4, 'Rotan', 'Non Key', 'Non Hanger', 14),
	(' YUKARI4009', 'Yukari', 8, 4, 'Rotan', 'Non Key', 'Non Hanger', 7),
	(' YUKARI4010', 'Yukari', 8, 4, 'Rotan', 'Non Key', 'Non Hanger', 15),
	(' YUKARI4011', 'Yukari', 8, 4, 'Rotan', 'Non Key', 'Non Hanger', 16);
/*!40000 ALTER TABLE `barang_jadi` ENABLE KEYS */;


-- Dumping structure for table ipak.customer
CREATE TABLE IF NOT EXISTS `customer` (
  `id_customer` int(10) NOT NULL AUTO_INCREMENT,
  `nama_customer` varchar(50) DEFAULT NULL,
  `alamat` text,
  `telepon` char(50) DEFAULT NULL,
  PRIMARY KEY (`id_customer`)
) ENGINE=InnoDB AUTO_INCREMENT=8 DEFAULT CHARSET=utf8mb4;

-- Dumping data for table ipak.customer: ~3 rows (approximately)
/*!40000 ALTER TABLE `customer` DISABLE KEYS */;
INSERT INTO `customer` (`id_customer`, `nama_customer`, `alamat`, `telepon`) VALUES
	(5, 'PT. COSMOS\r\n', NULL, NULL),
	(6, 'PT. INTI PLASTIK ANEKA KARET MILLENIUM\r\n', NULL, NULL),
	(7, 'PT. SAS\r\n', NULL, NULL);
/*!40000 ALTER TABLE `customer` ENABLE KEYS */;


-- Dumping structure for table ipak.detail_bahan_utama
CREATE TABLE IF NOT EXISTS `detail_bahan_utama` (
  `id_detail_bahan_utama` int(15) NOT NULL AUTO_INCREMENT,
  `kode_bahan` char(50) DEFAULT NULL,
  `nama_bahan` varchar(100) DEFAULT NULL,
  `warna` int(10) DEFAULT NULL,
  `jenis_bahan` varchar(100) DEFAULT NULL,
  `jumlah` decimal(10,2) DEFAULT '0.00',
  PRIMARY KEY (`id_detail_bahan_utama`),
  KEY `warna` (`warna`),
  CONSTRAINT `detail_bahan_utama_ibfk_1` FOREIGN KEY (`warna`) REFERENCES `jenis_warna` (`id_warna`)
) ENGINE=InnoDB AUTO_INCREMENT=396 DEFAULT CHARSET=utf8mb4;

-- Dumping data for table ipak.detail_bahan_utama: ~391 rows (approximately)
/*!40000 ALTER TABLE `detail_bahan_utama` DISABLE KEYS */;
INSERT INTO `detail_bahan_utama` (`id_detail_bahan_utama`, `kode_bahan`, `nama_bahan`, `warna`, `jenis_bahan`, `jumlah`) VALUES
	(10, 'BPABS001', 'ABS Proses', 15, 'ABS WARNA', 0.00),
	(11, 'BPABS002', 'ABS Proses Hilac', 8, 'ABS BLACK', 0.00),
	(12, 'BPABS003', 'ABS proses Keleman', 8, 'ABS BLACK', 0.00),
	(13, 'BPABS004', 'ABS Proses mambo', 25, 'ABS BLACK', 0.00),
	(14, 'BPABS005', 'ABS proses komponen + Keleman', 25, 'ABS BLACK', 0.00),
	(15, 'BPABS006', 'ABS proses Noril', 2, 'ABS WARNA', 0.00),
	(16, 'BPABS007', 'ABS ORI+MB PINK', 11, 'ABS WARNA', 0.00),
	(17, 'BPABS008', 'ABS Proses + Crusheran Grey', 15, 'ABS WARNA', 0.00),
	(18, 'BPABS009', 'ABS Proses + MB Grey', 15, 'ABS WARNA', 0.00),
	(19, 'BPABS010', 'ABS Proses ', 27, 'ABS PK', 0.00),
	(20, 'BPABS0111', 'ABS Proses Bekuan', 25, 'ABS BLACK', 0.00),
	(21, 'BPABS012', 'ABS Proses Black', 8, 'ABS BLACK', 0.00),
	(22, 'BPABS013', 'ABS Proses Grade 1', 8, 'ABS BLACK', 0.00),
	(23, 'BPABS014', 'ABS Proses Dark Grey', 28, 'ABS WARNA', 0.00),
	(24, 'BPABS015', 'ABS Proses Glass Fiber', 8, 'ABS BLACK', 0.00),
	(25, 'BPABS016', 'ABS Proses Grade 2', 2, 'ABS WARNA', 0.00),
	(26, 'BPABS017', 'ABS Proses Green', 6, 'ABS WARNA', 0.00),
	(27, 'BPABS018', 'ABS Proses Hailac', 7, 'ABS WARNA', 0.00),
	(28, 'BPABS019', 'ABS Proses Starex', 2, 'ABS WARNA', 0.00),
	(29, 'BPABS020', 'ABS Proses White + MB Black', 8, 'ABS BLACK', 0.00),
	(30, 'BPABS021', 'ABS Proses+ Piment', 25, 'ABS BLACK', 0.00),
	(31, 'BPABS022', 'ABS Prosesan', 9, 'ABS PK', 0.00),
	(32, 'BCABS001', 'ABS Crusher Bekuan', 25, 'ABS BLACK', 0.00),
	(33, 'BCABS002', 'ABS Crusher', 8, 'ABS BLACK', 0.00),
	(34, 'BCABS003', 'ABS Crusher', 7, 'ABS WARNA', 0.00),
	(35, 'BCABS004', 'ABS Crusher', 6, 'ABS WARNA', 0.00),
	(36, 'BCABS005', 'ABS Crusher', 25, 'ABS BLACK', 0.00),
	(37, 'BCABS006', 'ABS Crusher', 9, '`ABS PK', 0.00),
	(38, 'BCABS007', 'ABS Crusher ', 10, 'ABS WARNA', 0.00),
	(39, 'BCABS008', 'ABS Crusher', 13, 'ABS WARNA', 0.00),
	(40, 'BCABS009', 'ABS Crusher', 28, 'ABS WARNA', 0.00),
	(41, 'BCABS010', 'ABS Crusher', 6, 'ABS WARNA', 0.00),
	(42, 'BCABS011', 'ABS Crusher', 15, 'ABS WARNA', 0.00),
	(43, 'BCABS012', 'ABS Crusher', 6, 'ABS WARNA', 0.00),
	(44, 'BCABS013', 'ABS Crusher hilac', 15, 'ABS WARNA', 0.00),
	(45, 'BCABS014', 'ABS Crusher Irganox', 8, 'ABS BLACK', 0.00),
	(46, 'BCABS015', 'ABS Crusher', NULL, 'ABS WARNA', 0.00),
	(47, 'BCABS016', 'ABS Crusher', 11, 'ABS WARNA', 0.00),
	(48, 'BCABS017', 'ABS Crusher', 3, 'ABS WARNA', 0.00),
	(49, 'BCABS018', 'ABS Crusher', 10, 'ABS WARNA', 0.00),
	(50, 'BCABS019', 'ABS Crusher', 5, 'ABS WARNA', 0.00),
	(51, 'BCABS020', 'ABS Debu', 25, 'ABS BLACK', 0.00),
	(52, 'BCABS021', 'ABS GSX Bekuan ', 25, 'ABS BLACK', 0.00),
	(53, 'BPAS001', 'Arbesan natural', 2, 'AS WARNA', 0.00),
	(54, 'BPAS002', 'Arbesan Proses Ori', 2, 'AS WARNA', 0.00),
	(55, 'BPAS003', 'AS Ori', 1, 'AS CLEAR', 0.00),
	(56, 'BPAS004', 'AS Ori', 2, 'AS WARNA', 0.00),
	(57, 'BPAS005', 'AS P Bening + Proses Green', 6, 'AS WARNA', 0.00),
	(58, 'BPAS006', 'AS Ori + MB Black', 8, 'AS BLACK', 0.00),
	(59, 'BCAS001', 'AS Bahan Afkir', 25, 'AS BLACK', 0.00),
	(60, 'BCAS002', 'AS Crusher', 25, 'AS BLACK', 0.00),
	(61, 'BCAS003', 'AS Crusher Arbesan', 1, 'AS CLEAR', 0.00),
	(62, 'BCAS004', 'AS Crusher', 13, 'AS WARNA', 0.00),
	(63, 'BCAS005', 'AS crusher', 15, 'AS WARNA', 0.00),
	(64, 'BCAS006', 'AS crusher', 7, 'AS WARNA', 0.00),
	(65, 'BCAS007', 'AS crusher', 1, 'AS CLEAR', 0.00),
	(66, 'BCAS008', 'AS crusher Black/grey', 8, 'AS BLACK', 0.00),
	(67, 'BCAS009', 'AS crusher Ori + Bening', 1, 'AS CLEAR', 0.00),
	(68, 'BCAS010', 'AS crusher Gliter', 1, 'AS CLEAR', 0.00),
	(69, 'BCAS011', 'AS crusher', 9, 'AS PK', 0.00),
	(70, 'BPHD001', 'HD Blow Proses natural', 2, 'HD WARNA', 0.00),
	(71, 'BPHD002', 'HD Proses Bekuan Mambo', 25, 'HD BLACK', 0.00),
	(72, 'BPHD003', 'HD Proses Bening', 1, 'HD CLEAR', 0.00),
	(73, 'BPHD004', 'HD Proses Bening A', 1, 'HD CLEAR', 0.00),
	(74, 'BPHD005', 'HD Proses Brown', 13, 'HD WARNA', 0.00),
	(75, 'BPHD006', 'HD Proses Infusan', 1, 'HD WARNA', 0.00),
	(76, 'BPHD007', 'HD Proses Mambio', 25, 'HD BLACK', 0.00),
	(77, 'BPHD008', 'HD Proses mambo', 25, 'HD BLACK', 0.00),
	(78, 'BPHD009', 'HD Proses PK', 9, 'HD PK', 0.00),
	(79, 'BPHD010', 'HD Proses Putih', 9, 'HD PK', 0.00),
	(80, 'BPHD011', 'HD Proses putih mahfud', 9, 'HD PK', 0.00),
	(81, 'BPHD012', 'HD Proses White', 9, 'HD PK', 0.00),
	(82, 'BPHDPE001', 'HDPE Mambo', 25, 'HDPE BLACK', 0.00),
	(83, 'BPHDPE002', 'HDPE Titanvene natural', 2, 'HDPE WARNA', 0.00),
	(84, 'BPHDPE003', 'HDPE Chip Kuning', 5, 'HDPE WARNA', 0.00),
	(85, 'BPHDPE004', 'HDPE Natural Chip', 2, 'HDPE WARNA', 0.00),
	(86, 'BPHDPE005', 'HDPE Ori Natural', 2, 'HDPE WARNA', 0.00),
	(87, 'BPHDPE006', 'HDPE Plastik Ayam', 3, 'HDPE WARNA', 0.00),
	(88, 'BPHDPE007', 'HDPE Prosesan Natural', 2, 'HDPE WARNA', 0.00),
	(89, 'BPHDPE008', 'HDPE Titanvene', 9, 'HDPE PK', 0.00),
	(90, 'BPHDPE009', 'HDPE Titanvene HD 540 1 GA', 9, 'HDPE PK', 0.00),
	(91, 'BCHDPE001', 'HDPE Crusher natural', 2, 'HDPE WARNA', 0.00),
	(92, 'BCHDPE002', 'HDPE Crusher  Blue', 7, 'HDPE WARNA', 0.00),
	(93, 'BCHDPE003', 'HDPE Crusher  Natural', 2, 'HDPE WARNA', 0.00),
	(94, 'BCHDPE004', 'HDPE Crusher  White Kusam', 9, 'HDPE PK', 0.00),
	(95, 'BPHIPS001', 'HIPS ori + Pigmen Blue', 7, 'HIPS BLACK', 0.00),
	(96, 'BPHIPS002', 'HIPS Ori + MB Grey 03', 15, 'HIPS BLACK', 0.00),
	(97, 'BPHIPS003', 'HIPS Proses White', 9, 'HIPS PK', 0.00),
	(98, 'BPHIPS004', 'HIPS Ori + Prosees Grey', 15, 'HIPS WARNA', 0.00),
	(99, 'BPHIPS005', 'HIPS Ori + Pigmen Black', 8, 'HIPS BLACK', 0.00),
	(100, 'BPHIPS006', 'HIPS Proses White 01', 9, 'HIPS PK', 0.00),
	(101, 'BPHIPS007', 'HIPS + Pigment White', 9, 'HIPS PK', 0.00),
	(102, 'BPHIPS008', 'HIPS Ori (Bulat)', NULL, 'HIPS CLEAR', 0.00),
	(103, 'BPHIPS009', 'HIPS Ori White 01', 9, 'HIPS PK', 0.00),
	(104, 'BPHIPS010', 'HIPS Natural', 2, 'HIPS WARNA', 0.00),
	(105, 'BPHIPS011', 'HIPS Natural + MB Grey', 15, 'HIPS WARNA', 0.00),
	(106, 'BPHIPS012', 'HIPS Proses Grey', 15, 'HIPS WARNA', 0.00),
	(107, 'BPHIPS013', 'HIPS Proses White 02', 9, 'HIPS PK', 0.00),
	(108, 'BPHIPS014', 'HIPS Ori + Pigment White 02', 9, 'HIPS PK', 0.00),
	(109, 'BPHIPS015', 'HIPS Proses White 03', 9, 'HIPS PK', 0.00),
	(110, 'BPHIPS016', 'HIPS Ori White 02', 9, 'HIPS PK', 0.00),
	(111, 'BPHIPS017', 'HIPS Proses White 04', 9, 'HIPS PK', 0.00),
	(112, 'BPHIPS018', 'HIPS Black', 8, 'HIPS BLACK', 0.00),
	(113, 'BPHIPS019', 'HIPS Ori', 1, 'HIPS BLACK', 0.00),
	(114, 'BPHIPS020', 'HIPS Ori Black', 8, 'HIPS BLACK', 0.00),
	(115, 'BPHIPS021', 'HIPS Starex', 1, 'HIPS BLACK', 0.00),
	(116, 'BCHIPS031', 'HIPS Crusher White + Ori', NULL, 'HIPS PK', 0.00),
	(117, 'BCHIPS032', 'HIPS Crusher', 1, 'HIPS BLACK', 0.00),
	(118, 'BCHIPS033', 'HIPS Crusher White + Ori + Grey', 15, 'HIPS PK', 0.00),
	(119, 'BCHIPS034', 'HIPS Crusher Blue', 7, 'HIPS WARNA', 0.00),
	(120, 'BCHIPS035', 'HIPS Crusher White', 9, 'HIPS PK', 0.00),
	(121, 'BCHIPS036', 'HIPS Crusher Mambo', 25, 'HIPS BLACK', 0.00),
	(122, 'BCHIPS037', 'HIPS Crusher Green', 6, 'HIPS BLACK', 0.00),
	(123, 'BCHIPS038', 'HIPS Crusher Grey', 15, 'HIPS BLACK', 0.00),
	(124, 'BCHIPS039', 'HIPS Crusher Grey + Ori', 15, 'HIPS BLACK', 0.00),
	(125, 'BCHIPS040', 'HIPS Crusher Grey + Ori + MB Grey', 15, 'HIPS BLACK', 0.00),
	(126, 'BCHIPS041', 'HIPS Crusher Green 01', 6, 'HIPS BLACK', 0.00),
	(127, 'BCHIPS042', 'HIPS Crusher Green 02', 6, 'HIPS BLACK', 0.00),
	(128, 'BCHIPS043', 'HIPS Crusher Grey + MB Black', 8, 'HIPS BLACK', 0.00),
	(129, 'PBLDPE001', 'LDPE Blue', 7, 'LDPE WARNA', 0.00),
	(130, 'PBLDPE002', 'LDPE Ori Natural', 2, 'LDPE WARNA', 0.00),
	(131, 'PBLDPE003', 'LDPE Proses Green', 6, 'LDPE WARNA', 0.00),
	(132, 'PBLDPE004', 'LDPPP Natural Alvin', 2, 'LDPE WARNA', 0.00),
	(133, 'PBLDPE005', 'LLDPE Ori Aseren', 2, 'LDPE CLEAR', 0.00),
	(134, 'BCLDPE001', 'LDPE Crusher Black', 8, 'LDPE BLACK', 0.00),
	(135, 'BCLDPE002', 'LDPE Crusher Green', 6, 'LDPE WARNA', 0.00),
	(136, 'BCLDPE003', 'LDPE Crusher Natural', 2, 'LDPE WARNA', 0.00),
	(137, 'MBPE001', 'MB PE Colour Purple', 10, 'MB WARNA', 0.00),
	(138, 'MBPE002', 'MB PE Colour Red', 3, 'MB WARNA', 0.00),
	(139, 'MBPE003', 'PE Colour Green', 6, 'MB WARNA', 0.00),
	(140, 'MBABS001', 'MB Finolene Orange Black No. 65130-4041', 4, 'MB WARNA', 0.00),
	(141, 'MBABS002', 'MB ABS SD-0150 w', 9, 'MB PK', 0.00),
	(142, 'MBPP001', 'MB Black', 8, 'MB BLACK', 0.00),
	(143, 'MBPP002', 'MB Blue 060904 lot 3-90', 7, 'MB WARNA', 0.00),
	(144, 'MBPP003', 'MB Blue 3101014 lot 2303 1001', 7, 'MB WARNA', 0.00),
	(145, 'MBPP004', 'MB Blue 4666', 7, 'MB WARNA', 0.00),
	(146, 'MBPP005', 'MB Blue 85596', 7, 'MB WARNA', 0.00),
	(147, 'MBPP006', 'MB Blue 9401', 7, 'MB WARNA', 0.00),
	(148, 'MBPP007', 'MB Blue 94371', 7, 'MB WARNA', 0.00),
	(149, 'MBPP008', 'MB Brown', 13, 'MB WARNA', 0.00),
	(150, 'MBPP009', 'MB Brown 0057 (Dark Brown)', 14, 'MB WARNA', 0.00),
	(151, 'MBPP010', 'MB Brown 021', 13, 'MB WARNA', 0.00),
	(152, 'MBPP011', 'MB Brown 2008-018', 12, 'MB WARNA', 0.00),
	(153, 'MBPP012', 'MB Calsium Carbonat', 9, 'MB PK', 0.00),
	(154, 'MBPP013', 'MB Dark Grey MK 10309 lot 10020309', 15, 'MB WARNA', 0.00),
	(155, 'MBPP014', 'MB Green 1811-10085', 6, 'MB WARNA', 0.00),
	(156, 'MBPP015', 'MB Grey', 15, 'MB WARNA', 0.00),
	(157, 'MBPP016', 'MB Grey 1011096', 15, 'MB WARNA', 0.00),
	(158, 'MBPP017', 'MB Grey 4001-005', 15, 'MB WARNA', 0.00),
	(159, 'MBPP018', 'MB Grey 7220', 15, 'MB WARNA', 0.00),
	(160, 'MBPP019', 'MB Ivory MC 174', 16, 'MB WARNA', 0.00),
	(161, 'MBPP020', 'MB Light Brown 2112-042', 12, 'MB WARNA', 0.00),
	(162, 'MBPP021', 'MB MC 1151', 14, 'MB WARNA', 0.00),
	(163, 'MBPP022', 'MB Orange', 4, 'MB WARNA', 0.00),
	(164, 'MBPP023', 'MB PINK', 11, 'MB WARNA', 0.00),
	(165, 'MBPP024', 'MB PINK 1122', 11, 'MB WARNA', 0.00),
	(166, 'MBPP025', 'MB PINK HC 83122 A', 11, 'MB WARNA', 0.00),
	(167, 'MBPP026', 'MB Red', 3, 'MB WARNA', 0.00),
	(168, 'MBPP027', 'MB Red 4001-003', 3, 'MB WARNA', 0.00),
	(169, 'MBPP028', 'MB Red 686', 3, 'MB WARNA', 0.00),
	(170, 'MBPP029', 'MB Violet', 10, 'MB WARNA', 0.00),
	(171, 'MBPP030', 'MB White 1-7', 9, 'MB PK', 0.00),
	(172, 'MBPP031', 'MB White H960', 9, 'MB WARNA', 0.00),
	(173, 'MBPP032', 'MB Yellow', 5, 'MB WARNA', 0.00),
	(174, 'MBPP033', 'MB Blue 9037 jamaya', 7, 'MB WARNA', 0.00),
	(175, 'MBPC001', 'MB PC Nofinor Black 650-102', 8, 'MB BLACK', 0.00),
	(176, 'MBPC002', 'MB PC Nofinor Brown GSA 3073', 13, 'MB WARNA', 0.00),
	(177, 'BPPC001', 'PC Infino SC-1060U', 1, 'PC CLEAR', 0.00),
	(178, 'BPPC002', 'PC Proses Indonox ACC', 1, 'PC CLEAR', 0.00),
	(179, 'BPPC003', 'PC Proses Ori Clear', 1, 'PC CLEAR', 0.00),
	(180, 'BPPC004', 'PC Proses Infino', 1, 'PC CLEAR', 0.00),
	(181, 'BCPC001', 'PC Crusheran Bobin', 2, 'PC WARNA', 0.00),
	(182, 'BCPC002', 'PC Crusher Bekuan', 25, 'PC BLACK', 0.00),
	(183, 'BCPC003', 'PC Crusher Black', 8, 'PC BLACK', 0.00),
	(184, 'BCPC004', 'PC Crusher Black indonox', NULL, 'PC BLACK', 0.00),
	(185, 'BCPC005', 'PC Crusher Clear', 1, 'PC CLEAR', 0.00),
	(186, 'BCPC006', 'PC Crusher Clear (Coating)', 1, 'PC CLEAR', 0.00),
	(187, 'BCPC007', 'PC Crusher Clear INS', 1, 'PC CLEAR', 0.00),
	(188, 'BCPC008', 'PC Crusher Green', 6, 'PC WARNA', 0.00),
	(189, 'BCPC009', 'PC Crusher Grey', 15, 'PC WARNA', 0.00),
	(190, 'BCPC010', 'PC Crusher Mambo', 25, 'PC BLACK', 0.00),
	(191, 'BCPC011', 'PC Crusher Orange', 4, 'PC WARNA', 0.00),
	(192, 'BCPC012', 'PC Crusher Ryben', NULL, 'PC BLACK', 0.00),
	(193, 'BCPC013', 'PC Crusher Ryben Coating', NULL, 'PC BLACK', 0.00),
	(194, 'BPPE001', 'PE Ayam Putih', 9, 'PE PK', 0.00),
	(195, 'BPPE002', 'PE Bening A+', 1, 'PE CLEAR', 0.00),
	(196, 'BPPE003', 'PE Bening A+ (Sipul)', 1, 'PE CLEAR', 0.00),
	(197, 'BPPE004', 'PE Bening A1', 1, 'PE CLEAR', 0.00),
	(198, 'BPPE005', 'PE Bening A1 (Sipul)', 1, 'PE CLEAR', 0.00),
	(199, 'BPPE006', 'PE Bening Karet A+', 1, 'PE CLEAR', 0.00),
	(200, 'BPPE007', 'PE Bening SP2 A+', 1, 'PE CLEAR', 0.00),
	(201, 'BPPE008', 'PE Bening SP2 A1', 1, 'PE CLEAR', 0.00),
	(202, 'BPPE009', 'PE Bening SP2 Super B', 1, 'PE CLEAR', 0.00),
	(203, 'BPPE010', 'PE c Bekuan Bening', 1, 'PE CLEAR', 0.00),
	(204, 'BPPE011', 'PE C Bening', 1, 'PE CLEAR', 0.00),
	(205, 'BPPE012', 'PE C Bening (PD)', 1, 'PE CLEAR', 0.00),
	(206, 'BPPE013', 'PE C Bening Mambo', 25, 'PE BLACK', 0.00),
	(207, 'BPPE014', 'PE C Mambo', 25, 'PE BLACK', 0.00),
	(208, 'BPPE015', 'PE Campur', 23, 'PE BLACK', 0.00),
	(209, 'BPPE016', 'PE Bening Selopan', 1, 'PE CLEAR', 0.00),
	(210, 'BPPE017', 'PE Sablon Hitaam', 8, 'PE BLACK', 0.00),
	(211, 'BPPE018', 'Pe calsium', 9, 'PE PK', 0.00),
	(212, 'BPPE019', 'Pe Noblen Hitam', 8, 'PE BLACK', 0.00),
	(213, 'BPPE020', 'PE Crusheran Bening', 1, 'PE CLEAR', 0.00),
	(214, 'BPPE021', 'PE Dark Brown', 13, 'PE WARNA', 0.00),
	(215, 'BPPE022', 'PE Eva', 2, 'PE WARNA', 0.00),
	(216, 'BPPE023', 'PE Infus', 1, 'PE CLEAR', 0.00),
	(217, 'BPPE024', 'PE jagung', 2, 'PE BLACK', 0.00),
	(218, 'BPPE025', 'PE Karet', 1, 'PE BLACK', 0.00),
	(219, 'BPPE026', 'PE Karet Bening A+', 1, 'PE CLEAR', 0.00),
	(220, 'BPPE027', 'PE Karet Bening A+ (Sipul)', 1, 'PE CLEAR', 0.00),
	(221, 'BPPE028', 'PE Karet Bening A1', 1, 'PE CLEAR', 0.00),
	(222, 'BPPE029', 'PE Karet Bening A1 ', 1, 'PE CLEAR', 0.00),
	(223, 'BPPE030', 'PE Karet Bening A1 (Sipul)', 1, 'PE CLEAR', 0.00),
	(224, 'BPPE031', 'PE Minyakl Selopan', 2, 'PE BLACK', 0.00),
	(225, 'BPPE032', 'PE Noblen', 9, 'PE PK', 0.00),
	(226, 'BPPE033', 'PE PINK', 11, 'PE WARNA', 0.00),
	(227, 'BPPE034', 'PE PMPR (artha)', 9, 'PE WARNA', 0.00),
	(228, 'BPPE035', 'PE PP Proses Bening', 1, 'PE CLEAR', 0.00),
	(229, 'BPPE036', 'PE Proses Ayam calsium', 9, 'PE PK', 0.00),
	(230, 'BPPE037', 'PE Proses Ayam PK', 9, 'PE PK', 0.00),
	(231, 'BPPE038', 'PE Proses Bening', 1, 'PE CLEAR', 0.00),
	(232, 'BPPE039', 'PE Proses Blue', 7, 'PE WARNA', 0.00),
	(233, 'BPPE040', 'PE Proses Getsby', 9, 'PE WARNA', 0.00),
	(234, 'BPPE041', 'PE Proses Green MKL', 6, 'PE WARNA', 0.00),
	(235, 'BPPE042', 'PE Proses Infus', 1, 'PE CLEAR', 0.00),
	(236, 'BPPE043', 'PE Proses Infus Bening Reture', 1, 'PE CLEAR', 0.00),
	(237, 'BPPE044', 'PE Proses Infus butex', 1, 'PE CLEAR', 0.00),
	(238, 'BPPE045', 'PE Proses Infusan', 1, 'PE CLEAR', 0.00),
	(239, 'BPPE046', 'PE Proses Jagung', 2, 'PE BLACK', 0.00),
	(240, 'BPPE047', 'PE Proses Mambo', 25, 'PE BLACK', 0.00),
	(241, 'BPPE048', 'PE Proses mambo (sapuan kuning)', 5, 'PE BLACK', 0.00),
	(242, 'BPPE049', 'PE Proses Minyak', 2, 'PE BLACK', 0.00),
	(243, 'BPPE050', 'PE Proses Noblen', 9, 'PE PK', 0.00),
	(244, 'BPPE051', 'PE Proses Noblen Butex', 9, 'PE PK', 0.00),
	(245, 'BPPE052', 'PE Proses Noblen Printing', 9, 'PE PK', 0.00),
	(246, 'BPPE053', 'PE Proses PK', 9, 'PE PK', 0.00),
	(247, 'BPPE054', 'PE Proses PK (SBPK)', 9, 'PE PK', 0.00),
	(248, 'BPPE055', 'PE Proses PK Artha', 9, 'PE PK', 0.00),
	(249, 'BPPE056', 'PE Proses Red', 3, 'PE WARNA', 0.00),
	(250, 'BPPE057', 'PE Proses Sapuan Kenny', 1, 'PE CLEAR', 0.00),
	(251, 'BPPE058', 'PE Proses SB Green', 6, 'PE WARNA', 0.00),
	(252, 'BPPE059', 'PE Proses SB Mambo', 25, 'PE BLACK', 0.00),
	(253, 'BPPE060', 'PE Proses SB PR', 9, 'PE PK', 0.00),
	(254, 'BPPE061', 'PE Proses SB Red', 3, 'PE WARNA', 0.00),
	(255, 'BPPE062', 'PE Proses SB Sablon', 25, 'PE WARNA', 0.00),
	(256, 'BPPE063', 'PE Proses Selopan', 1, 'PE CLEAR', 0.00),
	(257, 'BPPE064', 'PE Proses Selopan Bening', 1, 'PE CLEAR', 0.00),
	(258, 'BPPE065', 'PE Proses Selopan Kacang', 2, 'PE CLEAR', 0.00),
	(259, 'BPPE066', 'PE Proses Udang Blue', 7, 'PE WARNA', 0.00),
	(260, 'BPPE067', 'PE Proses White', 9, 'PE PK', 0.00),
	(261, 'BPPE068', 'PE Sapuan Mambo', 25, 'PE BLACK', 0.00),
	(262, 'BPPE069', 'PE Sapuan natural', 2, 'PE WARNA', 0.00),
	(263, 'BPPE070', 'PE SB PK', 9, 'PE PK', 0.00),
	(264, 'BPPE071', 'PE SBPR (PD)', 9, 'PE PK', 0.00),
	(265, 'BPPE072', 'PE Super A', 1, 'PE CLEAR', 0.00),
	(266, 'BPPE073', 'PE Super B', 1, 'PE CLEAR', 0.00),
	(267, 'BPPE074', 'PE Super B (MKL)', 1, 'PE CLEAR', 0.00),
	(268, 'BPPE075', 'PEC Bekuan Mambo', 25, 'PE BLACK', 0.00),
	(269, 'BPPE076', 'PEC White', 9, 'PE PK', 0.00),
	(270, 'BPPE077', 'PEC Proses Bening', 1, 'PE CLEAR', 0.00),
	(271, 'BPPP001', 'PP Proses Bening', 1, 'PP CLEAR', 0.00),
	(272, 'BPPP002', 'PP 512 Black', 8, 'PP BLACK', 0.00),
	(273, 'BPPP003', 'PP 512 W + IVORY', NULL, 'PP WARNA', 0.00),
	(274, 'BPPP004', 'PP 512W+caltect+MB Ivory', NULL, 'PP WARNA', 0.00),
	(275, 'BPPP005', 'PP Bekuan Bening B (MSP)', 1, 'PP CLEAR', 0.00),
	(276, 'BPPP006', 'PP Bekuan Bening c (MSP)', 1, 'PP CLEAR', 0.00),
	(277, 'BPPP007', 'PP bening B', 1, 'PP CLEAR', 0.00),
	(278, 'BPPP008', 'PP Biru Andri', 7, 'PP WARNA', 0.00),
	(279, 'BPPP009', 'PP Blue', 7, 'PP WARNA', 0.00),
	(280, 'BPPP010', 'pp Cucian bening c', 1, 'PP CLEAR', 0.00),
	(281, 'BPPP011', 'PP Gilingan', 8, 'PP BLACK', 0.00),
	(282, 'BPPP012', 'PP Gold', 29, 'PP WARNA', 0.00),
	(283, 'BPPP013', 'PP Grivory Natural G16', 2, 'PP WARNA', 0.00),
	(284, 'BPPP014', 'PP Infus', 1, 'PP CLEAR', 0.00),
	(285, 'BPPP015', 'PP karung biru', 7, 'PP WARNA', 0.00),
	(286, 'BPPP016', 'PP Keleman mambo', 25, 'PP BLACK', 0.00),
	(287, 'BPPP017', 'PP Mambo', 25, 'PP BLACK', 0.00),
	(288, 'BPPP018', 'PP Mytex', NULL, 'PP BLACK', 0.00),
	(289, 'BPPP019', 'PP Nylon 66', 8, 'NYLON CLEAR', 0.00),
	(290, 'BPPP020', 'PP Nylon 66 black', 8, 'NYLON BLACK', 0.00),
	(291, 'BPPP021', 'PP Nylon 66/GF', 8, 'NYLON WARNA', 0.00),
	(292, 'BPPP022', 'PP Nylon Crusheran Black', 8, 'NYLON BLACK', 0.00),
	(293, 'BPPP023', 'PP Nylon Taralon', 1, 'NYLON CLEAR', 0.00),
	(294, 'BPPP024', 'PP Ori Green', 6, 'PP WARNA', 0.00),
	(295, 'BPPP025', 'PP Ori Natural', 2, 'PP WARNA', 0.00),
	(296, 'BPPP026', 'PP Ori Natural+MB Green', 6, 'PP WARNA', 0.00),
	(297, 'BPPP027', 'PP Ori Silver', 15, 'PP WARNA', 0.00),
	(298, 'BPPP028', 'PP PK', 9, 'PP PK', 0.00),
	(299, 'BPPP029', 'PP Proses 512 White', 9, 'PP PK', 0.00),
	(300, 'BPPP030', 'PP Proses Alvin', 9, 'PP PK', 0.00),
	(301, 'BPPP031', 'PP Prose bekuan Red', 3, 'PP WARNA', 0.00),
	(302, 'BPPP032', 'PP Proses Blue', 7, 'PP WARNA', 0.00),
	(303, 'BPPP033', 'PP Proses Blue Alvin', 7, 'PP WARNA', 0.00),
	(304, 'BPPP034', 'PP Proses Brown', 13, 'PP WARNA', 0.00),
	(305, 'BPPP035', 'PP Proses Dus Blue', 7, 'PP WARNA', 0.00),
	(306, 'BPPP036', 'PP Proses Dus Grey', 15, 'PP WARNA', 0.00),
	(307, 'BPPP037', 'PP Proses Dus Yellow', 5, 'PP WARNA', 0.00),
	(308, 'BPPP038', 'PP Proses Fiber Glass Wellon Ori', 1, 'PP CLEAR', 0.00),
	(309, 'BPPP039', 'PP Proses Glass Fiber', 1, 'PP CLEAR', 0.00),
	(310, 'BPPP040', 'PP Proses Glass Fiber black', 8, 'PP BLACK', 0.00),
	(311, 'BPPP041', 'PP Proses Grey', 15, 'PP WARNA', 0.00),
	(312, 'BPPP042', 'PP Proses Grey Alvin', 15, 'PP WARNA', 0.00),
	(313, 'BPPP043', 'PP Proses HI 10 HO', 1, 'PP CLEAR', 0.00),
	(314, 'BPPP044', 'PP Proses Hijau', 6, 'PP WARNA', 0.00),
	(315, 'BPPP045', 'PP Proses Hijau (Abi Cikarang)', 6, 'PP WARNA', 0.00),
	(316, 'BPPP046', 'PP Proses Hijau Putra Kalbar', 6, 'PP WARNA', 0.00),
	(317, 'BPPP047', 'PP Proses Infus', 1, 'PP CLEAR', 0.00),
	(318, 'BPPP048', 'PP Proses Karung Biru', 7, 'PP WARNA', 0.00),
	(319, 'BPPP049', 'PP Proses Karung Blue', 7, 'PP WARNA', 0.00),
	(320, 'BPPP050', 'PP Proses Karung boncos', 9, 'PP PK', 600.00),
	(321, 'BPPP051', 'PP Proses karung Hijau', 6, 'PP WARNA', 9325.00),
	(322, 'BPPP052', 'PP Proses karung Putih', 1, 'PP PK', 0.00),
	(323, 'BPPP053', 'PP Proses Komponen', 8, 'PP BLACK', 1042.00),
	(324, 'BPPP054', 'PP Proses Komponen Blue', 7, 'PP WARNA', 0.00),
	(325, 'BPPP055', 'PP Proses Light Brown', 12, 'PP WARNA', 0.00),
	(326, 'BPPP056', 'PP Proses mambo', 25, 'PP BLACK', 0.00),
	(327, 'BPPP057', 'PP Proses Masker Hijau+HD Putih', 6, 'PP PK', 0.00),
	(328, 'BPPP058', 'PP Proses Nylon Bening', 1, 'NYLON CLEAR', 0.00),
	(329, 'BPPP059', 'PP Proses Nylon ori', 1, 'NYLON CLEAR', 0.00),
	(330, 'BPPP060', 'PP Proses Nylon Ori Black', 8, 'NYLON BLACK', 0.00),
	(331, 'BPPP061', 'PP Proses Ori Taralon Black', 8, 'PP BLACK', 0.00),
	(332, 'BPPP062', 'PP Proses Paralon Yellow', 5, 'PP WARNA', 0.00),
	(333, 'BPPP063', 'PP Proses PK Arga', 9, 'PP PK', 0.00),
	(334, 'BPPP064', 'PP Proses PK Keleman', 8, 'PP BLACK', 0.00),
	(335, 'BPPP065', 'PP Proses Silver', 15, 'PP WARNA', 0.00),
	(336, 'BPPP066', 'PP Proses Tambang Bening', 1, 'PP CLEAR', 0.00),
	(337, 'BPPP067', 'PP Proses Tambang bening A', 1, 'PP CLEAR', 0.00),
	(338, 'BPPP068', 'PP Proses Tambang Coklat', 13, 'PP WARNA', 0.00),
	(339, 'BPPP069', 'PP Proses Tambang Mambo', 25, 'PP BLACK', 0.00),
	(340, 'BPPP070', 'PP Prosessan Ori Black', 8, 'PP BLACK', 0.00),
	(341, 'BPPP071', 'PP rapuh', 8, 'PP BLACK', 0.00),
	(342, 'BPPP072', 'PP Tali kelam', 2, 'PP WARNA', 0.00),
	(343, 'BPPP073', 'PP taralon black', 8, 'PP BLACK', 0.00),
	(344, 'BPPP074', 'PP Yellow', 5, 'PP WARNA', 0.00),
	(345, 'BPPP075', 'PP Komponen Black', 8, 'PP BLACK', 0.00),
	(346, 'BPPP076', 'PP Palet Black', 8, 'PP BLACK', 2970.00),
	(347, 'BPPP077', 'PP Bekuan Mambo', 25, 'PP BLACK', 775.00),
	(348, 'BPPP078', 'pp keranjang mambo', 25, 'PP WARNA', 0.00),
	(349, 'BPPP079', 'Black Mix', 8, 'PP BLACK', 0.00),
	(350, 'BPPP080', 'PP waring orange', 4, 'PP WARNA', 0.00),
	(351, 'BPPP081', 'pp cetak hendry', 25, 'PP BLACK', 0.00),
	(352, 'BPPP082', 'pp dus kuning', 5, 'PP WARNA', 0.00),
	(353, 'BPPP083', 'PP opp roll pink', 11, 'PP WARNA', 0.00),
	(354, 'BPPP084', 'pp bening c', 1, 'PP CLEAR', 0.00),
	(355, 'BPPP085', 'pp dus grey', 15, 'PP WARNA', 0.00),
	(356, 'BPPP086', 'pp dus putih', 9, 'PP PK', 0.00),
	(357, 'BPPP087', 'pp komponen', 8, 'PP BLACK', 0.00),
	(358, 'BPPP088', 'pp kones mambo', 25, 'PP BLACK', 0.00),
	(359, 'BPPP089', 'pp komponen brown', 13, 'PP WARNA', 0.00),
	(360, 'BPPP090', 'pp komponen dark brown', 14, 'PP WARNA', 0.00),
	(361, 'BPPP091', 'pp cucian grey', 15, 'PP WARNA', 0.00),
	(362, 'BCPP001', 'PP Crusehran Black Wellon', 8, 'PP BLACK', 0.00),
	(363, 'BCPP002', 'PP Crusheran Bening', 1, 'PP CLEAR', 0.00),
	(364, 'BCPP003', 'PP Crusheran Fiber Glass Wellon Black', 8, 'PP BLACK', 0.00),
	(365, 'BCPP004', 'PP Crusheran Glass Fiber Black', 8, 'PP BLACK', 0.00),
	(366, 'BCPP005', 'PP Crusheran Grey', 15, 'PP WARNA', 0.00),
	(367, 'BCPP006', 'PP Crusheran Komponen PK', 9, 'PP PK', 0.00),
	(368, 'BCPP007', 'PP Crusheran Mambo', 25, 'PP BLACK', 0.00),
	(369, 'BCPP008', 'PP Crusheran Nylon 66/BF Wellon Black', 8, 'PP BLACK', 0.00),
	(370, 'BCPP009', 'PP Crusheran White', 9, 'PP PK', 0.00),
	(371, 'BPPS001', 'PS Ori + MB Black', 8, 'PS BLACK', 0.00),
	(372, 'BPPS002', 'PS Diarex Grey', 15, 'PS WARNA', 0.00),
	(373, 'BPPS003', 'PS Mambo', 25, 'PS BLACK', 0.00),
	(374, 'BPPS004', 'PS ORI ', 1, 'PS CLEAR', 0.00),
	(375, 'BPPS005', 'PS Proses Ori Diarex Grey', 15, 'PS WARNA', 0.00),
	(376, 'BPPS006', 'PS Proses Blue', 7, 'PS WARNA', 0.00),
	(377, 'BCPS001', 'PS Crusheran Bening', 1, 'PS CLEAR', 0.00),
	(378, 'BCPS002', 'PS Crusheran Mambo', 25, 'PS BLACK', 0.00),
	(379, 'BCPS003', 'PS Crusheran Orange', 4, 'PS WARNA', 0.00),
	(380, 'BCPS004', 'Ps Crusheran Yellow', 5, 'PS WARNA', 0.00),
	(381, 'BCPS005', 'PS Ori + Crusher Green', 6, 'PS WARNA', 0.00),
	(382, 'BCPS006', 'PS Crusher Mambo', 25, 'PS BLACK', 0.00),
	(383, 'BCPS007', 'PS Ori + Crusher Black', 8, 'PS BLACK', 0.00),
	(384, 'BCPS008', 'PS Ori + Crusher Red', 3, 'PS WARNA', 0.00),
	(385, 'BCPS009', 'PS Crushe Black', 8, 'PS BLACK', 0.00),
	(386, 'BPPVC001', 'PVC Black', 8, 'PVC BLACK', 0.00),
	(387, 'BPPVC002', 'PVC ORI Natural', 2, 'PVC BLACK', 0.00),
	(388, 'BCPVC001', 'PVC Crusheran Black (TOP)', 8, 'PVC BLACK', 0.00),
	(389, 'BPADD001', 'Filler ET 4', 9, 'FILLER', 0.00),
	(390, 'BPADD002', 'Calcium Stereate', 9, 'FILLER', 0.00),
	(391, 'BPADD003', 'Emulgin SML 20', 1, 'EMULGIN', 0.00),
	(392, 'BPIRG001', 'Irganox', NULL, 'IRGANOX', 0.00),
	(393, 'BPIRG002', 'Irganox B1171 Anti Oksidan', NULL, 'IRGANOX', 0.00),
	(394, 'BPPANL001', 'Panlite Crusheran Black', 8, 'PANLITE BLACK', 0.00),
	(395, 'BCPANL001', 'Panlite Crusheran mambo', 25, 'PANLITE BLACK', 0.00);
/*!40000 ALTER TABLE `detail_bahan_utama` ENABLE KEYS */;


-- Dumping structure for table ipak.detail_komposisi
CREATE TABLE IF NOT EXISTS `detail_komposisi` (
  `id_detail_komposisi` int(15) NOT NULL AUTO_INCREMENT,
  `kode_barang` char(50) DEFAULT NULL,
  `kode_komponen` char(50) DEFAULT NULL,
  `qty` int(20) DEFAULT NULL,
  `total_berat` decimal(10,2) DEFAULT NULL,
  PRIMARY KEY (`id_detail_komposisi`),
  KEY `kode_komponen` (`kode_komponen`),
  KEY `kode_barang` (`kode_barang`),
  CONSTRAINT `detail_komposisi_ibfk_2` FOREIGN KEY (`kode_komponen`) REFERENCES `komponen` (`code_komponen`),
  CONSTRAINT `detail_komposisi_ibfk_3` FOREIGN KEY (`kode_barang`) REFERENCES `barang_jadi` (`kode_barang`)
) ENGINE=InnoDB DEFAULT CHARSET=utf8mb4;

-- Dumping data for table ipak.detail_komposisi: ~0 rows (approximately)
/*!40000 ALTER TABLE `detail_komposisi` DISABLE KEYS */;
/*!40000 ALTER TABLE `detail_komposisi` ENABLE KEYS */;


-- Dumping structure for table ipak.jenis_bahan
CREATE TABLE IF NOT EXISTS `jenis_bahan` (
  `id_jenis_bahan` int(50) NOT NULL AUTO_INCREMENT,
  `jenis_bahan` char(10) DEFAULT NULL,
  `nama_jenis_bahan` varchar(50) DEFAULT NULL,
  PRIMARY KEY (`id_jenis_bahan`)
) ENGINE=InnoDB AUTO_INCREMENT=850 DEFAULT CHARSET=utf8mb4;

-- Dumping data for table ipak.jenis_bahan: ~140 rows (approximately)
/*!40000 ALTER TABLE `jenis_bahan` DISABLE KEYS */;
INSERT INTO `jenis_bahan` (`id_jenis_bahan`, `jenis_bahan`, `nama_jenis_bahan`) VALUES
	(567, 'PP WARNA', 'PP Dus '),
	(568, 'PP BLACK', 'PP Palet'),
	(569, 'PP BLACK', 'PP Karung Terpal'),
	(570, 'PP WARNA', 'PP Plastik Bening'),
	(571, 'PE CLEAR', 'PE Bening'),
	(572, 'PE CLEAR', 'Plastik PEC Bekas'),
	(573, 'PE PK', 'PE NobLen Marlex'),
	(574, 'PE CLEAR', 'PE Bening (PE AS)'),
	(575, 'PE CLEAR', 'PE A1'),
	(576, 'PE CLEAR', 'PE Karet'),
	(577, 'PE CLEAR', 'PE A+'),
	(578, 'HD CLEAR', 'HD+'),
	(579, 'PP BLACK', 'Plastik Bekas'),
	(580, 'PP WARNA', 'PP Keranjang'),
	(581, 'PP PK', 'PP Gelas PK'),
	(582, 'PP WARNA', 'PP Tali Klem '),
	(583, 'PP WARNA', 'Plastik OPP Roll'),
	(584, 'PP WARNA', 'PP Bekuan Bening'),
	(585, 'PP WARNA', 'PP Waring'),
	(586, 'PP BLACK', 'PP Cucian BLACK '),
	(587, 'PP BLACK', 'PP Komponen  '),
	(588, 'PP BLACK', 'Bahan Lama  '),
	(589, 'PP WARNA', 'PP Komponen '),
	(590, 'PP BLACK', 'PP Bekuan'),
	(591, 'PP BLACK', 'PP Kones '),
	(592, 'PP CLEAR', 'PP Sisik Ikan '),
	(593, 'PP CLEAR', 'PP Gelas '),
	(594, 'PP BLACK', 'PP Karung  '),
	(595, 'PP BLACK', 'Sak Bekas CA '),
	(596, 'PP BLACK', 'Sak Jumbo '),
	(597, 'BIOPLAS', 'PP Bioplas '),
	(598, 'PP BLACK', 'PP Kelaman '),
	(599, 'PP BLACK', 'PP Tali Klem '),
	(600, 'PP BLACK', 'PP Cucian Gelas '),
	(601, 'PP BLACK', 'PP Karung Boncos '),
	(602, 'PP BLACK', 'PP Cetak '),
	(603, 'PP CLEAR', 'PP Tali Klem '),
	(604, 'HD BLACK', 'HD Palet '),
	(605, 'PP BLACK', 'Karung Boncos '),
	(606, '', 'PP Bekuan PK'),
	(607, 'PP CLEAR', 'PP Bekuan Bening'),
	(608, 'PP BLACK', 'PP Cetak Hendry '),
	(609, 'PP BLACK', 'PP Bekuan '),
	(610, 'PP WARNA', 'Plastik Bekas '),
	(611, 'PP WARNA', 'PP Karung '),
	(612, 'PP BLACK', 'Sak Bekas Jumbo '),
	(613, 'PP WARNA', 'Crusher Biru '),
	(614, 'PP BLACK', 'KARUNG INDOKOERSA '),
	(615, 'PP WARNA', 'PP KOMPONEN BROWN '),
	(616, 'PP CLEAR', 'PE Nylon '),
	(617, 'PP WARNA', 'PP KOMPONEN BIRU '),
	(618, 'PP WARNA', 'PP KOMPONEN LIGHT BROWN '),
	(619, 'PP WARNA', 'PP KOMPONEN MERAH '),
	(620, 'PP CLEAR', 'PP Plastik bekas '),
	(621, 'PP BLACK', 'PP 512 BLACK '),
	(757, 'PP WARNA', 'PP Dus '),
	(758, 'PP BLACK', 'PP Palet'),
	(759, 'PP BLACK', 'PP Karung Terpal'),
	(760, 'PP WARNA', 'PP Plastik Bening'),
	(761, 'PE CLEAR', 'PE Bening'),
	(762, 'PE CLEAR', 'Plastik PEC Bekas'),
	(763, 'PE PK', 'PE NobLen Marlex'),
	(764, 'PE CLEAR', 'PE Bening (PE AS)'),
	(765, 'PE CLEAR', 'PE A1'),
	(766, 'PE CLEAR', 'PE Karet'),
	(767, 'PE CLEAR', 'PE A+'),
	(768, 'HD CLEAR', 'HD+'),
	(769, 'PP BLACK', 'Plastik Bekas'),
	(770, 'PP WARNA', 'PP Keranjang'),
	(771, 'PP PK', 'PP Gelas PK'),
	(772, 'PP WARNA', 'PP Tali Klem '),
	(773, 'PP WARNA', 'Plastik OPP Roll'),
	(774, 'PP WARNA', 'PP Bekuan Bening'),
	(775, 'PP WARNA', 'PP Waring'),
	(776, 'PP BLACK', 'PP Cucian BLACK '),
	(777, 'PP BLACK', 'PP Komponen  '),
	(778, 'PP BLACK', 'Bahan Lama  '),
	(779, 'PP WARNA', 'PP Komponen '),
	(780, 'PP BLACK', 'PP Bekuan'),
	(781, 'PP BLACK', 'PP Kones '),
	(782, 'PP CLEAR', 'PP Sisik Ikan '),
	(783, 'PP CLEAR', 'PP Gelas '),
	(784, 'PP BLACK', 'PP Karung  '),
	(785, 'PP BLACK', 'Sak Bekas CA '),
	(786, 'PP BLACK', 'Sak Jumbo '),
	(787, 'BIOPLAS', 'PP Bioplas '),
	(788, 'PP BLACK', 'PP Kelaman '),
	(789, 'PP BLACK', 'PP Tali Klem '),
	(790, 'PP BLACK', 'PP Cucian Gelas '),
	(791, 'PP BLACK', 'PP Karung Boncos '),
	(792, 'PP BLACK', 'PP Cetak '),
	(793, 'PP CLEAR', 'PP Tali Klem '),
	(794, 'HD BLACK', 'HD Palet '),
	(795, 'PP BLACK', 'Karung Boncos '),
	(796, '', 'PP Bekuan PK'),
	(797, 'PP CLEAR', 'PP Bekuan Bening'),
	(798, 'PP BLACK', 'PP Cetak Hendry '),
	(799, 'PP BLACK', 'PP Bekuan '),
	(800, 'PP WARNA', 'Plastik Bekas '),
	(801, 'PP WARNA', 'PP Karung '),
	(802, 'PP BLACK', 'Sak Bekas Jumbo '),
	(803, 'PP WARNA', 'Crusher Biru '),
	(804, 'PP BLACK', 'KARUNG INDOKOERSA '),
	(805, 'PP WARNA', 'PP KOMPONEN BROWN '),
	(806, 'PP CLEAR', 'PE Nylon '),
	(807, 'PP WARNA', 'PP KOMPONEN BIRU '),
	(808, 'PP WARNA', 'PP KOMPONEN LIGHT BROWN '),
	(809, 'PP WARNA', 'PP KOMPONEN MERAH '),
	(810, 'PP CLEAR', 'PP Plastik bekas '),
	(811, 'PP BLACK', 'PP 512 BLACK '),
	(820, 'PP BLACK', 'PP Crusher Palet'),
	(821, 'PP BLACK', 'HD Crusher Palet'),
	(822, 'PE PK', 'PE Sortir noblen marlex'),
	(823, 'PE CLEAR', 'PE A+ sortir'),
	(824, 'PE CLEAR', 'PE A1 sortir'),
	(825, 'PE CLEAR', 'PE Karet sortir'),
	(826, 'PE CLEAR', 'PE Nylon sortir'),
	(827, 'PE CLEAR', 'PE Bening sortir'),
	(828, 'PE CLEAR', 'PE Bening (PE AS) sortir'),
	(829, 'PP CLEAR', 'PP Plastik Bening'),
	(830, 'PP CLEAR', 'PP Cucian Gelas'),
	(831, 'PP CLEAR', 'PP Gelas'),
	(832, 'PP PK', 'PP Gelas PK'),
	(833, 'PP WARNA', 'PP Keranjang'),
	(834, 'PP BLACK', 'PP Kones'),
	(835, 'PP CLEAR', 'PP Sisik Ikan'),
	(836, 'PP WARNA', 'PP Kones'),
	(837, 'PP WARNA', 'PP Tali Klem '),
	(838, 'PP WARNA', 'PP Dus '),
	(839, 'PP WARNA', 'PP crusher Komponen'),
	(840, 'PP WARNA', 'PP scrusher 512 BLACK'),
	(841, 'PP BLACK', 'PP crusherBekuan'),
	(842, 'PP CLEAR', 'PP crusher Bekuan Bening'),
	(843, 'PP PK', 'PP  Crusher bekuan PK'),
	(844, 'PP BLACK', 'PP crusher Cetak Hendry'),
	(845, 'PP BLACK', 'PP Crusher Komponen'),
	(846, 'PP WARNA', 'PP Crusher Bekuan Bening'),
	(847, 'PP WARNA', 'PP Crusher Tali Klem'),
	(848, 'PP BLACK', 'PP Crusher Bekuan'),
	(849, 'PP WARNA', 'PP Dus Crusher  ');
/*!40000 ALTER TABLE `jenis_bahan` ENABLE KEYS */;


-- Dumping structure for table ipak.jenis_gambar_stiker
CREATE TABLE IF NOT EXISTS `jenis_gambar_stiker` (
  `kode_stiker` char(25) NOT NULL,
  `nama_stiker` varchar(50) DEFAULT NULL,
  PRIMARY KEY (`kode_stiker`)
) ENGINE=InnoDB DEFAULT CHARSET=utf8mb4;

-- Dumping data for table ipak.jenis_gambar_stiker: ~215 rows (approximately)
/*!40000 ALTER TABLE `jenis_gambar_stiker` DISABLE KEYS */;
INSERT INTO `jenis_gambar_stiker` (`kode_stiker`, `nama_stiker`) VALUES
	('ARB01', 'ARIEL BESAR 01'),
	('ARB02', 'ARIEL BESAR 02'),
	('ARK01', 'ARIEL KECIL 01'),
	('ARK02', 'ARIEL KECIL 02'),
	('ARK03', 'ARIEL KECIL 03v'),
	('ARK04', 'ARIEL KECIL 04'),
	('BGB01', 'BIG HERO BESAR 01'),
	('BGB02', 'BIG HERO BESAR 02'),
	('BHJ01', 'BIG HERO JAM 01'),
	('BHJ02', 'BIG HERO JAM 02'),
	('BHK01', 'BIG HERO KECIL 01'),
	('BHK02', 'BIG HERO KECIL 02'),
	('BHM01', 'BIG HERO MEDIUM 01'),
	('BHM02', 'BIG HERO MEDIUM 02'),
	('BOB01', 'BOBOBOY BESAR 01'),
	('BOB02', 'BOBOBOY BESAR 02'),
	('BTB01', 'BATIK BESAR 01'),
	('BTB02', 'BATIK BESAR 02'),
	('BTB03', 'BATIK BESAR 03'),
	('BTK00', 'BATIK KECIL 00'),
	('BTK01', 'BATIK KECIL 01'),
	('BTK02', 'BATIK KECIL 02'),
	('BTK03', 'BATIK KECIL 03'),
	('BTM00', 'BATIK MEDIUM 00'),
	('BTM01', 'BATIK MEDIUM 01'),
	('BTM02', 'BATIK MEDIUM 02'),
	('BTM03', 'BATIK MEDIUM 03'),
	('CAB01', 'CARS BESAR 01'),
	('CAB02', 'CARS BESAR 02'),
	('DOK01', 'DORA KECIL 01'),
	('DOK02', 'DORA KECIL 02'),
	('ELB01', 'ELEMO BESAR 01'),
	('ELB02', 'ELEMO BESAR 02'),
	('ELK01', 'ELEMO KECIL 01'),
	('ELK02', 'ELEMO KECIL 02'),
	('ELK03', 'ELEMO KECIL 03'),
	('ELK04', 'ELEMO KECIL 04'),
	('FRKB01', 'FROZZ KLASIK BESAR 01'),
	('FRKB02', 'FROZZ KLASIK BESAR 02'),
	('FRMB01', 'FROZZ MODERN BESAR 01'),
	('FRMB02', 'FROZZ MODERN BESAR 02'),
	('LISG01', 'LIST GOLD'),
	('LISS01', 'LIST SILVER'),
	('MNB01', 'MINION BESAR 01'),
	('MNB02', 'MINION BESAR 02'),
	('MPB01', 'MINI PONY BESAR 01'),
	('MPB02', 'MINI PONY BESAR 02'),
	('MPJ01', 'MINI PONY JAM 01'),
	('MPJ02', 'MINI PONY JAM 02'),
	('MPK01', 'MINI PONY KECIL 01'),
	('MPK02', 'MINI PONY KECIL 02'),
	('MPK03', 'MINI PONY KECIL 03'),
	('MPK04', 'MINI PONY KECIL 04'),
	('MRK01', 'MARSA KECIL 01'),
	('MRK02', 'MARSA KECIL 02'),
	('MRK03', 'MARSA KECIL 03'),
	('MRK04', 'MARSA KECIL 04'),
	('MSB01', 'MARSHA BESAR 01'),
	('MSB02', 'MARSHA BESAR 02'),
	('MSB03', 'MARSHA BESAR 03'),
	('MSB04', 'MARSHA BESAR 04'),
	('MSB05', 'MARSHA BESAR 05'),
	('MSB06', 'MARSHA BESAR 06'),
	('NVDF01', 'NEW VENUS DORIFISH R'),
	('NVDF02', 'NEW VENUS DORIFISH L'),
	('NVKF01', 'NEW VENUS KRISAN FLOWER'),
	('NVKT01', 'NEW VENUS KOTAK'),
	('NVMT01', 'NEW VENUS MATRAS'),
	('NVNB01', 'NEW VENUS NEW BABY A1'),
	('NVNB02', 'NEW VENUS NEW BABY A2'),
	('NVNB03', 'NEW VENUS NEW BABY A3'),
	('NVNB04', 'NEW VENUS NEW BABY A4'),
	('NVNB05', 'NEW VENUS NEW BABY A5'),
	('NVNB06', 'NEW VENUS NEW BABY A6'),
	('NVNB07', 'NEW VENUS NEW BABY A7'),
	('NVNB08', 'NEW VENUS NEW BABY A8'),
	('NVSF01', 'NEW VENUS SUN FLOWER'),
	('NVSH01', 'NEW VENUS SUPER HERO R'),
	('NVSH02', 'NEW VENUS SUPER HERO L'),
	('PBGJ01', 'Gajah Upper 01'),
	('PBGJ02', 'Gajah Upper 02'),
	('PBGJ03', 'Gajah Lower 03'),
	('PBGJ04', 'Gajah Lower 04'),
	('PBJR01', 'Jerapah Upper R'),
	('PBJR02', 'Jerapah Upper L'),
	('PBJR03', 'Jerapah Lower R'),
	('PBJR04', 'Jerapah Lower L'),
	('PBML01', 'Marbel Lurus R'),
	('PBML02', 'Marbel Lurus L'),
	('PBMS01', 'Marbel Serong R'),
	('PBMS02', 'Marbel Serong L'),
	('PBTR01', 'Trellis L'),
	('PBTR02', 'Trellis R'),
	('PCB01', 'PRINCES BESAR '),
	('PKA09', 'PK5 GAJAH/JERAPAH A9'),
	('PKA10', 'PK5 GAJAH/JERAPAH A10'),
	('PKB01', 'PIKACHU BESAR 01'),
	('PKB02', 'PIKACHU BESAR 02'),
	('PKC09', 'GAJAH/JERAPAH A9 (comoon)'),
	('PKC10', 'GAJAH/JERAPAH A10 (common)'),
	('PKDN1', 'PK DINO A1'),
	('PKDN2', 'PK DINO A2'),
	('PKDN3', 'PK DINO A3'),
	('PKDN4', 'PK DINO A4'),
	('PKDN5', 'PK DINO A5'),
	('PKDN6', 'PK DINO A6'),
	('PKDN7', 'PK DINO A7'),
	('PKDN8', 'PK DINO A8'),
	('PKDP1', 'PK DOLPHIN A1'),
	('PKDP2', 'PK DOLPHIN A2'),
	('PKDP3', 'PK DOLPHIN A3'),
	('PKDP4', 'PK DOLPHIN A4'),
	('PKDP5', 'PK DOLPHIN A5'),
	('PKDP6', 'PK DOLPHIN A6'),
	('PKDP7', 'PK DOLPHIN A7'),
	('PKDP8', 'PK DOLPHIN A8'),
	('PKGJ1', 'PK GAJAH A1'),
	('PKGJ2', 'PK GAJAH A2'),
	('PKGJ3', 'PK GAJAH A3'),
	('PKGJ4', 'PK GAJAH A4'),
	('PKGJ5', 'PK GAJAH A5'),
	('PKGJ6', 'PK GAJAH A6'),
	('PKGJ7', 'PK GAJAH A7'),
	('PKGJ8', 'PK GAJAH A8'),
	('PKJG1', 'PK JUNGLE A1'),
	('PKJG2', 'PK JUNGLE A2'),
	('PKJG3', 'PK JUNGLE A3'),
	('PKJG4', 'PK JUNGLE A4'),
	('PKJG5', 'PK JUNGLE A5'),
	('PKJG6', 'PK JUNGLE A6'),
	('PKJG7', 'PK JUNGLE A7'),
	('PKJG8', 'PK JUNGLE A8'),
	('PKJR1', 'PK JERAPAH A1'),
	('PKJR2', 'PK JERAPAH A2'),
	('PKJR3', 'PK JERAPAH A3'),
	('PKJR4', 'PK JERAPAH A4'),
	('PKJR5', 'PK JERAPAH A5'),
	('PKJR6', 'PK JERAPAH A6'),
	('PKJR7', 'PK JERAPAH A7'),
	('PKJR8', 'PK JERAPAH A8'),
	('PKMN1', 'PK MONSTER A1'),
	('PKMN2', 'PK MONSTER A2'),
	('PKMN3', 'PK MONSTER A3'),
	('PKMN4', 'PK MONSTER A4'),
	('PKMN5', 'PK MONSTER A5'),
	('PKMN6', 'PK MONSTER A6'),
	('PKMN7', 'PK MONSTER A7'),
	('PKMN8', 'PK MONSTER A8'),
	('PKPW1', 'PK POWER BABY A1'),
	('PKPW2', 'PK POWER BABY A2'),
	('PKPW3', 'PK POWER BABY A3'),
	('PKPW4', 'PK POWER BABY A4'),
	('PKPW5', 'PK POWER BABY A5'),
	('PKPW6', 'PK POWER BABY A6'),
	('PKPW7', 'PK POWER BABY A7'),
	('PKPW8', 'PK POWER BABY A8'),
	('PKSN1', 'PK SONIC A1'),
	('PKSN2', 'PK SONIC A2'),
	('PKSN3', 'PK SONIC A3'),
	('PKSN4', 'PK SONIC A4'),
	('PKSN5', 'PK SONIC A5'),
	('PKSN6', 'PK SONIC A6'),
	('PKSN7', 'PK SONIC A7'),
	('PKSN8', 'PK SONIC A8'),
	('PKTR1', 'PK TRELLIST A1'),
	('PKTR2', 'PK TRELLIST A2'),
	('PKTR3', 'PK TRELLIST A3'),
	('PKTR4', 'PK TRELLIST A4'),
	('PKTR5', 'PK TRELLIST A5'),
	('PKTR6', 'PK TRELLIST A6'),
	('PKTR7', 'PK TRELLIST A7'),
	('PKTR8', 'PK TRELLIST A8'),
	('PKTW1', 'PK TWIN GIRLS A1'),
	('PKTW2', 'PK TWIN GIRLS A2'),
	('PKTW3', 'PK TWIN GIRLS A3'),
	('PKTW4', 'PK TWIN GIRLS A4'),
	('PKTW5', 'PK TWIN GIRLS A5'),
	('PKTW6', 'PK TWIN GIRLS A6'),
	('PKTW7', 'PK TWIN GIRLS A7'),
	('PKTW8', 'PK TWIN GIRLS A8'),
	('PRB01', 'PORORO BESAR 01'),
	('PRB02', 'PORORO BESAR 02'),
	('PRK01', 'PORORO KECIL 01'),
	('PRK02', 'PORORO KECIL 02'),
	('PYB01', 'POCOYO BESAR 01'),
	('PYB02', 'POCOYO BESAR 02'),
	('PYK01', 'POCOYO KECIL 01'),
	('PYK02', 'POCOYO KECIL 02'),
	('PYK03', 'POCOYO KECIL 03'),
	('PYK04', 'POCOYO KECIL 04'),
	('SGKB01', 'TWIN GIRLS KLASIK BESAR 01'),
	('SGKB02', 'TWIN GIRLS KLASIK BESAR 02'),
	('SGMB01', 'TWIN GIRLS MODERN BESAR 01'),
	('SGMB02', 'TWIN GIRLS MODERN BESAR 02'),
	('SNB01', 'SNOW WHITE PRINCES BESAR R'),
	('SNB02', 'SNOW WHITE PRINCES BESAR L'),
	('SNK01', 'SNOW HITE KECIL 01'),
	('SNK02', 'SNOW HITE KECIL 02'),
	('SNK03', 'SNOW HITE KECIL 03'),
	('SNK04', 'SNOW HITE KECIL 04'),
	('SWB01', 'SNOW WHITE BESAR'),
	('TGKK01', 'TWIN GIRLS KLASIK KECIL 01'),
	('TGKK02', 'TWIN GIRLS KLASIK KECIL 02'),
	('TGKK03', 'TWIN GIRLS MODERN KECIL 01'),
	('TGKK04', 'TWIN GIRLS MODERN KECIL 02'),
	('THB01', 'THOMAS BESAR 01'),
	('THB02', 'THOMAS BESAR 02'),
	('THK01', 'THOMAS KECIL 01'),
	('THK02', 'THOMAS KECIL 02'),
	('TRB01', 'TRANSFORMERS BESAR 01'),
	('TRB02', 'TRANSFORMERS BESAR 02'),
	('TRK01', 'TRANSFORMERS KECIL 01'),
	('TRK02', 'TRANSFORMERS KECIL 02'),
	('TRK03', 'TRANSFORMERS KECIL 03'),
	('TRK04', 'TRANSFORMERS KECIL 04');
/*!40000 ALTER TABLE `jenis_gambar_stiker` ENABLE KEYS */;


-- Dumping structure for table ipak.jenis_warna
CREATE TABLE IF NOT EXISTS `jenis_warna` (
  `id_warna` int(10) NOT NULL AUTO_INCREMENT,
  `nama_warna` varchar(50) DEFAULT NULL,
  PRIMARY KEY (`id_warna`)
) ENGINE=InnoDB AUTO_INCREMENT=30 DEFAULT CHARSET=utf8mb4;

-- Dumping data for table ipak.jenis_warna: ~29 rows (approximately)
/*!40000 ALTER TABLE `jenis_warna` DISABLE KEYS */;
INSERT INTO `jenis_warna` (`id_warna`, `nama_warna`) VALUES
	(1, 'Clear / Bening'),
	(2, 'NATURAL'),
	(3, 'RED'),
	(4, 'ORANGE'),
	(5, 'YELLOW'),
	(6, 'GREEN'),
	(7, 'BLUE'),
	(8, 'BLACK'),
	(9, 'WHITE'),
	(10, 'VIOLET / UNGGU'),
	(11, 'PINK'),
	(12, 'LIGHT BROWN'),
	(13, 'BROWN'),
	(14, 'DARK BROWN'),
	(15, 'GREY'),
	(16, 'CREAM'),
	(17, 'HC'),
	(18, 'CC'),
	(19, 'KK'),
	(20, 'AA'),
	(21, 'HA '),
	(22, 'Mix'),
	(23, 'CAMPUR'),
	(24, 'TERACOTTA'),
	(25, 'MAMBO'),
	(26, 'WARNA'),
	(27, 'BEIGE'),
	(28, 'DARK GERY'),
	(29, 'GOLD');
/*!40000 ALTER TABLE `jenis_warna` ENABLE KEYS */;


-- Dumping structure for table ipak.kode_bahan
CREATE TABLE IF NOT EXISTS `kode_bahan` (
  `kode_bahan` char(15) NOT NULL,
  `id_jenis_bahan` int(11) DEFAULT NULL,
  `id_warna` int(11) DEFAULT NULL,
  `id_supplier` int(11) DEFAULT NULL,
  `jumlah` int(15) DEFAULT '0',
  PRIMARY KEY (`kode_bahan`),
  KEY `id_warna` (`id_warna`),
  KEY `id_jenis_bahan` (`id_jenis_bahan`),
  KEY `id_supplier` (`id_supplier`),
  CONSTRAINT `kode_bahan_ibfk_2` FOREIGN KEY (`id_warna`) REFERENCES `jenis_warna` (`id_warna`),
  CONSTRAINT `kode_bahan_ibfk_3` FOREIGN KEY (`id_jenis_bahan`) REFERENCES `jenis_bahan` (`id_jenis_bahan`),
  CONSTRAINT `kode_bahan_ibfk_4` FOREIGN KEY (`id_supplier`) REFERENCES `supplier` (`id_supplier`)
) ENGINE=InnoDB DEFAULT CHARSET=utf8mb4;

-- Dumping data for table ipak.kode_bahan: ~136 rows (approximately)
/*!40000 ALTER TABLE `kode_bahan` DISABLE KEYS */;
INSERT INTO `kode_bahan` (`kode_bahan`, `id_jenis_bahan`, `id_warna`, `id_supplier`, `jumlah`) VALUES
	('AC001', 820, 8, 52, 0),
	('AC002', 820, 8, 47, 2126),
	('AC003', 820, 8, 57, 0),
	('AC004', 820, 8, 19, 5),
	('AC005', 820, 8, 32, 0),
	('AC006', 820, 8, 22, 0),
	('AC007', 820, 8, 23, 0),
	('AC008', 820, 8, 31, 0),
	('AC009', 820, 8, 30, 0),
	('AC010', 820, 8, 54, 0),
	('AC011', 820, 8, 18, 0),
	('AC012', 820, 8, 51, 0),
	('AC013', 820, 8, 24, 0),
	('AC014', 820, 8, 56, 0),
	('AC015', 820, 8, 33, 0),
	('AC016', 820, 8, 48, 0),
	('AC017', 820, 8, 38, 0),
	('AC018', 821, 8, 21, 0),
	('AC019', 822, 9, 26, 397),
	('AC020', 823, 1, 21, 0),
	('AC021', 824, 1, 21, 0),
	('AC022', 825, 1, 21, 0),
	('AC023', 826, 1, 55, 0),
	('AC024', 827, 1, 25, 0),
	('AC025', 824, 1, 20, 0),
	('AC026', 828, 1, 20, 0),
	('AC027', 825, 1, 20, 0),
	('AC028', 570, 1, 21, 0),
	('AC029', 830, 1, 23, 0),
	('AC030', 831, 1, 23, 0),
	('AC031', 581, 9, 23, 0),
	('AC032', 580, 7, 23, 0),
	('AC033', 834, 8, 23, 0),
	('AC034', 835, 1, 23, 0),
	('AC035', 834, 7, 31, 0),
	('AC036', 582, 2, 31, 0),
	('AC037', 580, 5, 29, 0),
	('AC038', 567, 7, 17, 0),
	('AC039', 839, 8, 34, 933),
	('AC040', 840, 8, 34, 0),
	('AC041', 841, 25, 34, 622),
	('AC042', 842, 1, 34, 0),
	('AC043', 843, 9, 34, 0),
	('AC044', 844, 25, 34, 0),
	('AC046', 839, 7, 34, 0),
	('AC047', 839, 13, 34, 0),
	('AC048', 839, 12, 34, 0),
	('AC049', 839, 3, 34, 0),
	('AC050', 842, 1, 28, 0),
	('AC051', 847, 2, 24, 0),
	('AC052', 848, 8, 36, 0),
	('AC053', 849, 7, 48, 0),
	('AC054', 848, 25, 36, 0),
	('AC055', 572, 1, 39, 282),
	('AC056', 595, 23, 39, 50),
	('AC057', 572, 1, 27, 3191),
	('AC058', 568, 8, 59, 1229),
	('AL001', 567, 25, 17, 0),
	('AL002', 568, 8, 18, 0),
	('AL003', 568, 8, 19, 0),
	('AL004', 569, 25, 20, 0),
	('AL005', 570, 1, 21, 0),
	('AL006', 568, 8, 22, 0),
	('AL007', 568, 8, 23, 0),
	('AL008', 568, 8, 24, 0),
	('AL009', 571, 1, 25, 0),
	('AL010', 572, 25, 26, 499),
	('AL011', 573, 1, 26, 439),
	('AL012', 574, 1, 20, 0),
	('AL013', 575, 1, 20, 0),
	('AL014', 576, 1, 20, 0),
	('AL015', 577, 1, 21, 0),
	('AL016', 575, 1, 21, 0),
	('AL017', 576, 1, 21, 0),
	('AL018', 572, 25, 27, 19802),
	('AL019', 578, 1, 21, 0),
	('AL020', 579, 25, 28, 0),
	('AL021', 580, 25, 29, 0),
	('AL022', 568, 8, 30, 0),
	('AL023', 580, 25, 24, 0),
	('AL024', 581, 9, 23, 0),
	('AL025', 580, 25, 23, 0),
	('AL026', 568, 8, 31, 0),
	('AL027', 568, 8, 32, 0),
	('AL028', 582, 2, 31, 0),
	('AL029', 568, 8, 33, 0),
	('AL030', 583, 25, 33, 0),
	('AL031', 584, 1, 28, 1454),
	('AL032', 585, 4, 24, 0),
	('AL033', 586, 8, 34, 0),
	('AL034', 589, 8, 34, 624),
	('AL035', 588, 25, 35, 0),
	('AL036', 589, 13, 34, 0),
	('AL037', 590, 25, 36, 436),
	('AL038', 834, 25, 31, 0),
	('AL039', 835, 1, 23, 0),
	('AL040', 831, 1, 23, 0),
	('AL041', 611, 25, 27, 0),
	('AL042', 568, 8, 38, 0),
	('AL043', 834, 25, 23, 0),
	('AL044', 595, 25, 39, 268),
	('AL045', 596, 25, 39, 474),
	('AL046', 597, 9, 40, 2000),
	('AL047', 598, 25, 40, 2800),
	('AL048', 582, 25, 24, 0),
	('AL049', 830, 25, 23, 0),
	('AL050', 568, 8, 42, 0),
	('AL051', 601, 25, 34, 0),
	('AL052', 602, 8, 34, 0),
	('AL053', 603, 1, 24, 0),
	('AL054', 604, 8, 34, 0),
	('AL055', 579, 25, 34, 0),
	('AL056', 605, 25, 46, 0),
	('AL057', 590, 25, 34, 1229),
	('AL058', 606, 9, 34, 0),
	('AL059', 584, 1, 34, 0),
	('AL060', 568, 8, 47, 376),
	('AL061', 589, 6, 34, 0),
	('AL062', 798, 25, 34, 0),
	('AL063', 568, 8, 48, 0),
	('AL065', 567, 25, 48, 0),
	('AL066', 590, 25, 42, 0),
	('AL067', 579, 25, 36, 0),
	('AL068', 611, 6, 50, 29670),
	('AL069', 568, 8, 34, 0),
	('AL070', 568, 8, 51, 0),
	('AL071', 612, 25, 42, 0),
	('AL072', 568, 8, 52, 0),
	('AL073', 613, 7, 34, 0),
	('AL074', 614, 25, 28, 0),
	('AL075', 568, 8, 54, 0),
	('AL076', 615, 13, 34, 0),
	('AL077', 568, 8, 56, 0),
	('AL078', 806, 1, 55, 1316),
	('AL079', 568, 8, 57, 0),
	('AL080', 617, 7, 34, 0),
	('AL081', 618, 12, 34, 0),
	('AL082', 619, 3, 34, 0),
	('AL083', 620, 1, 27, 0),
	('AL084', 621, 8, 34, 0),
	('AL085', 572, 1, 55, 53048),
	('AL086', 568, 8, 58, 334),
	('AL087', 568, 8, 59, 1477);
/*!40000 ALTER TABLE `kode_bahan` ENABLE KEYS */;


-- Dumping structure for table ipak.kode_kendaraan
CREATE TABLE IF NOT EXISTS `kode_kendaraan` (
  `kode_kendaraan` char(25) NOT NULL,
  `nama_kendaraan` varchar(100) DEFAULT NULL,
  `no_polisi` char(50) DEFAULT NULL,
  `jenis_mobil` varchar(100) DEFAULT NULL,
  `tahun_pembuatan` int(50) DEFAULT NULL,
  `jbki` decimal(10,2) DEFAULT NULL,
  `jbi` decimal(10,2) DEFAULT NULL,
  `daya_angkut` decimal(10,2) DEFAULT NULL,
  `atas_nama` varchar(50) DEFAULT NULL,
  PRIMARY KEY (`kode_kendaraan`)
) ENGINE=InnoDB DEFAULT CHARSET=utf8mb4;

-- Dumping data for table ipak.kode_kendaraan: ~0 rows (approximately)
/*!40000 ALTER TABLE `kode_kendaraan` DISABLE KEYS */;
/*!40000 ALTER TABLE `kode_kendaraan` ENABLE KEYS */;


-- Dumping structure for table ipak.kode_komponen_pendukung
CREATE TABLE IF NOT EXISTS `kode_komponen_pendukung` (
  `id_pendukung` char(25) NOT NULL,
  `nama_barang` varchar(100) DEFAULT NULL,
  `jumlah` int(50) DEFAULT '0',
  PRIMARY KEY (`id_pendukung`)
) ENGINE=InnoDB DEFAULT CHARSET=utf8mb4;

-- Dumping data for table ipak.kode_komponen_pendukung: ~109 rows (approximately)
/*!40000 ALTER TABLE `kode_komponen_pendukung` DISABLE KEYS */;
INSERT INTO `kode_komponen_pendukung` (`id_pendukung`, `nama_barang`, `jumlah`) VALUES
	(' KHELM001', 'Busa @1 ball\r', 0),
	(' KHELM002', 'Busa Ukuran 3,5x100x200@ 1ball\r', 0),
	(' KHELM003', 'Busa Ukuran 30x100x200@ 1ball\r', 0),
	(' KHELM004', 'Foam 20 Bal @1000 Pcs\r', 0),
	(' KHELM005', 'Kulit Pagani Roll No4 Blue, Panjang 50M, lebar 137 cm\r', 0),
	(' KHELM006', 'Kulit Roll no. 9 Pagani\r', 0),
	(' KHELM007', 'Velos Roll no. 27 Panjang 50M lebar 137 cm\r', 0),
	(' KHELM008', 'W.Z\r', 0),
	(' KHELM009', 'SCB 250600 ( SV Holder R/L )\r', 0),
	(' KHELM010', 'SCZ 250702 ( SV Holder W/ Slider Switch )\r', 0),
	(' KHELM011', 'SCB250410 (Screw Cornelis JGR )\r', 0),
	(' KHELM012', 'SCB250800 ( SV Stright Slider Push )/visor slider\r', 0),
	(' KHELM013', 'SCB600811 ( Visor Basplate Side Screw )\r', 0),
	(' KHELM014', 'SCB600611 ( Visor Basplate Vendeta )\r', 0),
	(' KHELM015', 'SCC200401 ( Screw Washer Basplate )\r', 0),
	(' KHELM016', 'SCB200400 ( Screw Washer Basplate Vendeta)\r', 0),
	(' KHELM017', 'SCC250611 ( Sunshade Screw  JGR)\r', 0),
	(' KHELM018', 'SPC502610 ( SV Switch Tensile Spring )\r', 0),
	(' KHELM019', 'SCB250310(Peak R/L Screw) Mot\r', 0),
	(' KHELM020', 'SPC351400 ( Spring Basplate )\r', 0),
	(' KHELM021', 'SPC801500 ( Acc Back Vent )\r', 0),
	(' KHELM022', 'FNY601000 ( Flank Nut )\r', 0),
	(' KHELM023', 'BUTTON\r', 0),
	(' KHELM024', 'HELMET RIVET 4.5X20\r', 0),
	(' KHELM025', 'HELMET RIVET 4X11\r', 0),
	(' KHELM026', 'ADHESIVE PAPER 53.5 X 200\r', 0),
	(' KHELM027', 'ADHESIVE PAPER 53.5 X 146\r', 0),
	(' KHELM0289', 'KANCING 3 DEPAN IGLOO (SHELL IGLOO)\r', 0),
	(' KHELM029', 'KANCING KACA IGLOO (FEMALE)\r', 0),
	(' KHELM030', 'KANCING KACA IGLOO COVER (MALE)\r', 0),
	(' KHELM031', 'KANCING BELAKANG IGLOO(Shell Belakang (FEMALE))\r', 0),
	(' KHELM032', 'KANCING BELAKANG IGLOO(Shell Belakang (COVER))\r', 0),
	(' KHELM033', 'KANCING BELAKANG IGLOO(Shell Belakang (MALE))\r', 0),
	(' KHELM034', 'KANCING BELAKANG IGLOO(Shell Belakang (BOTTOM))\r', 0),
	(' KHELM035', 'KANCING BELAKANG IGLOO Polos\r', 0),
	(' KHELM036', 'WIRE LOCK HEAD\r', 0),
	(' KHELM037', 'KIDZU RAINBOW VISOR\r', 0),
	(' KHELM038', 'BASE PLATE 838 R\r', 0),
	(' KHELM039', 'BASE PLATE 838 L\r', 0),
	(' KHELM040', 'PRESSING RinG 838\r', 0),
	(' KHELM041', 'PVC LEATHER ROLL OUTDOOR 113 BLACK/Meter\r', 0),
	(' KHELM042', 'PVC LEATHER ROLL OUTDOOR 10D0 BLACK\r', 0),
	(' KHELM043', 'KMB 235180 ( Klem Male )\r', 0),
	(' KHELM044', 'KFB 225340 ( Klem Female Short )\r', 0),
	(' KHELM045', 'KFB 230385 ( Klem Female Long )\r', 0),
	(' KHELM046', 'PBC 252250 ( Pen Female Short (01) )\r', 0),
	(' KHELM047', 'PBC 252251 ( Pen Female Long  (02) )\r', 0),
	(' KHELM048', 'PBC 252252 ( Pen Female Short & Long (03) )\r', 0),
	(' KHELM049', 'SBC 454000 ( Spring Long )/Terbalik (NG)\r', 0),
	(' KHELM050', 'SBC 454000 ( Spring Short )\r', 0),
	(' KHELM051', 'WAB 311920 ( Webbing Adjuster )\r', 0),
	(' KHELM052', 'WPZ 321521 ( Webbing Plate / Triangle )\r', 0),
	(' KHELM053', 'KARET HELM/KARET LIS\r', 0),
	(' KHELM054', 'HELMET RIVET 4 X 10 cm/RING/Rivet Kaca\r', 0),
	(' KHELM055', 'WFZ 400805(Metal Gasket for Rivet)\r', 0),
	(' KHELM056', 'SCB 406011,Screw Race RF(Kidzu)\r', 0),
	(' KHELM057', 'Lis Igloo Chrom SILVER\r', 0),
	(' KHELM058', 'Lis igloo Chrom GOLD\r', 0),
	(' KHELM059', 'Spring Long (OK)\r', 0),
	(' KHELM060', 'Serafil 20 2500M FS1(Benang)\r', 0),
	(' KHELM061', 'MESIN JAHIT PASANG KANCING\r', 0),
	(' KHELM062', 'MATRAS PANTEK\r', 0),
	(' KHELM063', 'DUDUKAN MESIN\r', 0),
	(' KHELM064', 'LIQUID CHEMICAL\r', 0),
	(' KHELM065', 'PC Clear Visor With anti -scratch + RDX Sticker(887)\r', 0),
	(' KHELM066', 'Mur Full Face 6\r', 0),
	(' KP001', 'CABINET LOCK Uk 20mm X 42mm (PK)\r', 0),
	(' KP002', 'CABINET LOCK Uk 29mm X 42mm (yukari)\r', 0),
	(' KP003', 'CABINET LOCK ( CONVENTIONAL ) / reguler (NEW)\r', 0),
	(' KP004', 'CABINET LOCK 16X21 (Reguler)\r', 0),
	(' KP005', 'LATCH CABINET / SELOT\r', 0),
	(' KP006', 'DOOR MAGNET Uk 44 X 15 \r', 0),
	(' KP007', 'DOOR MAGNET Uk 46 X 15 \r', 0),
	(' KP008', 'DOOR MAGNET Uk 44 X 15 LOKAL\r', 0),
	(' KP009', 'DOOR BOLT Uk 70 X 15\r', 0),
	(' KP010', 'DOOR PLATE magnet\r', 0),
	(' KP011', 'DOOR D & E HANDLE  & COVER SCREW\r', 0),
	(' KP012', 'SMALL MIRROR PLATE\r', 0),
	(' KP013', 'STAINLESS STEEL 680 cm X 19mm (u/ Aries Hanger)\r', 0),
	(' KP014', 'STAINLESS STEEL 780 cm X 19mm/Besar 0.3\r', 0),
	(' KP015', 'STAINLESS STEEL 740 cm X 16mm/Kecil 0.3\r', 0),
	(' KP016', 'STAINLESS STEEL 705 cm X 19mm ( PK Hanger )\r', 0),
	(' KP017', 'STAINLESS STEEL 750 cm X 25mm ( Elegant Hanger )\r', 0),
	(' KP018', 'RING\r', 0),
	(' KP019', 'HOLOGRAM STICKER KECIL(FLOWER)\r', 0),
	(' KP020', 'HOLOGRAM STICKER BESAR (DIAMON )\r', 0),
	(' KP021', 'CLOCK DIAL STICKER\r', 0),
	(' KP022', 'CLOCK MACHINE CORE\r', 0),
	(' KP023', 'CLOCK MACHINE CORE SCREW M2 X 12\r', 0),
	(' KP024', 'CLOCK BOX SCREW M 2.6 X 6\r', 0),
	(' KP025', 'SCREW DRIVER\r', 0),
	(' KP026', '3M DOUBLE SIDED ADHESIVE \r', 0),
	(' KP027', 'Table Spring lD10.1 x15\r', 0),
	(' KP028', 'Handle Sample Big Cabinet (elegant)\r', 0),
	(' KP029', 'Longdoor Part Plastik Sample\r', 0),
	(' KP030', 'Elegant Cabinet Lock 16x40\r', 0),
	(' KP031', 'Tape Foam 2x7mm x 10 m\r', 0),
	(' KP032', 'Cabinet Handle Chrome plated 192 mm\r', 0),
	(' KP033', 'Cabinet Handle Matte 192 mm\r', 0),
	(' KP034', 'Flower Film Mirror elegant (satuan roll) / Glass Film\r', 0),
	(' KP035', 'Sterofoam RB 8 ltr\r', 0),
	(' KP036', 'Sterofoam RB 17 ltr\r', 0),
	(' KP037', 'Sterofoam RB 26/30 ltr\r', 0),
	(' KP038', 'Bubblewrap\r', 0),
	(' KP039', 'Srew 6 1/2 cembung\r', 0),
	(' KP040', 'Srew 6 1/2 datar\r', 0),
	(' KP041', 'Srew 4 1/2 cembung\r', 0),
	(' KP042', 'Baut JP 4 x 10 cembung\r', 0),
	(' KP043', 'Baut T+ AB Kuning 3/8\r', 0);
/*!40000 ALTER TABLE `kode_komponen_pendukung` ENABLE KEYS */;


-- Dumping structure for table ipak.komponen
CREATE TABLE IF NOT EXISTS `komponen` (
  `code_komponen` char(50) NOT NULL,
  `nama_komponen` varchar(50) DEFAULT NULL,
  `bahan` char(25) DEFAULT NULL,
  `berat_komponen` char(50) DEFAULT NULL,
  `cycle_time` char(50) DEFAULT NULL,
  `warna` int(11) DEFAULT NULL,
  `id_type` int(10) DEFAULT NULL,
  `jumlah_ok` int(15) DEFAULT '0',
  `jumlah_ng` int(15) DEFAULT '0',
  PRIMARY KEY (`code_komponen`),
  KEY `detail_bahan_utama` (`bahan`),
  KEY `warna` (`warna`),
  KEY `id_type` (`id_type`),
  CONSTRAINT `komponen_ibfk_3` FOREIGN KEY (`warna`) REFERENCES `jenis_warna` (`id_warna`),
  CONSTRAINT `komponen_ibfk_4` FOREIGN KEY (`id_type`) REFERENCES `type` (`id_type`)
) ENGINE=InnoDB DEFAULT CHARSET=utf8mb4;

-- Dumping data for table ipak.komponen: ~978 rows (approximately)
/*!40000 ALTER TABLE `komponen` DISABLE KEYS */;
INSERT INTO `komponen` (`code_komponen`, `nama_komponen`, `bahan`, `berat_komponen`, `cycle_time`, `warna`, `id_type`, `jumlah_ok`, `jumlah_ng`) VALUES
	('FX1001', 'Rangka Large Flexibio', 'PP WARNA', '90', '', 11, 11, 0, 0),
	('FX1002', 'Rangka Large Flexibio', 'PP WARNA', '90', '', 11, 5, 0, 0),
	('FX1003', 'Rangka Large Flexibio', 'PP WARNA', '90', '', 11, 7, 0, 0),
	('FX1004', 'Rangka Large Flexibio', 'PP WARNA', '90', '', 11, 6, 0, 0),
	('FX1005', 'Handle Laci Flexibio', 'PP WARNA', '19', '', 11, 3, 0, 0),
	('FX1006', 'Handle Laci Flexibio', 'PP WARNA', '19', '', 11, 11, 0, 0),
	('FX1007', 'Handle Laci Flexibio', 'PP WARNA', '19', '', 11, 7, 0, 0),
	('FX1008', 'Handle Laci Flexibio', 'PP WARNA', '19', '', 11, 6, 0, 0),
	('FX1009', 'Rangka Medium Flexibio', 'PP WARNA', '64', '', 11, 3, 0, 0),
	('FX1010', 'Rangka Medium Flexibio', 'PP WARNA', '64', '', 11, 11, 0, 0),
	('FX1011', 'Rangka Medium Flexibio', 'PP WARNA', '64', '', 11, 7, 0, 0),
	('FX1012', 'Rangka Medium Flexibio', 'PP WARNA', '64', '', 11, 6, 0, 0),
	('FX1013', 'Cover Flexibio', 'PP WARNA', '145', '', 11, 3, 0, 0),
	('FX1014', 'Cover Flexibio', 'PP WARNA', '145', '', 11, 11, 0, 0),
	('FX1015', 'Cover Flexibio', 'PP WARNA', '145', '', 11, 7, 0, 0),
	('FX1016', 'Cover Flexibio', 'PP WARNA', '145', '', 11, 6, 0, 0),
	('FX1017', 'Laci Small A ', 'PP WARNA', '67', '', 11, 3, 0, 0),
	('FX1018', 'Laci Small B', 'PP WARNA', '67', '', 11, 11, 0, 0),
	('FX1019', 'Laci Large Flexibio', 'PP WARNA', '215', '', 11, 7, 0, 0),
	('FX1020', 'Laci Medium Flexibio', 'PP WARNA', '105', '', 11, 6, 0, 0),
	('FX1021', 'Cap Atas Flexibio', 'PP WARNA', '145', '', 11, 2, 0, 0),
	('KWI1001', 'BC Top Layer ', 'PP WARNA', '704,6', '', 8, 12, 0, 0),
	('KWI1002', 'BC Top Layer ', 'PP WARNA', '704,6', '', 8, 13, 0, 0),
	('KWI1003', 'BC Top Layer ', 'PP WARNA', '704,6', '', 8, 14, 0, 0),
	('KWI1004', 'BC Top Layer ', 'PP WARNA', '704,6', '', 8, 7, 0, 0),
	('KWI1005', 'BC Top Layer ', 'PP WARNA', '704,6', '', 8, 15, 0, 0),
	('KWI1006', 'BC Top Layer ', 'PP WARNA', '704,6', '', 8, 16, 0, 0),
	('KWI1007', 'BC Top Layer ', 'PP BLACK', '704,6', '', 8, 8, 0, 0),
	('KWI1008', 'BC Middle Layer ', 'PP BLACK', '693,7', '', 8, 8, 0, 0),
	('KWI1009', 'BC Middle Layer ', 'PP WARNA', '693,7', '', 8, 12, 0, 0),
	('KWI1010', 'BC Middle Layer ', 'PP WARNA', '693,7', '', 8, 13, 0, 0),
	('KWI1011', 'BC Middle Layer ', 'PP WARNA', '693,7', '', 8, 14, 0, 0),
	('KWI1012', 'BC Middle Layer ', 'PP WARNA', '693,7', '', 8, 7, 0, 0),
	('KWI1013', 'BC Middle Layer ', 'PP WARNA', '693,7', '', 8, 15, 0, 0),
	('KWI1014', 'BC Middle Layer ', 'PP WARNA', '693,7', '', 8, 16, 0, 0),
	('KWI1015', 'BC Top Layer Key', 'PP WARNA', '704,6', '', 8, 12, 0, 0),
	('KWI1016', 'BC Top Layer  Key', 'PP WARNA', '704,6', '', 8, 13, 0, 0),
	('KWI1017', 'BC Top Layer  Key', 'PP WARNA', '704,6', '', 8, 14, 0, 0),
	('KWI1018', 'BC Top Layer  Key', 'PP WARNA', '704,6', '', 8, 7, 0, 0),
	('KWI1019', 'BC Top Layer  Key', 'PP WARNA', '704,6', '', 8, 15, 0, 0),
	('KWI1020', 'BC Top Layer  Key', 'PP WARNA', '704,6', '', 8, 16, 0, 0),
	('KWI1021', 'BC Top Layer  Key', 'PP BLACK', '704,6', '', 8, 8, 0, 0),
	('KWI1022', 'BC Middle Layer  Key', 'PP BLACK', '693,7', '', 8, 8, 0, 0),
	('KWI1023', 'BC Middle Layer  Key', 'PP WARNA', '693,7', '', 8, 12, 0, 0),
	('KWI1024', 'BC Middle Layer  Key', 'PP WARNA', '693,7', '', 8, 13, 0, 0),
	('KWI1025', 'BC Middle Layer  Key', 'PP WARNA', '693,7', '', 8, 14, 0, 0),
	('KWI1026', 'BC Middle Layer  Key', 'PP WARNA', '693,7', '', 8, 7, 0, 0),
	('KWI1027', 'BC Middle Layer  Key', 'PP WARNA', '693,7', '', 8, 15, 0, 0),
	('KWI1028', 'BC Middle Layer  Key', 'PP WARNA', '693,7', '', 8, 16, 0, 0),
	('KWI1029', 'BC Door Rotan ', 'PP WARNA', '256,3', '', 8, 15, 0, 0),
	('KWI1030', 'BC Door Rotan ', 'PP WARNA', '256,3', '', 8, 7, 0, 0),
	('KWI1031', 'BC Door Rotan ', 'PP WARNA', '256,3', '', 8, 12, 0, 0),
	('KWI1032', 'BC Door Rotan ', 'PP WARNA', '256,3', '', 8, 13, 0, 0),
	('KWI1033', 'BC Door Rotan ', 'PP WARNA', '256,3', '', 8, 14, 0, 0),
	('KWI1034', 'BC Door Rotan ', 'PP WARNA', '256,3', '', 8, 16, 0, 0),
	('KWI1035', 'BC Door Rotan ', 'PP WARNA', '256,3', '', 8, 3, 0, 0),
	('KWI1036', 'BC Door Rotan ', 'PP WARNA', '256,3', '', 8, 6, 0, 0),
	('KWI1037', 'BC Door Axis ', 'PP WARNA', '36,9', '', 8, 15, 0, 0),
	('KWI1038', 'BC Door Axis ', 'PP WARNA', '36,9', '', 8, 7, 0, 0),
	('KWI1039', 'BC Door Axis ', 'PP WARNA', '36,9', '', 8, 12, 0, 0),
	('KWI1040', 'BC Door Axis ', 'PP WARNA', '36,9', '', 8, 13, 0, 0),
	('KWI1041', 'BC Door Axis ', 'PP WARNA', '36,9', '', 8, 14, 0, 0),
	('KWI1042', 'BC Door Axis ', 'PP WARNA', '36,9', '', 8, 16, 0, 0),
	('KWI1043', 'BC Door Axis ', 'PP WARNA', '36,9', '', 8, 3, 0, 0),
	('KWI1044', 'BC Door Axis ', 'PP WARNA', '36,9', '', 8, 6, 0, 0),
	('KWI1045', 'BC Back Cover', 'PP WARNA', '313,8', '', 8, 15, 0, 0),
	('KWI1046', 'BC Back Cover', 'PP WARNA', '313,8', '', 8, 7, 0, 0),
	('KWI1047', 'BC Back Cover', 'PP WARNA', '313,8', '', 8, 12, 0, 0),
	('KWI1048', 'BC Back Cover', 'PP WARNA', '313,8', '', 8, 13, 0, 0),
	('KWI1049', 'BC Back Cover', 'PP WARNA', '313,8', '', 8, 14, 0, 0),
	('KWI1050', 'BC Back Cover', 'PP WARNA', '313,8', '', 8, 16, 0, 0),
	('KWI1051', 'BC Back Cover', 'PP WARNA', '313,8', '', 8, 8, 0, 0),
	('KWI1052', 'BC Side Cover ', 'PP WARNA', '290,3', '', 8, 15, 0, 0),
	('KWI1053', 'BC Side Cover ', 'PP WARNA', '290,3', '', 8, 7, 0, 0),
	('KWI1054', 'BC Side Cover ', 'PP WARNA', '290,3', '', 8, 12, 0, 0),
	('KWI1055', 'BC Side Cover ', 'PP WARNA', '290,3', '', 8, 13, 0, 0),
	('KWI1056', 'BC Side Cover ', 'PP WARNA', '290,3', '', 8, 14, 0, 0),
	('KWI1057', 'BC Side Cover ', 'PP WARNA', '290,3', '', 8, 16, 0, 0),
	('KWI1058', 'BC Side Cover ', 'PP WARNA', '290,3', '', 8, 8, 0, 0),
	('LACI1001', 'Tutup Atas Laci Polos', 'PP BLACK', '597,2', '65', 14, 8, 0, 0),
	('LACI1002', 'Rangka Laci Polos', 'PP BLACK', '427,3', '120', 14, 8, 0, 0),
	('LACI1003', 'Kaki  Laci Polos', 'PP BLACK', '67,2', '30', 14, 8, 0, 0),
	('LACI1004', 'Box Laci Polos', 'PP BLACK', '851,9', '100', 14, 8, 0, 0),
	('LACI1005', 'Merk Marionete ', 'PP BLACK', '3,3', '10', 14, 8, 0, 0),
	('LACI1006', 'Alas Kaki Laci Polos', 'PP BLACK', '8,7', '10', 14, 8, 0, 0),
	('LACI1007', 'Frame Laci Polos', 'PP PK', '165', '45', 14, 27, 0, 0),
	('LACI1008', 'komponen binatang laci aquarium', 'PP WARNA', '20', '25', 14, 3, 0, 0),
	('LACI1009', 'Handle Base Mould-Red', 'PP WARNA', '15,6', '25', 14, 3, 0, 0),
	('LACI1010', 'Handle Full LD-Red', 'PP WARNA', '7', '25', 14, 3, 1500, 0),
	('LACI1011', 'Tutup Depan Laci Polos', 'PP WARNA', '87,7', '80', 14, 7, 0, 0),
	('LACI1012', 'Tutup Depan Laci Polos', 'PP WARNA', '87,7', '80', 14, 6, 0, 0),
	('LACI1013', 'Tutup Depan Laci Polos', 'PP WARNA', '87,7', '80', 14, 3, 0, 0),
	('LACI1014', 'Tutup Depan Laci Polos', 'PP WARNA', '87,7', '80', 14, 4, 0, 0),
	('LACI1015', 'Tutup Depan Laci Polos', 'PP WARNA', '87,7', '80', 14, 10, 0, 0),
	('LACI1016', 'Tutup Depan Laci Polos', 'PP WARNA', '87,7', '80', 14, 11, 0, 0),
	('LACI1017', 'Tutup Depan Laci Polos', 'PP WARNA', '87,7', '80', 14, 5, 0, 0),
	('LACI1018', 'Tutup Depan Laci AQ', 'PP WARNA', '236', '80', 14, 7, 0, 0),
	('LACI1019', 'Tutup Depan Laci AQ', 'PP WARNA', '236', '80', 14, 6, 0, 0),
	('LACI1020', 'Tutup Depan Laci AQ', 'PP WARNA', '236', '80', 14, 3, 0, 0),
	('LACI1021', 'Tutup Depan Laci AQ', 'PP WARNA', '236', '80', 14, 4, 0, 0),
	('LACI1022', 'Tutup Depan Laci AQ', 'PP WARNA', '236', '80', 14, 10, 0, 0),
	('LACI1023', 'Tutup Depan Laci AQ', 'PP WARNA', '236', '80', 14, 11, 0, 0),
	('LACI1024', 'Tutup Depan Laci AQ', 'PP WARNA', '236', '80', 14, 5, 0, 0),
	('LACI1025', 'Handle Laci AQ', 'PP WARNA', '14', '', 14, 7, 0, 0),
	('LACI1026', 'Handle Laci AQ', 'PP WARNA', '14', '', 14, 6, 0, 0),
	('LACI1027', 'Handle Laci AQ', 'PP WARNA', '14', '', 14, 3, 0, 0),
	('LACI1028', 'Handle Laci AQ', 'PP WARNA', '14', '', 14, 4, 0, 0),
	('LACI1029', 'Handle Laci AQ', 'PP WARNA', '14', '', 14, 10, 0, 0),
	('LACI1030', 'Handle Laci AQ', 'PP WARNA', '14', '', 14, 11, 0, 0),
	('LACI1031', 'Handle Laci AQ', 'PP WARNA', '14', '', 14, 5, 0, 0),
	('NACES1001', 'Tutup Atas Nacase ', 'PP BLACK', '567', '', 10, 8, 0, 0),
	('NACES1002', 'Tutup Belakang Nacase', 'PP BLACK', '233', '', 10, 8, 0, 0),
	('NACES1003', 'Tutup Samping Nacase', 'PP BLACK', '226', '', 10, 8, 0, 0),
	('NACES1004', 'Rak Dalam Nacase', 'PP BLACK', '550', '', 10, 8, 0, 0),
	('NACES1005', 'Tutup Bawah Nacase', 'PP BLACK', '604', '', 10, 8, 0, 0),
	('NACES1006', 'Rangka Nacase', 'PP BLACK', '484', '', 10, 8, 0, 0),
	('NACES1007', 'Box Laci Nacase', 'PP BLACK', '745', '', 10, 8, 0, 0),
	('NACES1008', 'Roda Rangka', 'PP BLACK', '1', '', 10, 8, 0, 0),
	('NACES1009', 'Tutup Atas Nacase ', 'PP PK', '784', '', 10, 8, 0, 0),
	('NACES1010', 'Tutup Belakang Nacase', 'PP PK', '253', '', 10, 8, 0, 0),
	('NACES1011', 'Tutup Samping Nacase', 'PP PK', '305', '', 10, 8, 0, 0),
	('NACES1012', 'Rak Dalam Nacase', 'PP PK', '722', '', 10, 8, 0, 0),
	('NACES1013', 'Tutup Bawah Nacase', 'PP PK', '696', '', 10, 9, 0, 0),
	('NACES1014', 'Rangka Nacase', 'PP PK', '511', '', 10, 9, 0, 0),
	('NACES1015', 'Kaki Nacase', 'PP PK', '12', '', 10, 9, 0, 0),
	('NACES1016', 'Door Adorn 01', 'PP PK', '93', '', 10, 9, 0, 0),
	('NACES1017', 'Door Plate ', 'PP PK', '123', '', 10, 9, 0, 0),
	('NACES1018', 'Frame Polos ', 'PP PK', '155', '', 10, 9, 0, 0),
	('NACES1019', 'Tutup Depan Laci Nacase', 'PP WARNA', '294', '', 10, 9, 0, 0),
	('NACES1020', 'Tutup Depan Laci Nacase', 'PP WARNA', '294', '', 10, 27, 0, 0),
	('NACES1021', 'Tutup Depan Laci Nacase', 'PP WARNA', '294', '', 10, 27, 0, 0),
	('NACES1022', 'Tutup Depan Laci Nacase', 'PP WARNA', '294', '', 10, 27, 0, 0),
	('NACES1023', 'Tutup Depan Laci Nacase', 'PP WARNA', '294', '', 10, 7, 0, 0),
	('NACES1024', 'Swingdoor Nacase ', 'PP WARNA', '346', '', 10, 6, 0, 0),
	('NACES1025', 'Swingdoor Nacase ', 'PP WARNA', '346', '', 10, 11, 0, 0),
	('NACES1026', 'Doorback Striv Cover Nacase Bsr', 'PP WARNA', '13', '', 10, 7, 0, 0),
	('NACES1027', 'Doorback Striv Cover Nacase Kcl ', 'PP WARNA', '8', '', 10, 13, 0, 0),
	('NACES1028', 'Doorback Striv Cover Nacase Bsr', 'PP WARNA', '13', '', 10, 7, 0, 0),
	('NACES1029', 'Doorback Striv Cover Nacase Kcl ', 'PP WARNA', '8', '', 10, 11, 0, 0),
	('NACES1030', 'Door Swing Small Handle L ', 'PP WARNA', '10', '', 10, 7, 0, 0),
	('NACES1031', 'Bingkai Nacase', 'PP WARNA', '505', '', 10, 7, 0, 0),
	('NACES1032', 'Bingkai Nacase', 'PP WARNA', '505', '', 10, 11, 0, 0),
	('NACES1033', 'Bingkai Nacase', 'PP WARNA', '505', '', 10, 11, 0, 0),
	('NACES1034', 'Bingkai Nacase', 'PP WARNA', '505', '', 10, 5, 0, 0),
	('NACES1035', 'Bingkai Nacase', 'PP WARNA', '505', '', 10, 7, 0, 0),
	('NACES1036', 'List Frame Luar Polos', 'PP WARNA', '133', '', 10, 6, 0, 0),
	('NACES1037', 'List Frame Luar Polos', 'PP WARNA', '133', '', 10, 11, 0, 0),
	('NACES1038', 'List Frame Luar Polos', 'PP WARNA', '133', '', 10, 11, 0, 0),
	('NACES1039', 'List Frame Luar Polos', 'PP WARNA', '133', '', 10, 13, 0, 0),
	('NACES1040', 'List Frame Luar Ukir', 'PP WARNA', '171', '', 10, 7, 0, 0),
	('NACES1041', 'Kaki Nacase', 'PP WARNA', '12', '', 10, 6, 0, 0),
	('NACES1042', 'List Atas Bawah A', 'PP WARNA', '7', '', 10, 11, 0, 0),
	('NACES1043', 'List Atas Bawah B', 'PP WARNA', '7', '', 10, 13, 0, 0),
	('NACES1044', 'List Atas Bawah C', 'PP WARNA', '4', '', 10, 13, 0, 0),
	('NACES1045', 'List Atas Bawah D', 'PP WARNA', '4', '', 10, 13, 0, 0),
	('NACES1046', 'List Atas Bawah A', 'PP WARNA', '7', '', 10, 13, 0, 0),
	('NACES1047', 'List Atas Bawah B', 'PP WARNA', '7', '', 10, 13, 0, 0),
	('NACES1048', 'List Atas Bawah C', 'PP WARNA', '4', '', 10, 13, 0, 0),
	('NACES1049', 'List Atas Bawah D', 'PP WARNA', '4', '', 10, 13, 0, 0),
	('NACES1050', 'List Atas Bawah A', 'PP WARNA', '7', '', 10, 7, 0, 0),
	('NACES1051', 'List Atas Bawah B', 'PP WARNA', '7', '', 10, 7, 0, 0),
	('NACES1052', 'List Atas Bawah C', 'PP WARNA', '4', '', 10, 7, 0, 0),
	('NACES1053', 'List Atas Bawah D', 'PP WARNA', '4', '', 10, 7, 0, 0),
	('NACES1054', 'List Atas Bawah A', 'PP WARNA', '7', '', 10, 6, 0, 0),
	('NACES1055', 'List Atas Bawah B', 'PP WARNA', '7', '', 10, 6, 0, 0),
	('NACES1056', 'List Atas Bawah C', 'PP WARNA', '4', '', 10, 6, 0, 0),
	('NACES1057', 'List Atas Bawah D', 'PP WARNA', '4', '', 10, 6, 0, 0),
	('NACES1058', 'List Atas Bawah A', 'PP WARNA', '7', '', 10, 11, 0, 0),
	('NACES1059', 'List Atas Bawah B', 'PP WARNA', '7', '', 10, 11, 0, 0),
	('NACES1060', 'List Atas Bawah C', 'PP WARNA', '4', '', 10, 11, 0, 0),
	('NACES1061', 'List Atas Bawah D', 'PP WARNA', '4', '', 10, 11, 0, 0),
	('NACES1062', 'Frame Ariel Kecil Violet 01', 'PP WARNA', '35', '', 10, 11, 0, 0),
	('NACES1063', 'Frame Ariel Kecil Violet 02', 'PP WARNA', '35', '', 10, 11, 0, 0),
	('NACES1064', 'Frame Ariel Kecil Violet 03', 'PP WARNA', '35', '', 10, 11, 0, 0),
	('NACES1065', 'Frame Ariel Kecil Violet 04', 'PP WARNA', '35', '', 10, 11, 0, 0),
	('NACES1066', 'Frame Batik Kayu Kecil 00', 'PP WARNA', '35', '', 10, 13, 0, 0),
	('NACES1067', 'Frame Batik Kembang Kecil 01', 'PP WARNA', '35', '', 10, 6, 0, 0),
	('NACES1068', 'Frame Batik Kembang Kecil 02', 'PP WARNA', '35', '', 10, 13, 0, 0),
	('NACES1069', 'Frame Batik Kembang Kecil 03', 'PP WARNA', '35', '', 10, 13, 0, 0),
	('NACES1070', 'Frame Big 5 Kecil 01', 'PP WARNA', '35', '', 10, 13, 0, 0),
	('NACES1071', 'Frame Big 5 Kecil 02', 'PP WARNA', '35', '', 10, 6, 0, 0),
	('NACES1072', 'Frame Big 5 Kecil 01', 'PP WARNA', '35', '', 10, 13, 0, 0),
	('NACES1073', 'Frame Big 5 Kecil 02', 'PP WARNA', '35', '', 10, 13, 0, 0),
	('NACES1074', 'Frame Dora Kecil 01', 'PP WARNA', '35', '', 10, 11, 0, 0),
	('NACES1075', 'Frame Dora Kecil 02', 'PP WARNA', '35', '', 10, 11, 0, 0),
	('NACES1076', 'Frame Dora Kecil 01', 'PP WARNA', '35', '', 10, 7, 0, 0),
	('NACES1077', 'Frame Dora Kecil 02', 'PP WARNA', '35', '', 10, 7, 0, 0),
	('NACES1078', 'Frame Elemo Kecil 01', 'PP WARNA', '35', '', 10, 11, 0, 0),
	('NACES1079', 'Frame Elemo Kecil 02', 'PP WARNA', '35', '', 10, 11, 0, 0),
	('NACES1080', 'Frame Elemo Kecil 03', 'PP WARNA', '35', '', 10, 7, 0, 0),
	('NACES1081', 'Frame Elemo Kecil 04', 'PP WARNA', '35', '', 10, 7, 0, 0),
	('NACES1082', 'Frame Elemo Kecil 01', 'PP WARNA', '35', '', 10, 6, 0, 0),
	('NACES1083', 'Frame Elemo Kecil 02', 'PP WARNA', '35', '', 10, 6, 0, 0),
	('NACES1084', 'Frame Elemo Kecil 03', 'PP WARNA', '35', '', 10, 6, 0, 0),
	('NACES1085', 'Frame Elemo Kecil 04', 'PP WARNA', '35', '', 10, 6, 0, 0),
	('NACES1086', 'Frame Elemo Kecil 01', 'PP WARNA', '35', '', 10, 7, 0, 0),
	('NACES1087', 'Frame Elemo Kecil 02', 'PP WARNA', '35', '', 10, 7, 0, 0),
	('NACES1088', 'Frame Elemo Kecil 03', 'PP WARNA', '35', '', 10, 7, 0, 0),
	('NACES1089', 'Frame Elemo Kecil 04', 'PP WARNA', '35', '', 10, 7, 0, 0),
	('NACES1090', 'Frame Masha Kecil 01', 'PP WARNA', '35', '', 10, 11, 0, 0),
	('NACES1091', 'Frame Masha Kecil 02', 'PP WARNA', '35', '', 10, 11, 0, 0),
	('NACES1092', 'Frame Masha Kecil 03', 'PP WARNA', '35', '', 10, 11, 0, 0),
	('NACES1093', 'Frame Masha Kecil 04', 'PP WARNA', '35', '', 10, 11, 0, 0),
	('NACES1094', 'Frame Pokoyo Kecil 01', 'PP WARNA', '35', '', 10, 6, 0, 0),
	('NACES1095', 'Frame Pokoyo Kecil 02', 'PP WARNA', '35', '', 10, 6, 0, 0),
	('NACES1096', 'Frame Pokoyo Kecil 03', 'PP WARNA', '35', '', 10, 6, 0, 0),
	('NACES1097', 'Frame Pokoyo Kecil 04', 'PP WARNA', '35', '', 10, 6, 0, 0),
	('NACES1098', 'Frame Pokoyo Kecil 01', 'PP WARNA', '35', '', 10, 6, 0, 0),
	('NACES1099', 'Frame Pokoyo Kecil 02', 'PP WARNA', '35', '', 10, 6, 0, 0),
	('NACES1100', 'Frame Pokoyo Kecil 03', 'PP WARNA', '35', '', 10, 6, 0, 0),
	('NACES1101', 'Frame Pokoyo Kecil 04', 'PP WARNA', '35', '', 10, 6, 0, 0),
	('NACES1102', 'Frame Pokoyo Kecil 01', 'PP WARNA', '35', '', 10, 11, 0, 0),
	('NACES1103', 'Frame Pokoyo Kecil 02', 'PP WARNA', '35', '', 10, 11, 0, 0),
	('NACES1104', 'Frame Pokoyo Kecil 03', 'PP WARNA', '35', '', 10, 11, 0, 0),
	('NACES1105', 'Frame Pokoyo Kecil 04', 'PP WARNA', '35', '', 10, 11, 0, 0),
	('NACES1106', 'Frame Pororo Kecil 01', 'PP WARNA', '35', '', 10, 7, 0, 0),
	('NACES1107', 'Frame Pororo Kecil 02', 'PP WARNA', '35', '', 10, 7, 0, 0),
	('NACES1108', 'Frame Pororo Kecil 01', 'PP WARNA', '35', '', 10, 7, 0, 0),
	('NACES1109', 'Frame Pororo Kecil 02', 'PP WARNA', '35', '', 10, 7, 0, 0),
	('NACES1110', 'Frame Snow White Kecil 01', 'PP WARNA', '35', '', 10, 7, 0, 0),
	('NACES1111', 'Frame Snow White Kecil 02', 'PP WARNA', '35', '', 10, 7, 0, 0),
	('NACES1112', 'Frame Snow White Kecil 03', 'PP WARNA', '35', '', 10, 11, 0, 0),
	('NACES1113', 'Frame Snow White Kecil 04', 'PP WARNA', '35', '', 10, 11, 0, 0),
	('NACES1114', 'Frame Snow White Kecil 01', 'PP WARNA', '35', '', 10, 7, 0, 0),
	('NACES1115', 'Frame Snow White Kecil 02', 'PP WARNA', '35', '', 10, 7, 0, 0),
	('NACES1116', 'Frame Snow White Kecil 03', 'PP WARNA', '35', '', 10, 7, 0, 0),
	('NACES1117', 'Frame Snow White Kecil 04', 'PP WARNA', '35', '', 10, 7, 0, 0),
	('NACES1118', 'Frame Snow White Kecil 01', 'PP WARNA', '35', '', 10, 11, 0, 0),
	('NACES1119', 'Frame Snow White Kecil 02', 'PP WARNA', '35', '', 10, 11, 0, 0),
	('NACES1120', 'Frame Snow White Kecil 03', 'PP WARNA', '35', '', 10, 11, 0, 0),
	('NACES1121', 'Frame Snow White Kecil 04', 'PP WARNA', '35', '', 10, 11, 0, 0),
	('NACES1122', 'Frame Stargirls Klasik Kecil 01', 'PP WARNA', '35', '', 10, 10, 0, 0),
	('NACES1123', 'Frame Stargirls Klasik Kecil 02', 'PP WARNA', '35', '', 10, 10, 0, 0),
	('NACES1124', 'Frame Stargirls Klasik Kecil 01', 'PP WARNA', '35', '', 10, 11, 0, 0),
	('NACES1125', 'Frame Stargirls Klasik Kecil 02', 'PP WARNA', '35', '', 10, 11, 0, 0),
	('NACES1126', 'Frame Stargirls Klasik Kecil 01', 'PP WARNA', '35', '', 10, 7, 0, 0),
	('NACES1127', 'Frame Stargirls Klasik Kecil 02', 'PP WARNA', '35', '', 10, 7, 0, 0),
	('NACES1128', 'Frame Stargirls Modern Kecil 01', 'PP WARNA', '35', '', 10, 11, 0, 0),
	('NACES1129', 'Frame Stargirls Modern Kecil 02', 'PP WARNA', '35', '', 10, 11, 0, 0),
	('NACES1130', 'Frame Stargirls Modern Kecil 01', 'PP WARNA', '35', '', 10, 7, 0, 0),
	('NACES1131', 'Frame Stargirls Modern Kecil 02', 'PP WARNA', '35', '', 10, 7, 0, 0),
	('NACES1132', 'Frame Transformers Kecil 01', 'PP WARNA', '35', '', 10, 11, 0, 0),
	('NACES1133', 'Frame Transformers Kecil 02', 'PP WARNA', '35', '', 10, 11, 0, 0),
	('NACES1134', 'Frame Transformers Kecil 03', 'PP WARNA', '35', '', 10, 11, 0, 0),
	('NACES1135', 'Frame Transformers Kecil 04', 'PP WARNA', '35', '', 10, 11, 0, 0),
	('NACES1136', 'Frame Transformers Kecil 01', 'PP WARNA', '35', '', 10, 11, 0, 0),
	('NACES1137', 'Frame Transformers Kecil 02', 'PP WARNA', '35', '', 10, 11, 0, 0),
	('NACES1138', 'Frame Transformers Kecil 03', 'PP WARNA', '35', '', 10, 11, 0, 0),
	('NACES1139', 'Frame Transformers Kecil 04', 'PP WARNA', '35', '', 10, 11, 0, 0),
	('NACES1140', 'Frame Thomas Kecil 01', 'PP WARNA', '35', '', 10, 7, 0, 0),
	('NACES1141', 'Frame Thomas Kecil 02', 'PP WARNA', '35', '', 10, 7, 0, 0),
	('NACES1142', 'Frame Thomas Kecil 01', 'PP WARNA', '35', '', 10, 7, 0, 0),
	('NACES1143', 'Frame Thomas Kecil 02', 'PP WARNA', '35', '', 10, 7, 0, 0),
	('NACES1144', 'Frame Thomas Kecil 01', 'PP WARNA', '35', '', 10, 7, 0, 0),
	('NACES1145', 'Frame Thomas Kecil 02', 'PP WARNA', '35', '', 10, 7, 0, 0),
	('NACES1146', 'Roda Rangka', 'PP WARNA', '1', '', 10, 11, 0, 0),
	('NACES1147', 'Tutup Belakang Bingkai Nacase ', 'PP WARNA', '294', '', 10, 11, 0, 0),
	('NACES1148', 'Tutup Belakang Bingkai Nacase ', 'PP WARNA', '294', '', 10, 7, 0, 0),
	('NACES1149', 'Tutup Belakang Bingkai Nacase ', 'PP WARNA', '294', '', 10, 7, 0, 0),
	('NACES1150', 'Tutup Belakang Bingkai Nacase ', 'PP WARNA', '294', '', 10, 13, 0, 0),
	('NACES1151', 'Tutup Atas Nacase', 'PP WARNA', '567', '', 10, 7, 0, 0),
	('NACES1152', 'Tutup Samping Nacase', 'PP WARNA', '226', '', 10, 6, 0, 0),
	('NACES1153', 'Tutup Samping Nacase', 'PP WARNA', '226', '', 10, 11, 0, 0),
	('NACES1154', 'Tutup Samping Nacase', 'PP WARNA', '233', '', 10, 7, 0, 0),
	('NACES1155', 'Rak Dalam Nacase-Brown', 'PP WARNA', '550', '', 10, 13, 0, 0),
	('NACES1156', 'Rak Dalam Nacase-Brown', 'PP WARNA', '550', '', 10, 13, 0, 0),
	('NACES1157', 'Rak Dalam Nacase-Blue', 'PP WARNA', '550', '', 10, 11, 0, 0),
	('NACES1158', 'Tutup Bawah Nacase', 'PP WARNA', '604', '', 10, 7, 0, 0),
	('NACES1159', 'Tutup Bawah Nacase', 'PP WARNA', '604', '', 10, 13, 0, 0),
	('NACES1160', 'Rangka Nacase-Brown', 'PP WARNA', '484', '', 10, 13, 0, 0),
	('NACES1161', 'Rangka Nacase-Blue', 'PP WARNA', '484', '', 10, 7, 0, 0),
	('NACES1162', 'Tutup Depan Laci Nacase Jam ', 'PP WARNA', '231', '', 10, 11, 0, 0),
	('NACES1163', 'Tutup Depan Laci Nacase Jam ', 'PP WARNA', '231', '', 10, 7, 0, 0),
	('NACES1164', 'List Atas Bawah A', 'PP BLACK', '7', '', 10, 8, 0, 0),
	('NACES1165', 'List Atas Bawah B', 'PP BLACK', '7', '', 10, 7, 0, 0),
	('NACES1166', 'List Atas Bawah C', 'PP BLACK', '4', '', 10, 7, 0, 0),
	('NACES1167', 'List Atas Bawah D', 'PP BLACK', '4', '', 10, 11, 0, 0),
	('NACES1168', 'Tutup Depan Laci Nacase', 'PP WARNA', '307', '', 10, 8, 0, 0),
	('NACES1169', 'Bingkai Nacase', 'PP WARNA', '536', '', 10, 8, 0, 0),
	('NACES1170', 'List Frame Luar Ukir', 'PP WARNA', '171', '', 10, 8, 0, 0),
	('NACES1171', 'Tutup Belakang Nacase', 'PP WARNA', '233', '', 10, 8, 0, 0),
	('NACES1172', 'Tutup Belakang Bingkai Nacase ', 'PP WARNA', '294', '', 10, 13, 0, 0),
	('NACES1173', 'Tutup Atas Nacase', 'PP WARNA', '525', '', 10, 7, 0, 0),
	('NACES1174', 'Tutup Belakang Nacase', 'PP PK', '253', '', 10, 7, 0, 0),
	('NACES1175', 'Tutup Belakang Bingkai Nacase', 'PP PK', '294', '', 10, 13, 0, 0),
	('NACES1176', 'Tutup Atas Nacase ', 'PP WARNA', '160', '', 10, 13, 0, 0),
	('NACES1177', 'Tutup Atas Nacase ', 'PP WARNA', '160', '', 10, 7, 0, 0),
	('NACES1178', 'Tutup Samping Nacase', 'PP WARNA', '160', '', 10, 7, 0, 0),
	('NACES1179', 'Tutup Samping Nacase', 'PP WARNA', '660', '', 10, 13, 0, 0),
	('NACES1180', 'Tutup Belakang Nacase', 'PP WARNA', '20', '', 10, 3, 0, 0),
	('NACES1181', 'Tutup Belakang Nacase', 'PP WARNA', '29,5', '', 10, 6, 0, 0),
	('NACES1182', 'Bingkai Nacase', 'PP WARNA', '536', '', 10, 6, 0, 0),
	('NACES1183', 'Rak Dalam Nacase-Red', 'PP WARNA', '502', '', 10, 3, 0, 0),
	('NACES1184', 'Rak Dalam Nacase-Green', 'PP WARNA', '502', '', 10, 3, 0, 0),
	('NACES1185', 'Tutup Bawah Nacase', 'PP WARNA', '604', '', 10, 6, 0, 0),
	('NACES1186', 'Tutup Bawah Nacase', 'PP WARNA', '604', '', 10, 3, 0, 0),
	('NACES1187', 'Rangka Nacase-Green', 'PP WARNA', '435', '', 10, 3, 0, 0),
	('NACES1188', 'Rangka Nacase-Red', 'PP WARNA', '435', '', 10, 6, 0, 0),
	('NACES1189', 'Tutup Depan Laci Nacase', 'PP WARNA', '294', '', 10, 3, 0, 0),
	('NACES1190', 'List Frame Luar Polos Nacase-Red', 'PP WARNA', '133', '', 10, 6, 0, 0),
	('NACES1191', 'Handle Tutup Depan Laci Nacase -Yellow', 'PP WARNA', '20', '', 10, 6, 0, 0),
	('NACES1192', 'Handle Bingkai Nacase -Yellow', 'PP WARNA', '29,5', '', 10, 3, 0, 0),
	('PK1001', 'Table Layer 3A Bubblestar', 'PP BLACK', '1.462', '100', 1, 8, 0, 0),
	('PK1002', 'Table Layer 3B New', 'PP BLACK', '1.281,10', '100', 1, 8, 0, 0),
	('PK1003', 'Table Layer 3B Old (Kaki)', 'PP BLACK', '1.429,20', '100', 1, 8, 0, 0),
	('PK1004', 'Table Layer 3C', 'PP BLACK', '1.289,00', '100', 1, 8, 0, 0),
	('PK1005', 'Tutup Belakang Hexa', 'PP BLACK', '657', '75', 1, 8, 0, 0),
	('PK1006', 'Tutup Samping Hexa', 'PP BLACK', '491,9', '65', 1, 8, 0, 0),
	('PK1007', 'Penutup Tutup Atas JP + Plug', 'PP BLACK', '9', '20', 1, 8, 0, 0),
	('PK1008', 'Doorback Cover A/R + Polos', 'PP BLACK', '24,5', '20', 1, 8, 0, 0),
	('PK1009', 'Doorback Cover B/L + Polos', 'PP BLACK', '26', '20', 1, 8, 0, 0),
	('PK1010', 'Penutup Magnet', 'PP BLACK', '1', '20', 1, 8, 0, 0),
	('PK1011', 'Magnet Base', 'PP BLACK', '29,8', '20', 1, 8, 0, 0),
	('PK1012', 'Table Partition', 'PP BLACK', '22', '20', 1, 8, 0, 0),
	('PK1013', 'Big Foot', 'PP BLACK', '131,1', '45', 1, 8, 0, 0),
	('PK1014', 'Big Whell', 'PP BLACK', '41', '45', 1, 8, 0, 0),
	('PK1018', 'Door top Handle R & L', 'PP WARNA', '153', '65', 1, 7, 0, 0),
	('PK1019', 'Door top Handle R & L', 'PP WARNA', '153', '65', 1, 5, 0, 0),
	('PK1020', 'Door top Handle R & L', 'PP WARNA', '153', '65', 1, 3, 0, 0),
	('PK1021', 'Door top Handle R & L', 'PP WARNA', '153', '65', 1, 6, 0, 0),
	('PK1022', 'Door top Handle 2R & 2L', 'PP WARNA', '153', '65', 1, 7, 0, 0),
	('PK1023', 'Door top Handle 2R & 2L', 'PP WARNA', '153', '65', 1, 5, 0, 0),
	('PK1024', 'Door top Handle 2R & 2L', 'PP WARNA', '153', '65', 1, 3, 0, 0),
	('PK1025', 'Door top Handle 2R & 2L', 'PP WARNA', '153', '65', 1, 6, 0, 0),
	('PK1026', 'Doortop Cover R & L', 'PP BLACK', '153', '65', 1, 8, 0, 0),
	('PK1027', 'Body Side Conector A', 'PP BLACK', '190', '45', 1, 8, 0, 0),
	('PK1028', 'Body Side Connector R', 'PP BLACK', '211,6', '45', 1, 8, 0, 0),
	('PK1029', 'Body Side Connector L', 'PP BLACK', '211,6', '45', 1, 8, 0, 0),
	('PK1030', 'Body Back Connector', 'PP BLACK', '282,4', '45', 1, 8, 0, 0),
	('PK1031', 'Partition Plate ', 'PP BLACK', '22', '25', 1, 8, 0, 0),
	('PK1032', 'Big Door Hinge 1R Engsel', 'PP BLACK', '45', '25', 1, 8, 0, 0),
	('PK1033', 'Big Door Hinge 2R Key Engsel', 'PP BLACK', '45', '25', 1, 8, 0, 0),
	('PK1034', 'Big Door Hinge 3L Engsel', 'PP BLACK', '45', '25', 1, 8, 0, 0),
	('PK1035', 'Big Door Hinge 4L Key Engsel', 'PP BLACK', '45', '25', 1, 8, 0, 0),
	('PK1036', 'Midle Handle R/L', 'PP WARNA', '15', '25', 1, 7, 0, 0),
	('PK1037', 'Midle Handle R/L Key', 'PP WARNA', '15', '25', 1, 7, 0, 0),
	('PK1038', 'Midle Handle R/L', 'PP WARNA', '15', '25', 1, 5, 0, 0),
	('PK1039', 'Midle Handle R/L Key', 'PP WARNA', '15', '25', 1, 5, 0, 0),
	('PK1040', 'Long Door Trelist R', 'PP BLACK', '1.094,00', '110', 1, 8, 0, 0),
	('PK1041', 'Long Door Trelist L', 'PP BLACK', '1.094,00', '110', 1, 8, 0, 0),
	('PK1042', 'Long Door Marbel Lurus R', 'PP BLACK', '1.094,00', '110', 1, 8, 0, 0),
	('PK1043', 'Long Door Marbel Lurus L', 'PP BLACK', '1.094,00', '110', 1, 8, 0, 0),
	('PK1044', 'Long Door Marbel Serong R', 'PP BLACK', '1.094,00', '110', 1, 8, 0, 0),
	('PK1045', 'Long Door Marbel Serong L', 'PP BLACK', '1.094,00', '110', 1, 8, 0, 0),
	('PK1046', 'Long Door Gajah Upper R', 'PP BLACK', '1.094,00', '110', 1, 8, 0, 0),
	('PK1047', 'Long Door Gajah Upper L', 'PP BLACK', '1.094,00', '110', 1, 8, 0, 0),
	('PK1048', 'Long Door Gajah Lower R', 'PP BLACK', '1.094,00', '110', 1, 8, 0, 0),
	('PK1049', 'Long Door Gajah Lower L', 'PP BLACK', '1.094,00', '110', 1, 8, 0, 0),
	('PK1050', 'Long Door Jerapah Upper R', 'PP BLACK', '1.094,00', '110', 1, 8, 0, 0),
	('PK1051', 'Long Door Jerapah Upper L', 'PP BLACK', '1.094,00', '110', 1, 8, 0, 0),
	('PK1052', 'Long Door Jerapah Lower R', 'PP BLACK', '1.094,00', '110', 1, 8, 0, 0),
	('PK1053', 'Long Door Jerapah Lower L', 'PP BLACK', '1.094,00', '110', 1, 8, 0, 0),
	('PK1054', 'Sort Door Gajah A1', 'PP BLACK', '515,2', '90', 1, 8, 0, 0),
	('PK1055', 'Sort Door Gajah A2', 'PP BLACK', '515,2', '90', 1, 8, 0, 0),
	('PK1056', 'Sort Door Gajah A3', 'PP BLACK', '515,2', '90', 1, 8, 0, 0),
	('PK1057', 'Sort Door Gajah A4', 'PP BLACK', '515,2', '90', 1, 8, 0, 0),
	('PK1058', 'Sort Door Gajah A5', 'PP BLACK', '515,2', '90', 1, 8, 0, 0),
	('PK1059', 'Sort Door Gajah A6', 'PP BLACK', '515,2', '90', 1, 8, 0, 0),
	('PK1060', 'Sort Door Gajah A7', 'PP BLACK', '515,2', '90', 1, 8, 0, 0),
	('PK1061', 'Sort Door Gajah A8', 'PP BLACK', '515,2', '90', 1, 8, 0, 0),
	('PK1062', 'Sort Door Common A9 Kecil', 'PP BLACK', '515,2', '90', 1, 8, 0, 0),
	('PK1063', 'Sort Door Common A10 Kecil', 'PP BLACK', '515,2', '90', 1, 8, 0, 0),
	('PK1064', 'Sort Door Common A9', 'PP BLACK', '515,2', '90', 1, 8, 0, 0),
	('PK1065', 'Sort Door Common A10', 'PP BLACK', '515,2', '90', 1, 8, 0, 0),
	('PK1066', 'Sort Door Jerapah A1', 'PP BLACK', '515,2', '90', 1, 8, 0, 0),
	('PK1067', 'Sort Door Jerapah A2', 'PP BLACK', '515,2', '90', 1, 8, 0, 0),
	('PK1068', 'Sort Door Jerapah A3', 'PP BLACK', '515,2', '90', 1, 8, 0, 0),
	('PK1069', 'Sort Door Jerapah A4', 'PP BLACK', '515,2', '90', 1, 8, 0, 0),
	('PK1070', 'Sort Door Jerapah A5', 'PP BLACK', '515,2', '90', 1, 8, 0, 0),
	('PK1071', 'Sort Door Jerapah A6', 'PP BLACK', '515,2', '90', 1, 8, 0, 0),
	('PK1072', 'Sort Door Jerapah A7', 'PP BLACK', '515,2', '90', 1, 8, 0, 0),
	('PK1073', 'Sort Door Jerapah A8', 'PP BLACK', '515,2', '90', 1, 8, 0, 0),
	('PK1074', 'Sort Door Dino A1', 'PP BLACK', '515,2', '90', 1, 8, 0, 0),
	('PK1075', 'Sort Door Dino A2', 'PP BLACK', '515,2', '90', 1, 8, 0, 0),
	('PK1076', 'Sort Door Dino A3', 'PP BLACK', '515,2', '90', 1, 8, 0, 0),
	('PK1077', 'Sort Door Dino A4', 'PP BLACK', '515,2', '90', 1, 8, 0, 0),
	('PK1078', 'Sort Door Dino A5', 'PP BLACK', '515,2', '90', 1, 8, 0, 0),
	('PK1079', 'Sort Door Dino A6', 'PP BLACK', '515,2', '90', 1, 8, 0, 0),
	('PK1080', 'Sort Door Dino A7', 'PP BLACK', '515,2', '90', 1, 8, 0, 0),
	('PK1081', 'Sort Door Dino A8', 'PP BLACK', '515,2', '90', 1, 8, 0, 0),
	('PK1082', 'Sort Door Jungle A1', 'PP BLACK', '515,2', '90', 1, 8, 0, 0),
	('PK1083', 'Sort Door Jungle A2', 'PP BLACK', '515,2', '90', 1, 8, 0, 0),
	('PK1084', 'Sort Door Jungle A3', 'PP BLACK', '515,2', '90', 1, 8, 0, 0),
	('PK1085', 'Sort Door Jungle A4', 'PP BLACK', '515,2', '90', 1, 8, 0, 0),
	('PK1086', 'Sort Door Jungle A5', 'PP BLACK', '515,2', '90', 1, 8, 0, 0),
	('PK1087', 'Sort Door Jungle A6', 'PP BLACK', '515,2', '90', 1, 8, 0, 0),
	('PK1088', 'Sort Door Jungle A7', 'PP BLACK', '515,2', '90', 1, 8, 0, 0),
	('PK1089', 'Sort Door Jungle A8', 'PP BLACK', '515,2', '90', 1, 8, 0, 0),
	('PK1090', 'Sort Door Dolphin A1', 'PP BLACK', '515,2', '90', 1, 8, 0, 0),
	('PK1091', 'Sort Door Dolphin A2', 'PP BLACK', '515,2', '90', 1, 8, 0, 0),
	('PK1092', 'Sort Door Dolphin A3', 'PP BLACK', '515,2', '90', 1, 8, 0, 0),
	('PK1093', 'Sort Door Dolphin A4', 'PP BLACK', '515,2', '90', 1, 8, 0, 0),
	('PK1094', 'Sort Door Dolphin A5', 'PP BLACK', '515,2', '90', 1, 8, 0, 0),
	('PK1095', 'Sort Door Dolphin A6', 'PP BLACK', '515,2', '90', 1, 8, 0, 0),
	('PK1096', 'Sort Door Dolphin A7', 'PP BLACK', '515,2', '90', 1, 8, 0, 0),
	('PK1097', 'Sort Door Dolphin A8', 'PP BLACK', '515,2', '90', 1, 8, 0, 0),
	('PK1098', 'Sort Door Sonic A1', 'PP BLACK', '515,2', '90', 1, 8, 0, 0),
	('PK1099', 'Sort Door Sonic A2', 'PP BLACK', '515,2', '90', 1, 8, 0, 0),
	('PK1100', 'Sort Door Sonic A3', 'PP BLACK', '515,2', '90', 1, 8, 0, 0),
	('PK1101', 'Sort Door Sonic A4', 'PP BLACK', '515,2', '90', 1, 8, 0, 0),
	('PK1102', 'Sort Door Sonic A5', 'PP BLACK', '515,2', '90', 1, 8, 0, 0),
	('PK1103', 'Sort Door Sonic A6', 'PP BLACK', '515,2', '90', 1, 8, 0, 0),
	('PK1104', 'Sort Door Sonic A7', 'PP BLACK', '515,2', '90', 1, 8, 0, 0),
	('PK1105', 'Sort Door Sonic A8', 'PP BLACK', '515,2', '90', 1, 8, 0, 0),
	('PK1106', 'Sort Door Star Girls A1', 'PP BLACK', '515,2', '90', 1, 8, 0, 0),
	('PK1107', 'Sort Door Star Girls A2', 'PP BLACK', '515,2', '90', 1, 8, 0, 0),
	('PK1108', 'Sort Door Star Girls A3', 'PP BLACK', '515,2', '90', 1, 8, 0, 0),
	('PK1109', 'Sort Door Star Girls A4', 'PP BLACK', '515,2', '90', 1, 8, 0, 0),
	('PK1110', 'Sort Door Star Girls A5', 'PP BLACK', '515,2', '90', 1, 8, 0, 0),
	('PK1111', 'Sort Door Star Girls A6', 'PP BLACK', '515,2', '90', 1, 8, 0, 0),
	('PK1112', 'Sort Door Star Girls A7', 'PP BLACK', '515,2', '90', 1, 8, 0, 0),
	('PK1113', 'Sort Door Star Girls A8', 'PP BLACK', '515,2', '90', 1, 8, 0, 0),
	('PK1114', 'Sort Door Monster A1', 'PP BLACK', '515,2', '90', 1, 8, 0, 0),
	('PK1115', 'Sort Door Monster A2', 'PP BLACK', '515,2', '90', 1, 8, 0, 0),
	('PK1116', 'Sort Door Monster A3', 'PP BLACK', '515,2', '90', 1, 8, 0, 0),
	('PK1117', 'Sort Door Monster A4', 'PP BLACK', '515,2', '90', 1, 8, 0, 0),
	('PK1118', 'Sort Door Monster A5', 'PP BLACK', '515,2', '90', 1, 8, 0, 0),
	('PK1119', 'Sort Door Monster A6', 'PP BLACK', '515,2', '90', 1, 8, 0, 0),
	('PK1120', 'Sort Door Monster A7', 'PP BLACK', '515,2', '90', 1, 8, 0, 0),
	('PK1121', 'Sort Door Monster A8', 'PP BLACK', '515,2', '90', 1, 8, 0, 0),
	('PK1122', 'Sort Door Power Baby A1', 'PP BLACK', '515,2', '90', 1, 8, 0, 0),
	('PK1123', 'Sort Door Power Baby A2', 'PP BLACK', '515,2', '90', 1, 8, 0, 0),
	('PK1124', 'Sort Door Power Baby A3', 'PP BLACK', '515,2', '90', 1, 8, 0, 0),
	('PK1125', 'Sort Door Power Baby A4', 'PP BLACK', '515,2', '90', 1, 8, 0, 0),
	('PK1126', 'Sort Door Power Baby A5', 'PP BLACK', '515,2', '90', 1, 8, 0, 0),
	('PK1127', 'Sort Door Power Baby A6', 'PP BLACK', '515,2', '90', 1, 8, 0, 0),
	('PK1128', 'Sort Door Power Baby A7', 'PP BLACK', '515,2', '90', 1, 8, 0, 0),
	('PK1129', 'Sort Door Power Baby A8', 'PP BLACK', '515,2', '90', 1, 8, 0, 0),
	('PK1130', 'Sort Door Gajah A1Key', 'PP BLACK', '515,2', '90', 1, 8, 0, 0),
	('PK1131', 'Sort Door Gajah A2Key', 'PP BLACK', '515,2', '90', 1, 8, 0, 0),
	('PK1132', 'Sort Door Gajah A3Key', 'PP BLACK', '515,2', '90', 1, 8, 0, 0),
	('PK1133', 'Sort Door Gajah A4Key', 'PP BLACK', '515,2', '90', 1, 8, 0, 0),
	('PK1134', 'Sort Door Gajah A5Key', 'PP BLACK', '515,2', '90', 1, 8, 0, 0),
	('PK1135', 'Sort Door Gajah A6Key', 'PP BLACK', '515,2', '90', 1, 8, 0, 0),
	('PK1136', 'Sort Door Gajah A7Key', 'PP BLACK', '515,2', '90', 1, 8, 0, 0),
	('PK1137', 'Sort Door Gajah A8Key', 'PP BLACK', '515,2', '90', 1, 8, 0, 0),
	('PK1138', 'Sort Door Common A9 KecilKey', 'PP BLACK', '515,2', '90', 1, 8, 0, 0),
	('PK1139', 'Sort Door Common A10 KecilKey', 'PP BLACK', '515,2', '90', 1, 8, 0, 0),
	('PK1140', 'Sort Door Common A9Key', 'PP BLACK', '515,2', '90', 1, 8, 0, 0),
	('PK1141', 'Sort Door Common A10Key', 'PP BLACK', '515,2', '90', 1, 8, 0, 0),
	('PK1142', 'Sort Door Jerapah A1Key', 'PP BLACK', '515,2', '90', 1, 8, 0, 0),
	('PK1143', 'Sort Door Jerapah A2Key', 'PP BLACK', '515,2', '90', 1, 8, 0, 0),
	('PK1144', 'Sort Door Jerapah A3Key', 'PP BLACK', '515,2', '90', 1, 8, 0, 0),
	('PK1145', 'Sort Door Jerapah A4Key', 'PP BLACK', '515,2', '90', 1, 8, 0, 0),
	('PK1146', 'Sort Door Jerapah A5Key', 'PP BLACK', '515,2', '90', 1, 8, 0, 0),
	('PK1147', 'Sort Door Jerapah A6Key', 'PP BLACK', '515,2', '90', 1, 8, 0, 0),
	('PK1148', 'Sort Door Jerapah A7Key', 'PP BLACK', '515,2', '90', 1, 8, 0, 0),
	('PK1149', 'Sort Door Jerapah A8Key', 'PP BLACK', '515,2', '90', 1, 8, 0, 0),
	('PK1150', 'Sort Door Dino A1Key', 'PP BLACK', '515,2', '90', 1, 8, 0, 0),
	('PK1151', 'Sort Door Dino A2Key', 'PP BLACK', '515,2', '90', 1, 8, 0, 0),
	('PK1152', 'Sort Door Dino A3Key', 'PP BLACK', '515,2', '90', 1, 8, 0, 0),
	('PK1153', 'Sort Door Dino A4Key', 'PP BLACK', '515,2', '90', 1, 8, 0, 0),
	('PK1154', 'Sort Door Dino A5Key', 'PP BLACK', '515,2', '90', 1, 8, 0, 0),
	('PK1155', 'Sort Door Dino A6Key', 'PP BLACK', '515,2', '90', 1, 8, 0, 0),
	('PK1156', 'Sort Door Dino A7Key', 'PP BLACK', '515,2', '90', 1, 8, 0, 0),
	('PK1157', 'Sort Door Dino A8Key', 'PP BLACK', '515,2', '90', 1, 8, 0, 0),
	('PK1158', 'Sort Door Jungle A1Key', 'PP BLACK', '515,2', '90', 1, 8, 0, 0),
	('PK1159', 'Sort Door Jungle A2Key', 'PP BLACK', '515,2', '90', 1, 8, 0, 0),
	('PK1160', 'Sort Door Jungle A3Key', 'PP BLACK', '515,2', '90', 1, 8, 0, 0),
	('PK1161', 'Sort Door Jungle A4Key', 'PP BLACK', '515,2', '90', 1, 8, 0, 0),
	('PK1162', 'Sort Door Jungle A5Key', 'PP BLACK', '515,2', '90', 1, 8, 0, 0),
	('PK1163', 'Sort Door Jungle A6Key', 'PP BLACK', '515,2', '90', 1, 8, 0, 0),
	('PK1164', 'Sort Door Jungle A7Key', 'PP BLACK', '515,2', '90', 1, 8, 0, 0),
	('PK1165', 'Sort Door Jungle A8Key', 'PP BLACK', '515,2', '90', 1, 8, 0, 0),
	('PK1166', 'Sort Door Dolphin A1Key', 'PP BLACK', '515,2', '90', 1, 8, 0, 0),
	('PK1167', 'Sort Door Dolphin A2Key', 'PP BLACK', '515,2', '90', 1, 8, 0, 0),
	('PK1168', 'Sort Door Dolphin A3Key', 'PP BLACK', '515,2', '90', 1, 8, 0, 0),
	('PK1169', 'Sort Door Dolphin A4Key', 'PP BLACK', '515,2', '90', 1, 8, 0, 0),
	('PK1170', 'Sort Door Dolphin A5Key', 'PP BLACK', '515,2', '90', 1, 8, 0, 0),
	('PK1171', 'Sort Door Dolphin A6Key', 'PP BLACK', '515,2', '90', 1, 8, 0, 0),
	('PK1172', 'Sort Door Dolphin A7Key', 'PP BLACK', '515,2', '90', 1, 8, 0, 0),
	('PK1173', 'Sort Door Dolphin A8Key', 'PP BLACK', '515,2', '90', 1, 8, 0, 0),
	('PK1174', 'Sort Door Sonic A1Key', 'PP BLACK', '515,2', '90', 1, 8, 0, 0),
	('PK1175', 'Sort Door Sonic A2Key', 'PP BLACK', '515,2', '90', 1, 8, 0, 0),
	('PK1176', 'Sort Door Sonic A3Key', 'PP BLACK', '515,2', '90', 1, 8, 0, 0),
	('PK1177', 'Sort Door Sonic A4Key', 'PP BLACK', '515,2', '90', 1, 8, 0, 0),
	('PK1178', 'Sort Door Sonic A5Key', 'PP BLACK', '515,2', '90', 1, 8, 0, 0),
	('PK1179', 'Sort Door Sonic A6Key', 'PP BLACK', '515,2', '90', 1, 8, 0, 0),
	('PK1180', 'Sort Door Sonic A7Key', 'PP BLACK', '515,2', '90', 1, 8, 0, 0),
	('PK1181', 'Sort Door Sonic A8Key', 'PP BLACK', '515,2', '90', 1, 8, 0, 0),
	('PK1182', 'Sort Door Star Girls A1Key', 'PP BLACK', '515,2', '90', 1, 8, 0, 0),
	('PK1183', 'Sort Door Star Girls A2Key', 'PP BLACK', '515,2', '90', 1, 8, 0, 0),
	('PK1184', 'Sort Door Star Girls A3Key', 'PP BLACK', '515,2', '90', 1, 8, 0, 0),
	('PK1185', 'Sort Door Star Girls A4Key', 'PP BLACK', '515,2', '90', 1, 8, 0, 0),
	('PK1186', 'Sort Door Star Girls A5Key', 'PP BLACK', '515,2', '90', 1, 8, 0, 0),
	('PK1187', 'Sort Door Star Girls A6Key', 'PP BLACK', '515,2', '90', 1, 8, 0, 0),
	('PK1188', 'Sort Door Star Girls A7Key', 'PP BLACK', '515,2', '90', 1, 8, 0, 0),
	('PK1189', 'Sort Door Star Girls A8Key', 'PP BLACK', '515,2', '90', 1, 8, 0, 0),
	('PK1190', 'Sort Door Monster A1Key', 'PP BLACK', '515,2', '90', 1, 8, 0, 0),
	('PK1191', 'Sort Door Monster A2Key', 'PP BLACK', '515,2', '90', 1, 8, 0, 0),
	('PK1192', 'Sort Door Monster A3Key', 'PP BLACK', '515,2', '90', 1, 8, 0, 0),
	('PK1193', 'Sort Door Monster A4Key', 'PP BLACK', '515,2', '90', 1, 8, 0, 0),
	('PK1194', 'Sort Door Monster A5Key', 'PP BLACK', '515,2', '90', 1, 8, 0, 0),
	('PK1195', 'Sort Door Monster A6Key', 'PP BLACK', '515,2', '90', 1, 8, 0, 0),
	('PK1196', 'Sort Door Monster A7Key', 'PP BLACK', '515,2', '90', 1, 8, 0, 0),
	('PK1197', 'Sort Door Monster A8Key', 'PP BLACK', '515,2', '90', 1, 8, 0, 0),
	('PK1198', 'Sort Door Power Baby A1Key', 'PP BLACK', '515,2', '90', 1, 8, 0, 0),
	('PK1199', 'Sort Door Power Baby A2Key', 'PP BLACK', '515,2', '90', 1, 8, 0, 0),
	('PK1200', 'Sort Door Power Baby A3Key', 'PP BLACK', '515,2', '90', 1, 8, 0, 0),
	('PK1201', 'Sort Door Power Baby A4Key', 'PP BLACK', '515,2', '90', 1, 8, 0, 0),
	('PK1202', 'Sort Door Power Baby A5Key', 'PP BLACK', '515,2', '90', 1, 8, 0, 0),
	('PK1203', 'Sort Door Power Baby A6Key', 'PP BLACK', '515,2', '90', 1, 8, 0, 0),
	('PK1204', 'Sort Door Power Baby A7Key', 'PP BLACK', '515,2', '90', 1, 8, 0, 0),
	('PK1205', 'Sort Door Power Baby A8Key', 'PP BLACK', '515,2', '90', 1, 8, 0, 0),
	('RB1001', 'Top Cover 30 / 26', 'PP WARNA', '158', '', 16, 7, 0, 0),
	('RB1002', 'Top Cover 30 / 26', 'PP WARNA', '158', '', 16, 6, 0, 0),
	('RB1003', 'Top Cover 30 / 26', 'PP WARNA', '158', '', 16, 3, 0, 0),
	('RB1004', 'Top Cover 30 / 26', 'PP WARNA', '158', '', 16, 11, 0, 0),
	('RB1005', 'Top Cover 30 / 26', 'PP WARNA', '158', '', 16, 5, 0, 0),
	('RB1006', 'Bottom Lid 30/26', 'PP WARNA', '304', '', 16, 7, 0, 0),
	('RB1007', 'Bottom Lid 30/26', 'PP WARNA', '304', '', 16, 6, 0, 0),
	('RB1008', 'Bottom Lid 30/26', 'PP WARNA', '304', '', 16, 3, 0, 0),
	('RB1009', 'Bottom Lid 30/26', 'PP WARNA', '304', '', 16, 11, 0, 0),
	('RB1010', 'Bottom Lid 30/26', 'PP WARNA', '304', '', 16, 5, 0, 0),
	('RB1011', 'Outer Barell 30', 'PP WARNA', '885', '', 16, 7, 0, 0),
	('RB1012', 'Outer Barell 30', 'PP WARNA', '885', '', 16, 6, 0, 0),
	('RB1013', 'Outer Barell 30', 'PP WARNA', '885', '', 16, 3, 0, 0),
	('RB1014', 'Outer Barell 30', 'PP WARNA', '885', '', 16, 11, 0, 0),
	('RB1015', 'Outer Barell 30', 'PP WARNA', '885', '', 16, 5, 0, 0),
	('RB1016', 'Inner Barell 30', 'PP WARNA', '851', '', 16, 9, 0, 0),
	('RB1017', 'Outer Barell 26', 'PP WARNA', '819', '', 16, 7, 0, 0),
	('RB1018', 'Outer Barell 26', 'PP WARNA', '819', '', 16, 6, 0, 0),
	('RB1019', 'Outer Barell 26', 'PP WARNA', '819', '', 16, 3, 0, 0),
	('RB1020', 'Outer Barell 26', 'PP WARNA', '819', '', 16, 11, 0, 0),
	('RB1021', 'Outer Barell 26', 'PP WARNA', '819', '', 16, 5, 0, 0),
	('RB1022', 'Inner Barell 26', 'PP WARNA', '672', '', 16, 9, 0, 0),
	('RB1023', 'Handle 30 / 26', 'PP WARNA', '163', '', 16, 7, 0, 0),
	('RB1024', 'Handle 30 / 26', 'PP WARNA', '163', '', 16, 6, 0, 0),
	('RB1025', 'Handle 30 / 26', 'PP WARNA', '163', '', 16, 3, 0, 0),
	('RB1026', 'Handle 30 / 26', 'PP WARNA', '163', '', 16, 11, 0, 0),
	('RB1027', 'Handle 30 / 26', 'PP WARNA', '163', '', 16, 5, 0, 0),
	('RB1028', 'Bottom Vent Dish 30 / 26', 'PP WARNA', '74', '', 16, 9, 0, 0),
	('RB1029', 'Big Handle New 30 / 26', 'PP WARNA', '31', '', 16, 7, 0, 0),
	('RB1030', 'Big Handle New 30 / 26', 'PP WARNA', '31', '', 16, 6, 0, 0),
	('RB1031', 'Big Handle New 30 / 26', 'PP WARNA', '31', '', 16, 3, 0, 0),
	('RB1032', 'Big Handle New 30 / 26', 'PP WARNA', '31', '', 16, 11, 0, 0),
	('RB1033', 'Big Handle New 30 / 26', 'PP WARNA', '31', '', 16, 5, 0, 0),
	('RB1034', 'Big Handle Lid New 30 / 26', 'PP WARNA', '3', '', 16, 7, 0, 0),
	('RB1035', 'Big Handle Lid New 30 / 26', 'PP WARNA', '3', '', 16, 6, 0, 0),
	('RB1036', 'Big Handle Lid New 30 / 26', 'PP WARNA', '3', '', 16, 3, 0, 0),
	('RB1037', 'Big Handle Lid New 30 / 26', 'PP WARNA', '3', '', 16, 11, 0, 0),
	('RB1038', 'Big Handle Lid New 30 / 26', 'PP WARNA', '3', '', 16, 5, 0, 0),
	('RB1039', 'Small Handle Old 17 / 8', 'PP WARNA', '21', '', 16, 7, 0, 0),
	('RB1040', 'Small Handle Old 17 / 8', 'PP WARNA', '21', '', 16, 6, 0, 0),
	('RB1041', 'Small Handle Old 17 / 8', 'PP WARNA', '21', '', 16, 3, 0, 0),
	('RB1042', 'Small Handle Old 17 / 8', 'PP WARNA', '21', '', 16, 11, 0, 0),
	('RB1043', 'Small Handle Old 17 / 8', 'PP WARNA', '21', '', 16, 5, 0, 0),
	('RB1044', 'Small Handle Lid Old 17 / 8', 'PP WARNA', '3', '', 16, 7, 0, 0),
	('RB1045', 'Small Handle Lid Old 17 / 8', 'PP WARNA', '3', '', 16, 6, 0, 0),
	('RB1046', 'Small Handle Lid Old 17 / 8', 'PP WARNA', '3', '', 16, 3, 0, 0),
	('RB1047', 'Small Handle Lid Old 17 / 8', 'PP WARNA', '3', '', 16, 11, 0, 0),
	('RB1048', 'Small Handle Lid Old 17 / 8', 'PP WARNA', '3', '', 16, 5, 0, 0),
	('RB1049', 'Spoon', 'PP WARNA', '25', '', 16, 9, 0, 0),
	('RB1050', 'Spoon Bowl', 'PP WARNA', '47', '', 16, 9, 0, 0),
	('RB1051', 'Top Cover 17', 'PP WARNA', '69', '', 16, 7, 0, 0),
	('RB1052', 'Top Cover 17', 'PP WARNA', '69', '', 16, 6, 0, 0),
	('RB1053', 'Top Cover 17', 'PP WARNA', '69', '', 16, 3, 0, 0),
	('RB1054', 'Top Cover 17', 'PP WARNA', '69', '', 16, 11, 0, 0),
	('RB1055', 'Top Cover 17', 'PP WARNA', '69', '', 16, 5, 0, 0),
	('RB1056', 'Bottom Lid 17', 'PP WARNA', '183', '', 16, 7, 0, 0),
	('RB1057', 'Bottom Lid 17', 'PP WARNA', '183', '', 16, 6, 0, 0),
	('RB1058', 'Bottom Lid 17', 'PP WARNA', '183', '', 16, 3, 0, 0),
	('RB1059', 'Bottom Lid 17', 'PP WARNA', '183', '', 16, 11, 0, 0),
	('RB1060', 'Bottom Lid 17', 'PP WARNA', '183', '', 16, 5, 0, 0),
	('RB1061', 'Inner Barell 17', 'PP WARNA', '495', '', 16, 9, 0, 0),
	('RB1062', 'Outer Barell 17', 'PP WARNA', '540', '', 16, 7, 0, 0),
	('RB1063', 'Outer Barell 17', 'PP WARNA', '540', '', 16, 6, 0, 0),
	('RB1064', 'Outer Barell 17', 'PP WARNA', '540', '', 16, 5, 0, 0),
	('RB1065', 'Outer Barell 17', 'PP WARNA', '540', '', 16, 9, 0, 0),
	('RB1066', 'Outer Barell 17', 'PP WARNA', '540', '', 16, 7, 0, 0),
	('RB1067', 'Handle 17', 'PP WARNA', '88', '', 16, 6, 0, 0),
	('RB1068', 'Handle 17', 'PP WARNA', '88', '', 16, 3, 0, 0),
	('RB1069', 'Handle 17', 'PP WARNA', '88', '', 16, 11, 0, 0),
	('RB1070', 'Handle 17', 'PP WARNA', '88', '', 16, 5, 0, 0),
	('RB1071', 'Handle 17', 'PP WARNA', '88', '', 16, 7, 0, 0),
	('RB1072', 'Bottom Vent Dish 17', 'PP WARNA', '41', '', 16, 6, 0, 0),
	('RB1073', 'Top Cover 8', 'PP WARNA', '41,5', '', 16, 3, 0, 0),
	('RB1074', 'Top Cover 8', 'PP WARNA', '41,5', '', 16, 11, 0, 0),
	('RB1075', 'Top Cover 8', 'PP WARNA', '41,5', '', 16, 5, 0, 0),
	('RB1076', 'Top Cover 8', 'PP WARNA', '41,5', '', 16, 9, 0, 0),
	('RB1077', 'Top Cover 8', 'PP WARNA', '41,5', '', 16, 7, 0, 0),
	('RB1078', 'Bottom Lid 8', 'PP WARNA', '98,4', '', 16, 6, 0, 0),
	('RB1079', 'Bottom Lid 8', 'PP WARNA', '98,4', '', 16, 3, 0, 0),
	('RB1080', 'Bottom Lid 8', 'PP WARNA', '98,4', '', 16, 11, 0, 0),
	('RB1081', 'Bottom Lid 8', 'PP WARNA', '98,4', '', 16, 5, 0, 0),
	('RB1082', 'Bottom Lid 8', 'PP WARNA', '98,4', '', 16, 7, 0, 0),
	('RB1083', 'Inner Barell 8', 'PP WARNA', '279,6', '', 16, 6, 0, 0),
	('RB1084', 'Outer Barell 8', 'PP WARNA', '262,8', '', 16, 3, 0, 0),
	('RB1085', 'Outer Barell 8', 'PP WARNA', '262,8', '', 16, 11, 0, 0),
	('RB1086', 'Outer Barell 8', 'PP WARNA', '262,8', '', 16, 5, 0, 0),
	('RB1087', 'Outer Barell 8', 'PP WARNA', '262,8', '', 16, 9, 0, 0),
	('RB1088', 'Outer Barell 8', 'PP WARNA', '262,8', '', 16, 7, 0, 0),
	('RB1089', 'Handle 8', 'PP WARNA', '55,2', '', 16, 6, 0, 0),
	('RB1090', 'Handle 8', 'PP WARNA', '55,2', '', 16, 3, 0, 0),
	('RB1091', 'Handle 8', 'PP WARNA', '55,2', '', 16, 11, 0, 0),
	('RB1092', 'Handle 8', 'PP WARNA', '55,2', '', 16, 5, 0, 0),
	('RB1093', 'Handle 8', 'PP WARNA', '55,2', '', 16, 7, 0, 0),
	('RB1094', 'Bottom Vent Dish 8', 'PP WARNA', '29,9', '', 16, 6, 0, 0),
	('RB1095', 'Small Handle Set', 'PP WARNA', '34', '', 16, 3, 0, 0),
	('RB1096', 'Small Handle Set ', 'PP WARNA', '34', '', 16, 11, 0, 0),
	('RB1097', 'Small Handle Set ', 'PP WARNA', '34', '', 16, 5, 0, 0),
	('RB1098', 'Small Handle Set ', 'PP WARNA', '34', '', 16, 9, 0, 0),
	('RB1099', 'Small Handle Set ', 'PP WARNA', '34', '', 16, 7, 0, 0),
	('REG1001', 'Tutup Atas Aries (Dekok)', 'PP BLACK', '1.439,20', '', 27, 8, 0, 0),
	('REG1002', 'Tutup Samping Pendek Aries', 'PP BLACK', '393,8', '', 27, 8, 0, 0),
	('REG1003', 'Tutup Samping Panjang Aries', 'PP BLACK', '1.499,60', '', 27, 8, 0, 0),
	('REG1004', 'Tutup Belakang Aries', 'PP BLACK', '674,8', '', 27, 8, 0, 0),
	('REG1005', 'Tutup Belakang Tengah Aries', 'PP BLACK', '472,9', '', 27, 8, 0, 0),
	('REG1006', 'Sekat Tengah Aries', 'PP BLACK', '1.190,00', '', 27, 8, 0, 0),
	('REG1007', 'Rak Aries', 'PP BLACK', '374,8', '', 27, 8, 0, 0),
	('REG1008', 'Handle Lock Pin Aries', 'PP BLACK', '17,9', '', 27, 8, 0, 0),
	('REG1009', 'Plug Lockpin Aries', 'PP BLACK', '0,5', '', 27, 8, 0, 0),
	('REG1010', 'Handle Tengah Aries Hanger ', 'PP BLACK', '17,9', '', 27, 8, 0, 0),
	('REG1011', 'List Atas Bawah JP 01', 'PP BLACK', '7,7', '', 27, 8, 0, 0),
	('REG1012', 'List Atas Bawah JP 02', 'PP BLACK', '7,1', '', 27, 8, 0, 0),
	('REG1013', 'List Atas Bawah JP 03', 'PP BLACK', '7,2', '', 27, 8, 0, 0),
	('REG1014', 'List Atas Bawah JP 04', 'PP BLACK', '7,2', '', 27, 8, 0, 0),
	('REG1015', 'Handle JP Lock Pin R', 'PP WARNA', '15', '', 27, 8, 0, 0),
	('REG1016', 'Handle JP Lock Pin L', 'PP WARNA', '15', '', 27, 8, 0, 0),
	('REG1017', 'Engsel Cabinet', 'PP BLACK', '16,2', '', 27, 8, 0, 0),
	('REG1018', 'Kaki Cabinet', 'PP BLACK', '18,9', '', 27, 8, 0, 0),
	('REG1019', 'Tutup Atas JP (Datar)', 'PP BLACK', '1.318,00', '', 27, 8, 0, 0),
	('REG1020', 'Tutup Belakang JP', 'PP BLACK', '623', '', 27, 8, 0, 0),
	('REG1021', 'Tutup Samping JP R', 'PP BLACK', '420', '', 27, 8, 0, 0),
	('REG1022', 'Tutup Samping JP L', 'PP BLACK', '420', '', 27, 8, 0, 0),
	('REG1023', 'Tutup Atas JP Key (Dekok)', 'PP BLACK', '1.391,00', '', 27, 8, 0, 0),
	('REG1024', 'Tutup Atas DP ', 'PP BLACK', '1.365,00', '', 27, 8, 0, 0),
	('REG1025', 'Tutup Belakang DP', 'PP BLACK', '677', '', 27, 8, 0, 0),
	('REG1026', 'Tutup Samping DP', 'PP BLACK', '455', '', 27, 8, 0, 0),
	('REG1027', 'List Atas Bawah A DP', 'PP BLACK', '7', '', 27, 8, 0, 0),
	('REG1028', 'List Atas Bawah B DP', 'PP BLACK', '7', '', 27, 8, 0, 0),
	('REG1029', 'List Atas Bawah C DP', 'PP BLACK', '4', '', 27, 8, 0, 0),
	('REG1030', 'List Atas Bawah D DP', 'PP BLACK', '4', '', 27, 8, 0, 0),
	('REG1031', 'Handle DP', 'PP BLACK', '17', '', 27, 8, 0, 0),
	('REG1032', 'Drawar Adorn 2 ', 'PP PK', '37', '', 27, 8, 0, 0),
	('REG1033', 'Door Adorn 01 (frame batik)', 'PP PK', '93', '', 27, 8, 0, 0),
	('REG1034', 'Door Plate ', 'PP PK', '123', '', 27, 8, 0, 0),
	('REG1035', 'Frame Polos ', 'PP PK', '155', '', 27, 8, 0, 0),
	('REG1036', 'Frame Tengah Aries', 'PP PK', '85,5', '', 27, 27, 0, 0),
	('REG1037', 'Penutup Tutup Atas JP', 'PP PK', '9', '', 27, 27, 0, 0),
	('REG1038', 'Engsel Cabinet', 'PP PK', '16', '', 27, 27, 0, 0),
	('REG1039', 'Kaki Cabinet', 'PP PK', '18,9', '', 27, 27, 0, 0),
	('REG1040', 'Tutup Atas JP Key (Dekok)', 'PP PK', '1.391,00', '', 27, 27, 0, 0),
	('REG1041', 'Tutup Belakang DP', 'PP PK', '677', '', 27, 9, 0, 0),
	('REG1042', 'Tutup Samping DP', 'PP PK', '455', '', 27, 9, 0, 0),
	('REG1043', 'Bobin 4T Natural ', 'PP PK', '87', '', 27, 9, 0, 0),
	('REG1044', 'Handle JP Lock Pin R', 'PP WARNA', '13', '', 27, 9, 0, 0),
	('REG1045', 'Handle JP Lock Pin L', 'PP WARNA', '12,1', '', 27, 9, 0, 0),
	('REG1046', 'Handle JP Lock Pin R', 'PP WARNA', '13', '', 27, 9, 0, 0),
	('REG1047', 'Handle JP Lock Pin L', 'PP WARNA', '12,1', '', 27, 9, 0, 0),
	('REG1048', 'Handle JP Lock Pin R', 'PP WARNA', '13', '', 27, 7, 0, 0),
	('REG1049', 'Handle JP Lock Pin L', 'PP WARNA', '12,1', '', 27, 7, 0, 0),
	('REG1050', 'Handle JP Lock Pin R', 'PP WARNA', '13', '', 27, 6, 0, 0),
	('REG1051', 'Handle JP Lock Pin L', 'PP WARNA', '12,1', '', 27, 6, 0, 0),
	('REG1052', 'Handle JP Lock Pin R', 'PP WARNA', '13', '', 27, 3, 0, 0),
	('REG1053', 'Handle JP Lock Pin L', 'PP WARNA', '12,1', '', 27, 3, 0, 0),
	('REG1054', 'Bingkai JP', 'PP WARNA', '294,1', '', 27, 11, 0, 0),
	('REG1055', 'Bingkai JP', 'PP WARNA', '294,1', '', 27, 11, 0, 0),
	('REG1056', 'Bingkai JP', 'PP WARNA', '294,1', '', 27, 13, 0, 0),
	('REG1057', 'Bingkai JP', 'PP WARNA', '294,1', '', 27, 13, 0, 0),
	('REG1058', 'Bingkai JP', 'PP WARNA', '294,1', '', 27, 7, 0, 0),
	('REG1059', 'Bingkai JP Key', 'PP WARNA', '294,1', '', 27, 6, 0, 0),
	('REG1060', 'Bingkai JP Key', 'PP WARNA', '294,1', '', 27, 3, 0, 0),
	('REG1061', 'Bingkai JP Key', 'PP WARNA', '294,1', '', 27, 11, 0, 0),
	('REG1062', 'Bingkai JP Key', 'PP WARNA', '294,1', '', 27, 13, 0, 0),
	('REG1063', 'Bingkai JP Key', 'PP WARNA', '294,1', '', 27, 7, 0, 0),
	('REG1064', 'Bingkai DP', 'PP WARNA', '292', '', 27, 6, 0, 0),
	('REG1065', 'Bingkai DP', 'PP WARNA', '292', '', 27, 3, 0, 0),
	('REG1066', 'Bingkai DP', 'PP WARNA', '292', '', 27, 11, 0, 0),
	('REG1067', 'Bingkai DP', 'PP WARNA', '292', '', 27, 13, 0, 0),
	('REG1068', 'Engsel JP', 'PP BLACK', '16,2', '', 27, 7, 0, 0),
	('REG1069', 'List Atas JP R', 'PP WARNA', '66', '', 27, 6, 0, 0),
	('REG1070', 'List Atas JP L', 'PP WARNA', '65', '', 27, 3, 0, 0),
	('REG1071', 'Handle Aries New Key ', 'PP BLACK', '20', '', 27, 11, 0, 0),
	('REG1072', 'Handle Aries New Key ', 'PP WARNA', '20', '', 27, 8, 0, 0),
	('REG1073', 'Handle lock Pin Aries ', 'PP WARNA', '20', '', 27, 5, 0, 0),
	('REG1074', 'Frame LV', 'PP WARNA', '155', '', 27, 5, 0, 0),
	('REG1075', 'Frame LV', 'PP WARNA', '155', '', 27, 8, 0, 0),
	('REG1076', 'Frame LV', 'PP WARNA', '155', '', 27, 7, 0, 0),
	('REG1077', 'Frame LV', 'PP WARNA', '155', '', 27, 7, 0, 0),
	('REG1078', 'Frame Bunga ', 'PP WARNA', '155', '', 27, 7, 0, 0),
	('REG1079', 'Frame Bunga ', 'PP WARNA', '155', '', 27, 6, 0, 0),
	('REG1080', 'Frame Bunga ', 'PP WARNA', '155', '', 27, 3, 0, 0),
	('REG1081', 'Frame Bunga ', 'PP WARNA', '155', '', 27, 11, 0, 0),
	('REG1082', 'Frame Tengah Aries', 'PP WARNA', '85,5', '', 27, 11, 0, 0),
	('REG1083', 'Love Aries', 'PP WARNA', '3', '', 27, 6, 0, 0),
	('REG1084', 'Love Aries', 'PP WARNA', '3', '', 27, 7, 0, 0),
	('REG1085', 'Bingkai Tengah Aries', 'PP WARNA', '240,1', '', 27, 3, 0, 0),
	('REG1086', 'Bingkai Tengah Aries', 'PP WARNA', '240,1', '', 27, 13, 0, 0),
	('REG1087', 'Bingkai Tengah Aries', 'PP WARNA', '240,1', '', 27, 3, 0, 0),
	('REG1088', 'Bingkai Tengah Aries', 'PP WARNA', '240,1', '', 27, 13, 0, 0),
	('REG1089', 'Bingkai Tengah Aries', 'PP WARNA', '240,1', '', 27, 7, 0, 0),
	('REG1090', 'Frame Juju 3D', 'PP WARNA', '250', '', 27, 6, 0, 0),
	('REG1091', 'Frame Jojo 3D', 'PP WARNA', '250', '', 27, 3, 0, 0),
	('REG1092', 'Frame Juju 3D', 'PP WARNA', '250', '', 27, 11, 0, 0),
	('REG1093', 'Frame Jojo 3D', 'PP WARNA', '250', '', 27, 13, 0, 0),
	('REG1094', 'Frame Juju 3D', 'PP WARNA', '250', '', 27, 7, 0, 0),
	('REG1095', 'Frame Jojo 3D', 'PP WARNA', '250', '', 27, 7, 0, 0),
	('REG1096', 'Frame Juju 3D', 'PP WARNA', '250', '', 27, 6, 0, 0),
	('REG1097', 'Frame Jojo 3D', 'PP WARNA', '250', '', 27, 6, 0, 0),
	('REG1098', 'Frame Juju 3D', 'PP WARNA', '250', '', 27, 3, 0, 0),
	('REG1099', 'Frame Jojo 3D', 'PP WARNA', '250', '', 27, 3, 0, 0),
	('REG1100', 'Frame cat 3D ', 'PP PK', '250', '', 27, 11, 0, 0),
	('REG1101', 'Frame Duck 3D ', 'PP PK', '250', '', 27, 11, 0, 0),
	('REG1102', 'Frame spongebob 3D ', 'PP PK', '250', '', 27, 15, 0, 0),
	('REG1103', 'Frame Patrick 3D', 'PP PK', '250', '', 27, 15, 0, 0),
	('REG1104', 'Frame donal 3D', 'PP PK', '250', '', 27, 27, 0, 0),
	('REG1105', 'Frame Desy 3D', 'PP PK', '250', '', 27, 27, 0, 0),
	('REG1106', 'Frame Sonic 3D', 'PP PK', '250', '', 27, 27, 0, 0),
	('REG1107', 'Frame Amy 3D', 'PP PK', '250', '', 27, 27, 0, 0),
	('REG1108', 'Frame Bunny 3D', 'PP PK', '250', '', 27, 27, 0, 0),
	('REG1109', 'Frame Ester 3D', 'PP PK', '250', '', 27, 27, 0, 0),
	('REG1110', 'Frame Popeye 3D', 'PP PK', '250', '', 27, 27, 0, 0),
	('REG1111', 'Frame Olive3D', 'PP PK', '250', '', 27, 27, 0, 0),
	('REG1112', 'Frame Tazmania 3D', 'PP PK', '250', '', 27, 27, 0, 0),
	('REG1113', 'Frame Bird 3D', 'PP PK', '250', '', 27, 27, 0, 0),
	('REG1114', 'Frame Polos Olive ', 'PP PK', '250', '', 27, 27, 0, 0),
	('REG1115', 'Frame Polos Popoye ', 'PP PK', '250', '', 27, 27, 0, 0),
	('REG1116', 'Frame Polos Amy ', 'PP PK', '250', '', 27, 27, 0, 0),
	('REG1117', 'Frame Polos Sonic ', 'PP PK', '250', '', 27, 27, 0, 0),
	('REG1118', 'Frame Polos Tazmania ', 'PP PK', '250', '', 27, 27, 0, 0),
	('REG1119', 'Frame Polos Bunny ', 'PP PK', '250', '', 27, 27, 0, 0),
	('REG1120', 'Frame Hexa ', 'PP WARNA', '155', '', 27, 27, 0, 0),
	('REG1121', 'Frame Hexa ', 'PP WARNA', '155', '', 27, 27, 0, 0),
	('REG1122', 'Frame Hexa ', 'PP WARNA', '155', '', 27, 27, 0, 0),
	('REG1123', 'Frame Hexa ', 'PP WARNA', '155', '', 27, 27, 0, 0),
	('REG1124', 'Frame Hexa ', 'PP WARNA', '155', '', 27, 7, 0, 0),
	('REG1125', 'Frame Hexa ', 'PP WARNA', '155', '', 27, 6, 0, 0),
	('REG1126', 'Frame Rotan', 'PP WARNA', '155', '', 27, 3, 0, 0),
	('REG1127', 'Frame Rotan', 'PP WARNA', '155', '', 27, 11, 0, 0),
	('REG1128', 'Frame Rotan', 'PP WARNA', '155', '', 27, 13, 0, 0),
	('REG1129', 'Frame Rotan', 'PP WARNA', '155', '', 27, 9, 0, 0),
	('REG1130', 'Frame Rotan', 'PP WARNA', '155', '', 27, 7, 0, 0),
	('REG1131', 'Frame Rotan', 'PP WARNA', '155', '', 27, 6, 0, 0),
	('REG1132', 'FRAME-ARIEL BESAR 01', 'PP PK', '155', '', 27, 3, 0, 0),
	('REG1133', 'FRAME-ARIEL BESAR 02', 'PP PK', '155', '', 27, 11, 0, 0),
	('REG1134', 'FRAME-PRINCES BESAR ', 'PP PK', '155', '', 27, 13, 0, 0),
	('REG1135', 'FRAME-SNOW WHITE BESAR', 'PP PK', '155', '', 27, 9, 0, 0),
	('REG1136', 'FRAME-TWIN GIRLS KLASIK BESAR 01', 'PP PK', '155', '', 27, 27, 0, 0),
	('REG1137', 'FRAME-TWIN GIRLS KLASIK BESAR 02', 'PP PK', '155', '', 27, 27, 0, 0),
	('REG1138', 'FRAME-TWIN GIRLS MODERN BESAR 01', 'PP PK', '155', '', 27, 27, 0, 0),
	('REG1139', 'FRAME-TWIN GIRLS MODERN BESAR 02', 'PP PK', '155', '', 27, 27, 0, 0),
	('REG1140', 'FRAME-FROZZ KLASIK BESAR 01', 'PP PK', '155', '', 27, 27, 0, 0),
	('REG1141', 'FRAME-FROZZ KLASIK BESAR 02', 'PP PK', '155', '', 27, 27, 0, 0),
	('REG1142', 'FRAME-FROZZ MODERN BESAR 01', 'PP PK', '155', '', 27, 27, 0, 0),
	('REG1143', 'FRAME-FROZZ MODERN BESAR 02', 'PP PK', '155', '', 27, 27, 0, 0),
	('REG1144', 'FRAME-MARSHA BESAR 01', 'PP PK', '155', '', 27, 27, 0, 0),
	('REG1145', 'FRAME-MARSHA BESAR 02', 'PP PK', '155', '', 27, 27, 0, 0),
	('REG1146', 'FRAME-MARSHA BESAR 03', 'PP PK', '155', '', 27, 27, 0, 0),
	('REG1147', 'FRAME-MARSHA BESAR 04', 'PP PK', '155', '', 27, 27, 0, 0),
	('REG1148', 'FRAME-MARSHA BESAR 05', 'PP PK', '155', '', 27, 27, 0, 0),
	('REG1149', 'FRAME-MARSHA BESAR 06', 'PP PK', '155', '', 27, 27, 0, 0),
	('REG1150', 'FRAME-MINI PONY BESAR 01', 'PP PK', '155', '', 27, 27, 0, 0),
	('REG1151', 'FRAME-MINI PONY BESAR 02', 'PP PK', '155', '', 27, 27, 0, 0),
	('REG1152', 'FRAME-PIKACHU BESAR 01', 'PP PK', '155', '', 27, 27, 0, 0),
	('REG1153', 'FRAME-PIKACHU BESAR 02', 'PP PK', '155', '', 27, 27, 0, 0),
	('REG1154', 'FRAME-PORORO BESAR 01', 'PP PK', '155', '', 27, 27, 0, 0),
	('REG1155', 'FRAME-PORORO BESAR 02', 'PP PK', '155', '', 27, 27, 0, 0),
	('REG1156', 'FRAME-POCOYO BESAR 01', 'PP PK', '155', '', 27, 27, 0, 0),
	('REG1157', 'FRAME-POCOYO BESAR 02', 'PP PK', '155', '', 27, 27, 0, 0),
	('REG1158', 'FRAME-ELEMO BESAR 01', 'PP PK', '155', '', 27, 27, 0, 0),
	('REG1159', 'FRAME-ELEMO BESAR 02', 'PP PK', '155', '', 27, 27, 0, 0),
	('REG1160', 'FRAME-MINION BESAR 01', 'PP PK', '155', '', 27, 27, 0, 0),
	('REG1161', 'FRAME-MINION BESAR 02', 'PP PK', '155', '', 27, 27, 0, 0),
	('REG1162', 'FRAME-THOMAS BESAR 01', 'PP PK', '155', '', 27, 27, 0, 0),
	('REG1163', 'FRAME-THOMAS BESAR 02', 'PP PK', '155', '', 27, 27, 0, 0),
	('REG1164', 'FRAME-BIG HERO BESAR 01', 'PP PK', '155', '', 27, 27, 0, 0),
	('REG1165', 'FRAME-BIG HERO BESAR 02', 'PP PK', '155', '', 27, 27, 0, 0),
	('REG1166', 'FRAME-TRANSFORMERS BESAR 01', 'PP PK', '155', '', 27, 27, 0, 0),
	('REG1167', 'FRAME-TRANSFORMERS BESAR 02', 'PP PK', '155', '', 27, 27, 0, 0),
	('REG1168', 'FRAME-CARS BESAR 01', 'PP PK', '155', '', 27, 27, 0, 0),
	('REG1169', 'FRAME-CARS BESAR 02', 'PP PK', '155', '', 27, 27, 0, 0),
	('REG1170', 'FRAME-BOBOBOY BESAR 01', 'PP PK', '155', '', 27, 27, 0, 0),
	('REG1171', 'FRAME-BOBOBOY BESAR 02', 'PP PK', '155', '', 27, 27, 0, 0),
	('REG1172', 'FRAME-BATIK BESAR 01', 'PP PK', '155', '', 27, 27, 0, 0),
	('REG1173', 'FRAME-BATIK BESAR 02', 'PP PK', '155', '', 27, 27, 0, 0),
	('REG1174', 'FRAME-BATIK BESAR 03', 'PP PK', '155', '', 27, 27, 0, 0),
	('REG1175', 'FRAME-BIG HERO JAM 01', 'PP PK', '345', '', 27, 27, 0, 0),
	('REG1176', 'FRAME-BIG HERO JAM 02', 'PP PK', '345', '', 27, 27, 0, 0),
	('REG1177', 'FRAME-MINI PONY JAM 01', 'PP PK', '345', '', 27, 27, 0, 0),
	('REG1178', 'FRAME-MINI PONY JAM 02', 'PP PK', '345', '', 27, 27, 0, 0),
	('REG1179', 'FRAME-BATIK MEDIUM 00', 'PP PK', '90', '', 27, 27, 0, 0),
	('REG1180', 'FRAME-BATIK MEDIUM 01', 'PP PK', '90', '', 27, 27, 0, 0),
	('REG1181', 'FRAME-BATIK MEDIUM 02', 'PP PK', '90', '', 27, 27, 0, 0),
	('REG1182', 'FRAME-BATIK MEDIUM 03', 'PP PK', '90', '', 27, 27, 0, 0),
	('REG1183', 'FRAME-BIG HERO MEDIUM 01', 'PP PK', '90', '', 27, 27, 0, 0),
	('REG1184', 'FRAME-BIG HERO MEDIUM 02', 'PP PK', '90', '', 27, 27, 0, 0),
	('REG1185', 'FRAME-ARIEL KECIL 01', 'PP PK', '35', '', 27, 27, 0, 0),
	('REG1186', 'FRAME-ARIEL KECIL 02', 'PP PK', '35', '', 27, 27, 0, 0),
	('REG1187', 'FRAME-ARIEL KECIL 03', 'PP PK', '35', '', 27, 27, 0, 0),
	('REG1188', 'FRAME-ARIEL KECIL 04', 'PP PK', '35', '', 27, 27, 0, 0),
	('REG1189', 'FRAME-SNOW WHITE PRINCES BESAR R', 'PP PK', '155', '', 27, 27, 0, 0),
	('REG1190', 'FRAME-SNOW WHITE PRINCES BESAR L', 'PP PK', '155', '', 27, 27, 0, 0),
	('REG1191', 'FRAME-SNOW HITE KECIL 01', 'PP PK', '35', '', 27, 27, 0, 0),
	('REG1192', 'FRAME-SNOW HITE KECIL 02', 'PP PK', '35', '', 27, 27, 0, 0),
	('REG1193', 'FRAME-SNOW HITE KECIL 03', 'PP PK', '35', '', 27, 27, 0, 0),
	('REG1194', 'FRAME-SNOW HITE KECIL 04', 'PP PK', '35', '', 27, 27, 0, 0),
	('REG1195', 'FRAME-TWIN GIRLS KLASIK KECIL 01', 'PP PK', '35', '', 27, 27, 0, 0),
	('REG1196', 'FRAME-TWIN GIRLS KLASIK KECIL 02', 'PP PK', '35', '', 27, 27, 0, 0),
	('REG1197', 'FRAME-TWIN GIRLS MODERN KECIL 01', 'PP PK', '35', '', 27, 27, 0, 0),
	('REG1198', 'FRAME-TWIN GIRLS MODERN KECIL 02', 'PP PK', '35', '', 27, 27, 0, 0),
	('REG1199', 'FRAME-MARSA KECIL 01', 'PP PK', '35', '', 27, 27, 0, 0),
	('REG1200', 'FRAME-MARSA KECIL 02', 'PP PK', '35', '', 27, 27, 0, 0),
	('REG1201', 'FRAME-MARSA KECIL 03', 'PP PK', '35', '', 27, 27, 0, 0),
	('REG1202', 'FRAME-MARSA KECIL 04', 'PP PK', '35', '', 27, 27, 0, 0),
	('REG1203', 'FRAME-MINI PONY KECIL 01', 'PP PK', '35', '', 27, 27, 0, 0),
	('REG1204', 'FRAME-MINI PONY KECIL 02', 'PP PK', '35', '', 27, 27, 0, 0),
	('REG1205', 'FRAME-MINI PONY KECIL 03', 'PP PK', '35', '', 27, 27, 0, 0),
	('REG1206', 'FRAME-MINI PONY KECIL 04', 'PP PK', '35', '', 27, 27, 0, 0),
	('REG1207', 'FRAME-PORORO KECIL 01', 'PP PK', '35', '', 27, 27, 0, 0),
	('REG1208', 'FRAME-PORORO KECIL 02', 'PP PK', '35', '', 27, 27, 0, 0),
	('REG1209', 'FRAME-POCOYO KECIL 01', 'PP PK', '35', '', 27, 27, 0, 0),
	('REG1210', 'FRAME-POCOYO KECIL 02', 'PP PK', '35', '', 27, 27, 0, 0),
	('REG1211', 'FRAME-POCOYO KECIL 03', 'PP PK', '35', '', 27, 27, 0, 0),
	('REG1212', 'FRAME-POCOYO KECIL 04', 'PP PK', '35', '', 27, 27, 0, 0),
	('REG1213', 'FRAME-ELEMO KECIL 01', 'PP PK', '35', '', 27, 27, 0, 0),
	('REG1214', 'FRAME-ELEMO KECIL 02', 'PP PK', '35', '', 27, 27, 0, 0),
	('REG1215', 'FRAME-ELEMO KECIL 03', 'PP PK', '35', '', 27, 27, 0, 0),
	('REG1216', 'FRAME-ELEMO KECIL 04', 'PP PK', '35', '', 27, 27, 0, 0),
	('REG1217', 'FRAME-THOMAS KECIL 01', 'PP PK', '35', '', 27, 27, 0, 0),
	('REG1218', 'FRAME-THOMAS KECIL 02', 'PP PK', '35', '', 27, 27, 0, 0),
	('REG1219', 'FRAME-BIG HERO KECIL 01', 'PP PK', '35', '', 27, 27, 0, 0),
	('REG1220', 'FRAME-BIG HERO KECIL 02', 'PP PK', '35', '', 27, 27, 0, 0),
	('REG1221', 'FRAME-TRANSFORMERS KECIL 01', 'PP PK', '35', '', 27, 27, 0, 0),
	('REG1222', 'FRAME-TRANSFORMERS KECIL 02', 'PP PK', '35', '', 27, 27, 0, 0),
	('REG1223', 'FRAME-TRANSFORMERS KECIL 03', 'PP PK', '35', '', 27, 27, 0, 0),
	('REG1224', 'FRAME-TRANSFORMERS KECIL 04', 'PP PK', '35', '', 27, 27, 0, 0),
	('REG1225', 'FRAME-BATIK KECIL 00', 'PP PK', '35', '', 27, 27, 0, 0),
	('REG1226', 'FRAME-BATIK KECIL 01', 'PP PK', '35', '', 27, 27, 0, 0),
	('REG1227', 'FRAME-BATIK KECIL 02', 'PP PK', '35', '', 27, 27, 0, 0),
	('REG1228', 'FRAME-BATIK KECIL 03', 'PP PK', '35', '', 27, 27, 0, 0),
	('REG1229', 'FRAME-DORA KECIL 01', 'PP PK', '35', '', 27, 27, 0, 0),
	('REG1230', 'FRAME-DORA KECIL 02', 'PP PK', '35', '', 27, 27, 0, 0),
	('REG1231', 'LIST GOLD', 'PP PK', '1', '', 27, 27, 0, 0),
	('REG1232', 'LIST SILVER', 'PP PK', '1', '', 27, 27, 0, 0),
	('REG1233', 'Handle JP Lock Pin R', 'PP WARNA', '13', '', 27, 27, 0, 0),
	('REG1234', 'Handle JP Lock Pin L', 'PP WARNA', '12,1', '', 27, 27, 0, 0),
	('REG1235', 'Handle JP Lock Pin R', 'PP WARNA', '13', '', 27, 27, 0, 0),
	('REG1236', 'Handle JP Lock Pin L', 'PP WARNA', '12,1', '', 27, 27, 0, 0),
	('REG1237', 'Handle JP Lock Pin R', 'PP WARNA', '13', '', 27, 7, 0, 0),
	('REG1238', 'Handle JP Lock Pin L', 'PP WARNA', '12,1', '', 27, 7, 0, 0),
	('REG1239', 'Handle JP Lock Pin R', 'PP WARNA', '13', '', 27, 6, 0, 0),
	('REG1240', 'Handle JP Lock Pin L', 'PP WARNA', '12,1', '', 27, 6, 0, 0),
	('REG1241', 'Handle JP Lock Pin R', 'PP WARNA', '13', '', 27, 3, 0, 0),
	('REG1242', 'Handle JP Lock Pin L', 'PP WARNA', '12,1', '', 27, 3, 0, 0),
	('REG1243', 'Bingkai JP', 'PP WARNA', '294,1', '', 27, 11, 0, 0),
	('REG1244', 'Bingkai JP', 'PP WARNA', '294,1', '', 27, 11, 0, 0),
	('REG1245', 'Bingkai JP', 'PP WARNA', '294,1', '', 27, 13, 0, 0),
	('REG1246', 'Bingkai JP', 'PP WARNA', '294,1', '', 27, 13, 0, 0),
	('REG1247', 'Bingkai JP', 'PP WARNA', '294,1', '', 27, 7, 0, 0),
	('REG1248', 'Bingkai JP Key', 'PP WARNA', '294,1', '', 27, 6, 0, 0),
	('REG1249', 'Bingkai JP Key', 'PP WARNA', '294,1', '', 27, 3, 0, 0),
	('REG1250', 'Bingkai JP Key', 'PP WARNA', '294,1', '', 27, 11, 0, 0),
	('REG1251', 'Bingkai JP Key', 'PP WARNA', '294,1', '', 27, 13, 0, 0),
	('REG1252', 'Bingkai JP Key', 'PP WARNA', '294,1', '', 27, 7, 0, 0),
	('REG1253', 'Bingkai DP', 'PP WARNA', '292', '', 27, 6, 0, 0),
	('REG1254', 'Bingkai DP', 'PP WARNA', '292', '', 27, 3, 0, 0),
	('REG1255', 'Bingkai DP', 'PP WARNA', '292', '', 27, 11, 0, 0),
	('REG1256', 'Bingkai DP', 'PP WARNA', '292', '', 27, 13, 0, 0),
	('REG1257', 'Engsel JP', 'PP WARNA', '16,2', '', 27, 7, 0, 0),
	('REG1258', 'List Atas JP R', 'PP WARNA', '66', '', 27, 6, 0, 0),
	('REG1259', 'List Atas JP L', 'PP WARNA', '65', '', 27, 3, 0, 0),
	('REG1260', 'Handle Aries New Key ', 'PP WARNA', '20', '', 27, 11, 0, 0),
	('REG1261', 'Handle Aries New Key ', 'PP WARNA', '20', '', 27, 8, 0, 0),
	('REG1262', 'Handle lock Pin Aries ', 'PP WARNA', '20', '', 27, 5, 0, 0),
	('REG1263', 'Frame LV', 'PP WARNA', '155', '', 27, 5, 0, 0),
	('REG1264', 'Frame LV', 'PP WARNA', '155', '', 27, 8, 0, 0),
	('REG1265', 'Frame LV', 'PP WARNA', '155', '', 27, 7, 0, 0),
	('REG1266', 'Frame LV', 'PP WARNA', '155', '', 27, 7, 0, 0),
	('REG1267', 'Frame Bunga ', 'PP WARNA', '155', '', 27, 7, 0, 0),
	('REG1268', 'Frame Bunga ', 'PP WARNA', '155', '', 27, 6, 0, 0),
	('REG1269', 'Frame Bunga ', 'PP WARNA', '155', '', 27, 3, 0, 0),
	('REG1270', 'Frame Bunga ', 'PP WARNA', '155', '', 27, 11, 0, 0),
	('REG1271', 'Frame Tengah Aries', 'PP WARNA', '85,5', '', 27, 11, 0, 0),
	('REG1272', 'Love Aries', 'PP WARNA', '3', '', 27, 6, 0, 0),
	('REG1273', 'Love Aries', 'PP WARNA', '3', '', 27, 7, 0, 0),
	('REG1274', 'Bingkai Tengah Aries', 'PP WARNA', '240,1', '', 27, 3, 0, 0),
	('REG1275', 'Bingkai Tengah Aries', 'PP WARNA', '240,1', '', 27, 13, 0, 0),
	('REG1276', 'Bingkai Tengah Aries', 'PP WARNA', '240,1', '', 27, 3, 0, 0),
	('REG1277', 'Bingkai Tengah Aries', 'PP WARNA', '240,1', '', 27, 13, 0, 0),
	('REG1278', 'Bingkai Tengah Aries', 'PP WARNA', '240,1', '', 27, 7, 0, 0),
	('TW1001', 'Top Holder', 'PP WARNA', '101', '', 26, 6, 0, 0),
	('TW1002', 'Top Holder', 'PP WARNA', '101', '', 26, 3, 0, 0),
	('TW1003', 'Top Holder', 'PP WARNA', '101', '', 26, 11, 0, 0),
	('TW1004', 'Top Holder', 'PP WARNA', '101', '', 26, 5, 0, 0),
	('TW1005', 'Top Holder', 'PP WARNA', '101', '', 26, 7, 0, 0),
	('TW1006', 'Midlle Holder', 'PP WARNA', '37', '', 26, 6, 0, 0),
	('TW1007', 'Midlle Holder', 'PP WARNA', '37', '', 26, 3, 0, 0),
	('TW1008', 'Midlle Holder', 'PP WARNA', '37', '', 26, 11, 0, 0),
	('TW1009', 'Midlle Holder', 'PP WARNA', '37', '', 26, 5, 0, 0),
	('TW1010', 'Midlle Holder', 'PP WARNA', '37', '', 26, 7, 0, 0),
	('TW1011', 'Bottom Holder', 'PP WARNA', '86', '', 26, 6, 0, 0),
	('TW1012', 'Bottom Holder', 'PP WARNA', '86', '', 26, 3, 0, 0),
	('TW1013', 'Bottom Holder', 'PP WARNA', '86', '', 26, 11, 0, 0),
	('TW1014', 'Bottom Holder', 'PP WARNA', '86', '', 26, 5, 0, 0),
	('TW1015', 'Bottom Holder', 'PP WARNA', '86', '', 26, 7, 0, 0),
	('TW1016', 'Bolt Hanger', 'PP WARNA', '3,2', '', 26, 6, 0, 0),
	('TW1017', 'Bolt Hanger', 'PP WARNA', '3,2', '', 26, 3, 0, 0),
	('TW1018', 'Bolt Hanger', 'PP WARNA', '3,2', '', 26, 11, 0, 0),
	('TW1019', 'Bolt Hanger', 'PP WARNA', '3,2', '', 26, 5, 0, 0),
	('TW1020', 'Bolt Hanger', 'PP WARNA', '3,2', '', 26, 7, 0, 0),
	('VENS1001', 'Tutup Atas Venus', 'PP WARNA', '857,5', '', 3, 2, 0, 0),
	('VENS1002', 'Tutup Belakang Venus', 'PP WARNA', '485,7', '', 3, 2, 0, 0),
	('VENS1003', 'Tutup Samping Venus R', 'PP WARNA', '300,2', '', 3, 2, 0, 0),
	('VENS1004', 'Tutup Samping Venus L', 'PP WARNA', '296,8', '', 3, 2, 0, 0),
	('VENS1005', 'Penutup Tutup Atas Venus', 'PP WARNA', '7,2', '', 3, 8, 0, 0),
	('VENS1006', 'Tutup Hold Venus / Plug Venus', 'PP WARNA', '0,5', '', 3, 8, 0, 0),
	('VENS1007', 'Kaki Venus', 'PP WARNA', '19,8', '', 3, 8, 0, 0),
	('VENS1008', 'Roda Venus', 'PP WARNA', '8,2', '', 3, 8, 0, 0),
	('VENS1009', 'List Atas Bawah Venus 1', 'PP WARNA', '83', '', 3, 8, 0, 0),
	('VENS1010', 'List Atas Bawah Venus 2', 'PP WARNA', '83', '', 3, 8, 0, 0),
	('VENS1011', 'Doortop Handle New Venus R', 'PP WARNA', '75', '', 3, 8, 0, 0),
	('VENS1012', 'Doortop Handle New Venus L', 'PP WARNA', '75', '', 3, 8, 0, 0),
	('VENS1013', 'Doortop Handle New Venus R ', 'PP WARNA', '75', '', 3, 8, 0, 0),
	('VENS1014', 'Doortop Handle New Venus L ', 'PP WARNA', '75', '', 3, 8, 0, 0),
	('VENS1015', 'List Bawah New Venus R', 'PP WARNA', '30', '', 3, 5, 0, 0),
	('VENS1016', 'List Bawah New Venus L', 'PP WARNA', '30', '', 3, 5, 0, 0),
	('VENS1017', 'Door Bottom Cover Venus R ', 'PP WARNA', '83', '', 3, 3, 0, 0),
	('VENS1018', 'Door Bottom Cover Venus L ', 'PP WARNA', '83', '', 3, 3, 0, 0),
	('VENS1019', 'Bingkai Venus', 'PP WARNA', '245', '', 3, 8, 0, 0),
	('VENS1020', 'Bingkai Venus', 'PP WARNA', '245', '', 3, 8, 0, 0),
	('VENS1021', 'Bingkai Venus', 'PP WARNA', '245', '', 3, 8, 0, 0),
	('VENS1022', 'Bingkai Venus', 'PP WARNA', '245', '', 3, 8, 0, 0),
	('VENS1023', 'Bingkai Venus', 'PP WARNA', '245', '', 3, 7, 0, 0),
	('VENS1024', 'Handle Venus R', 'PP WARNA', '20', '', 3, 6, 0, 0),
	('VENS1025', 'Handle Venus L', 'PP WARNA', '20', '', 3, 3, 0, 0),
	('VENS1026', 'Handle Venus R', 'PP WARNA', '20', '', 3, 11, 0, 0),
	('VENS1027', 'Handle Venus L', 'PP WARNA', '20', '', 3, 13, 0, 0),
	('VENS1028', 'Handle Venus R', 'PP WARNA', '20', '', 3, 7, 0, 0),
	('VENS1029', 'Handle Venus L', 'PP WARNA', '20', '', 3, 7, 0, 0),
	('VENS1030', 'Handle Venus R', 'PP WARNA', '20', '', 3, 6, 0, 0),
	('VENS1031', 'Handle Venus L', 'PP WARNA', '20', '', 3, 6, 0, 0),
	('VENS1032', 'Handle Venus R', 'PP WARNA', '20', '', 3, 3, 0, 0),
	('VENS1033', 'Handle Venus L', 'PP WARNA', '20', '', 3, 3, 0, 0),
	('VENS1034', 'Handle Venus R', 'PP BLACK', '21', '', 3, 11, 0, 0),
	('VENS1035', 'Handle Venus L', 'PP BLACK', '21', '', 3, 11, 0, 0),
	('VENS1036', 'Engsel Venus R', 'PP BLACK', '14,8', '', 3, 13, 0, 0),
	('VENS1037', 'Engsel Venus L', 'PP BLACK', '14,8', '', 3, 13, 0, 0),
	('VENS1038', 'Shortd Door Venus Super Hero R', 'PP BLACK', '416,5', '', 3, 8, 0, 0),
	('VENS1039', 'Shortd Door Venus Super Hero L', 'PP BLACK', '416,5', '', 3, 8, 0, 0),
	('VENS1040', 'Shortd Door Venus Super Hero R Key', 'PP BLACK', '416,5', '', 3, 8, 0, 0),
	('VENS1041', 'Shortd Door Venus Super Hero L Key', 'PP BLACK', '416,5', '', 3, 8, 0, 0),
	('VENS1042', 'Shortd Door Venus Dori Fish R', 'PP BLACK', '416,5', '', 3, 8, 0, 0),
	('VENS1043', 'Shortd Door Venus Dori Fish L', 'PP BLACK', '416,5', '', 3, 8, 0, 0),
	('VENS1044', 'Shortd Door Venus Dori Fish R Key ', 'PP BLACK', '416,5', '', 3, 8, 0, 0),
	('VENS1045', 'Shortd Door Venus Dori Fish L Key ', 'PP BLACK', '416,5', '', 3, 8, 0, 0),
	('VENS1046', 'Shortd Door Venus Flower 01 R', 'PP BLACK', '416,5', '', 3, 8, 0, 0),
	('VENS1047', 'Shortd Door Venus Flower 01 L', 'PP BLACK', '416,5', '', 3, 8, 0, 0),
	('VENS1048', 'Shortd Door Venus Key Flower 01 R', 'PP BLACK', '416,5', '', 3, 8, 0, 0),
	('VENS1049', 'Shortd Door Venus Key Flower 01 L', 'PP BLACK', '416,5', '', 3, 8, 0, 0),
	('VENS1050', 'Shortd Door Venus Flower 02 R', 'PP BLACK', '416,5', '', 3, 8, 0, 0),
	('VENS1051', 'Shoort Door Venus Flower 02 L ', 'PP BLACK', '416,5', '', 3, 8, 0, 0),
	('VENS1052', 'Shoort Door Venus Key Flower 02 R ', 'PP BLACK', '416,5', '', 3, 8, 0, 0),
	('VENS1053', 'Shoort Door Venus Key Flower 02 L ', 'PP BLACK', '416,5', '', 3, 8, 0, 0),
	('VENS1054', 'Shoort Door Venus Plaid 01 R ', 'PP BLACK', '416,5', '', 3, 8, 0, 0),
	('VENS1055', 'Shoort Door Venus Plaid 01 L ', 'PP BLACK', '416,5', '', 3, 8, 0, 0),
	('VENS1056', 'Shoort Door Venus Key Plaid 01 R ', 'PP BLACK', '416,5', '', 3, 8, 0, 0),
	('VENS1057', 'Shoort Door Venus Key Plaid 01 L ', 'PP BLACK', '416,5', '', 3, 8, 0, 0),
	('VENS1058', 'Shoort Door Venus Plaid 02 R ', 'PP BLACK', '416,5', '', 3, 8, 0, 0),
	('VENS1059', 'Shoort Door Venus Plaid 02 L ', 'PP BLACK', '416,5', '', 3, 8, 0, 0),
	('VENS1060', 'Shoort Door Venus Key Plaid 02 R ', 'PP BLACK', '416,5', '', 3, 8, 0, 0),
	('VENS1061', 'Shoort Door Venus Key Plaid 02 L ', 'PP BLACK', '416,5', '', 3, 8, 0, 0),
	('VENS1062', 'Shoort Door Venus New Baby A1 ', 'PP BLACK', '416,5', '', 3, 8, 0, 0),
	('VENS1063', 'Shoort Door Venus New Baby A2', 'PP BLACK', '416,5', '', 3, 8, 0, 0),
	('VENS1064', 'Shoort Door Venus New Baby A3', 'PP BLACK', '416,5', '', 3, 8, 0, 0),
	('VENS1065', 'Shoort Door Venus New Baby A4', 'PP BLACK', '416,5', '', 3, 8, 0, 0),
	('VENS1066', 'Shoort Door Venus New Baby A5', 'PP BLACK', '416,5', '', 3, 8, 0, 0),
	('VENS1067', 'Shoort Door Venus New Baby A6', 'PP BLACK', '416,5', '', 3, 8, 0, 0),
	('VENS1068', 'Shoort Door Venus New Baby A7', 'PP BLACK', '416,5', '', 3, 8, 0, 0),
	('VENS1069', 'Shoort Door Venus New Baby A8', 'PP BLACK', '416,5', '', 3, 8, 0, 0),
	('VENS1070', 'Shoort Door Venus New Baby A1  key', 'PP BLACK', '416,5', '', 3, 8, 0, 0),
	('VENS1071', 'Shoort Door Venus New Baby A2 key', 'PP BLACK', '416,5', '', 3, 8, 0, 0),
	('VENS1072', 'Shoort Door Venus New Baby A3 key', 'PP BLACK', '416,5', '', 3, 8, 0, 0),
	('VENS1073', 'Shoort Door Venus New Baby A4 key', 'PP BLACK', '416,5', '', 3, 8, 0, 0),
	('VENS1074', 'Shoort Door Venus New Baby A5 key', 'PP BLACK', '416,5', '', 3, 8, 0, 0),
	('VENS1075', 'Shoort Door Venus New Baby A6 key', 'PP BLACK', '416,5', '', 3, 8, 0, 0),
	('VENS1076', 'Shoort Door Venus New Baby A7 key', 'PP BLACK', '416,5', '', 3, 8, 0, 0),
	('VENS1077', 'Shoort Door Venus New Baby A8 key', 'PP BLACK', '416,5', '', 3, 8, 0, 0);
/*!40000 ALTER TABLE `komponen` ENABLE KEYS */;


-- Dumping structure for table ipak.komponen_keluar
CREATE TABLE IF NOT EXISTS `komponen_keluar` (
  `id_komponen` int(25) NOT NULL AUTO_INCREMENT,
  `tgl` datetime DEFAULT NULL,
  `code_komponen` char(50) DEFAULT NULL,
  `jumlah` char(20) DEFAULT NULL,
  PRIMARY KEY (`id_komponen`)
) ENGINE=InnoDB DEFAULT CHARSET=utf8mb4;

-- Dumping data for table ipak.komponen_keluar: ~0 rows (approximately)
/*!40000 ALTER TABLE `komponen_keluar` DISABLE KEYS */;
/*!40000 ALTER TABLE `komponen_keluar` ENABLE KEYS */;


-- Dumping structure for table ipak.mesin
CREATE TABLE IF NOT EXISTS `mesin` (
  `code_mesin` char(50) NOT NULL,
  `nama_mesin` varchar(100) DEFAULT NULL,
  `merk` varchar(100) DEFAULT NULL,
  `tahun_pembuatan` int(10) DEFAULT NULL,
  `kapasitas` char(50) DEFAULT NULL,
  `lokasi` varchar(50) DEFAULT NULL,
  `type` char(50) DEFAULT NULL,
  `pn_model` char(25) DEFAULT NULL,
  `sn` char(50) DEFAULT NULL,
  `refrigent` char(20) DEFAULT NULL,
  `phase` char(15) DEFAULT NULL,
  `volt` decimal(10,2) DEFAULT NULL,
  `arus` decimal(10,2) DEFAULT NULL,
  `hp` decimal(10,2) DEFAULT NULL,
  `daya` decimal(10,2) DEFAULT NULL,
  `berat` decimal(10,2) DEFAULT NULL,
  `temperatur` char(20) DEFAULT NULL,
  `hz` char(20) DEFAULT NULL,
  `rpm` int(20) DEFAULT NULL,
  `no_mfg` char(20) DEFAULT NULL,
  `isi_oli` decimal(10,2) DEFAULT NULL,
  `pole` decimal(10,2) DEFAULT NULL,
  PRIMARY KEY (`code_mesin`)
) ENGINE=InnoDB DEFAULT CHARSET=utf8mb4;

-- Dumping data for table ipak.mesin: ~56 rows (approximately)
/*!40000 ALTER TABLE `mesin` DISABLE KEYS */;
INSERT INTO `mesin` (`code_mesin`, `nama_mesin`, `merk`, `tahun_pembuatan`, `kapasitas`, `lokasi`, `type`, `pn_model`, `sn`, `refrigent`, `phase`, `volt`, `arus`, `hp`, `daya`, `berat`, `temperatur`, `hz`, `rpm`, `no_mfg`, `isi_oli`, `pole`) VALUES
	('AR01', 'AIR DRYER', 'CKD', 0, '', 'MOULD SHOP', 'SHM - 1400', '', 'H-4812', '', '', 220.00, 0.00, 0.00, 0.00, 6800.00, '', '50/60', 0, '', 0.00, 0.00),
	('CHL01', 'MESIN CHILLER WENSUI', 'WENSUI', 0, '', 'MAINTENANCE', 'WS1W', '5', 'I1282074', 'R22', '', 380.00, 0.00, 0.00, 4.00, 48.00, '', '50', 0, '', 0.00, 0.00),
	('CHL02', 'MESIN CHILLER WENSUI', 'WENSUI', 0, '', 'MAINTENANCE', '', '', '', '', '', 0.00, 0.00, 0.00, 0.00, 0.00, '', '', 0, '', 0.00, 0.00),
	('KOMPP001', 'KOMPRESSOR PISTON', 'HITACHI', 12, '', 'LT2. HOT PRINTING', 'KW13-04', '', '', '', '', 350.00, 7.00, 1.00, 0.00, 74.00, '', '50', 2800, '71507', 0.00, 4.00),
	('KOMPP002', 'KOMPRESSOR PISTON', 'KRISBOW', 2007, '', 'KANTIN', '7.5 P-9.5V5A', '', '14/11021', '', '3', 380.00, 14.50, 10.00, 7.00, 0.00, '', '50', 1435, '40720017', 1.00, 4.00),
	('KOMPP003', 'KOMPRESSOR PISTON', 'HITACHI', 23, '235 LTR', 'BONGKAR MUAT', 'SVU 212', '', '', '', '1', 220.00, 5.00, 0.00, 0.00, 106.00, '', '50', 1400, '', 0.00, 4.00),
	('KOMPP004', 'KOMPRESSOR PISTON', 'SWAN', 0, '', 'LT2 LAB', 'SVP - 205', '6306ZZ', 'BS EN 60034', '', '3', 220.00, 13.80, 5.00, 3.00, 42.00, '40', '50', 1460, 'P356000044', 1.00, 4.00),
	('KOMPP005', 'KOMPRESSOR PISTON', 'SWAN', 2006, '', 'PRODUKSI MIXING', 'BST-315', '6310 ZZ - 6208 ZZ', '899042', '', '3', 380.00, 21.80, 15.00, 12.00, 0.00, '40', '', 1455, '11600120', 2.00, 4.00),
	('KOMPP006', 'KOMPRESSOR PISTON', 'SWAN', 2010, '', 'GUDANG BAHAN', '7.5P-9.5V5A', '', '', '', '3', 380.00, 14.50, 10.00, 7.00, 0.00, '', '50', 1435, '14050022', 1.00, 4.00),
	('KOMPP007', 'KOMPRESSOR PISTON', 'HITACHI', 2014, '', 'GUDANG BAHAN', 'GK-110A', 'BMDBL4PU1K', '6309ZZ-6307ZZ', '', '3', 0.00, 0.00, 0.00, 15.00, 0.00, '40', '50', 0, '110008', 2.00, 4.00),
	('KOMPP008', 'KOMPRESSOR PISTON', 'MEIJI', 0, '260 LTR', 'MOULD SHOP', 'PK-100300A', '', '', '', '3', 380.00, 15.00, 10.00, 7.00, 0.00, '40', '50', 1538, 'W7050456', 1.00, 4.00),
	('KOMPP009', 'KOMPRESSOR PISTON', 'PUMA', 2013, '', 'PRODUKSI INJECT', 'PK 30-120', '7AA100L04K', '60034', '', '3', 220.00, 8.50, 3.00, 2.00, 22.00, '40', '50', 1420, 'UD 0808/1163807-005-', 0.00, 4.00),
	('KOMPP010', 'KOMPRESSOR PISTON', 'PUMA', 2009, '', 'PRODUKSI INJECT', 'BV-55', 'BDCW', 'C1128008', '', '1', 220.00, 7.00, 1.00, 0.00, 0.00, '65', '50', 1420, '', 0.00, 4.00),
	('KOMPP011', 'KOMPRESSOR PISTON', 'PHANTER', 2005, '', 'MAINTENANCE', 'KW13-04', '', '', '', '1', 220.00, 0.00, 1.00, 0.00, 74.00, '', '', 770, '', 0.00, 4.00),
	('KOMPP012', 'KOMPRESSOR PISTON', 'KRISBOW', 0, '145 LTR', 'MAINTENANCE', '', '', '', '', '', 0.00, 0.00, 0.00, 0.00, 0.00, '', '', 0, '', 0.00, 0.00),
	('MCCH001', 'CH 50 TN', 'CHIA SHING', 0, '50', 'PRODUKSI INJECT', '', '', '', '', '', 0.00, 0.00, 0.00, 0.00, 0.00, '', '', 0, '', 0.00, 0.00),
	('MCCLF001', 'CLF 600 TN', 'CLF', 0, '600', 'PRODUKSI INJECT', '', '', '', '', '', 0.00, 0.00, 0.00, 0.00, 0.00, '', '', 0, '', 0.00, 0.00),
	('MCCLF002', 'CLF 600 TN', 'CLF', 0, '600', 'PRODUKSI INJECT', '', '', '', '', '', 0.00, 0.00, 0.00, 0.00, 0.00, '', '', 0, '', 0.00, 0.00),
	('MCCLF003', 'CLF 500 TN', 'CLF', 0, '500', 'PRODUKSI INJECT', '', '', '', '', '', 0.00, 0.00, 0.00, 0.00, 0.00, '', '', 0, '', 0.00, 0.00),
	('MCCLF004', 'CLF 400 TN', 'CLF', 0, '400', 'PRODUKSI INJECT', '', '', '', '', '', 0.00, 0.00, 0.00, 0.00, 0.00, '', '', 0, '', 0.00, 0.00),
	('MCCLF005', 'CLF 400 TN', 'CLF', 0, '400', 'PRODUKSI INJECT', '', '', '', '', '', 0.00, 0.00, 0.00, 0.00, 0.00, '', '', 0, '', 0.00, 0.00),
	('MCCLF006', 'CLF 400 TN', 'CLF', 0, '400', 'PRODUKSI INJECT', '', '', '', '', '', 0.00, 0.00, 0.00, 0.00, 0.00, '', '', 0, '', 0.00, 0.00),
	('MCCLF007', 'CLF 400 TN', 'CLF', 0, '400', 'PRODUKSI INJECT', '', '', '', '', '', 0.00, 0.00, 0.00, 0.00, 0.00, '', '', 0, '', 0.00, 0.00),
	('MCHC001', 'HWA CHIN 1250', 'HWA CHIN', 0, '1250', 'PRODUKSI INJECT', '', 'HC-01250CLS', '1250CLSM II', '', '3P', 220.00, 429.00, 60.00, 90.00, 60.00, '', '60', 0, '', 0.00, 0.00),
	('MCHC002', 'HWA CHIN 1250-1', 'HWA CHIN', 0, '1250', 'PRODUKSI INJECT', '', 'KM 650', '', '', '', 0.00, 0.00, 0.00, 0.00, 0.00, '', '', 0, '', 0.00, 0.00),
	('MCHC003', 'HWA CHIN 300', 'HWA CHIN', 0, '300', 'PRODUKSI INJECT', '', '', '', '', '', 0.00, 0.00, 0.00, 0.00, 0.00, '', '', 0, '', 0.00, 0.00),
	('MCHC004', 'HC 240', 'HWA CHIN', 0, '240', 'PRODUKSI INJECT', '', '', '', '', '', 0.00, 0.00, 0.00, 0.00, 0.00, '', '', 0, '', 0.00, 0.00),
	('MCHT001', 'HAITIAN 1600 (540e)', 'HAITIAN', 0, '160', 'PRODUKSI INJECT', '', 'MA1200', '2,01E+14', '', '3P', 380.00, 0.00, 0.00, 22.00, 0.00, '', '50', 0, '', 0.00, 0.00),
	('MCHT002', 'HAITIAN 1200 (370)', 'HAITIAN', 0, '120', 'PRODUKSI INJECT', '', 'MA 1200 E', '', '', '3P', 380.00, 0.00, 0.00, 22.00, 0.00, '', '50', 0, '', 0.00, 0.00),
	('MCHT003', 'HAITIAN 1200 (370e)', 'HAITIAN', 0, '120', 'PRODUKSI INJECT', '', 'MA 600 E', '2,01E+14', '', '3P', 380.00, 0.00, 0.00, 12.00, 0.00, '', '50', 0, '', 0.00, 0.00),
	('MCHT004', 'HAITIAN 600 (150e)', 'HAITIAN', 0, '60', 'PRODUKSI INJECT', '', '', '', '', '', 0.00, 0.00, 0.00, 0.00, 0.00, '', '', 0, '', 0.00, 0.00),
	('MCKW001', 'KAWAGUCHI KM 650', 'KAWAGUCHI', 0, '650', 'PRODUKSI INJECT', '', 'KM 651', '', '', '', 0.00, 0.00, 0.00, 0.00, 0.00, '', '', 0, '', 0.00, 0.00),
	('MCKW002', 'KAWAGUCHI KM 650-1', 'KAWAGUCHI', 0, '650', 'PRODUKSI INJECT', '', 'TS6500 TW-59A', '617908', '', '', 0.00, 0.00, 0.00, 0.00, 0.00, '', '', 0, '', 0.00, 0.00),
	('MCSM001', 'SM 350', 'SM', 0, '350', 'PRODUKSI INJECT', '', '', '', '', '', 0.00, 0.00, 0.00, 0.00, 0.00, '', '', 0, '', 0.00, 0.00),
	('MCSM002', 'SM 250', 'SM', 0, '250', 'PRODUKSI INJECT', '', '', '', '', '', 0.00, 0.00, 0.00, 0.00, 0.00, '', '', 0, '', 0.00, 0.00),
	('MCTMC001', 'TMC 350 ES', 'TMC', 0, '350', 'PRODUKSI INJECT', '', '', '', '', '', 0.00, 0.00, 0.00, 0.00, 0.00, '', '', 0, '', 0.00, 0.00),
	('MCTMC002', 'TMC 350 ES', 'TMC', 0, '350', 'PRODUKSI INJECT', '', '', '', '', '', 0.00, 0.00, 0.00, 0.00, 0.00, '', '', 0, '', 0.00, 0.00),
	('MCTMC003', 'TMC 200 ES', 'TMC', 0, '200', 'PRODUKSI INJECT', '', 'TMC 200 ES', 'WL10149', '', '3P', 380.00, 0.00, 0.00, 22.00, 0.00, '', '50', 0, '', 0.00, 0.00),
	('MCTMC004', 'TMC 200 ES', 'TMC', 0, '200', 'PRODUKSI INJECT', '', 'TMC 200 ES', 'WL10152', '', '3P', 380.00, 0.00, 0.00, 22.00, 0.00, '', '50', 0, '', 0.00, 0.00),
	('MCTMC005', 'TMC 200 ES', 'TMC', 0, '200', 'PRODUKSI INJECT', '', 'TMC 200 ES', 'WL10151', '', '3P', 380.00, 0.00, 0.00, 22.00, 0.00, '', '50', 0, '', 0.00, 0.00),
	('MCTMC006', 'TMC 200 ES', 'TMC', 0, '200', 'PRODUKSI INJECT', '', 'MA1600', '2,01E+14', '', '3P', 380.00, 0.00, 0.00, 24.00, 0.00, '', '50', 0, '', 0.00, 0.00),
	('MCTSB001', 'TOSHIBA 850', 'TOSHIBA', 0, '850', 'PRODUKSI INJECT', '', 'HG-1250 CLS', '1250 CLSM10', '', '3P', 220.00, 429.00, 60.00, 90.00, 60.00, '', '50', 0, '', 0.00, 0.00),
	('MCTSB002', 'TOSHIBA IS 650', 'TOSHIBA', 0, '650', 'PRODUKSI INJECT', '', '', '', '', '', 0.00, 0.00, 0.00, 0.00, 0.00, '', '', 0, '', 0.00, 0.00),
	('MCTSB003', 'TOSHIBA IS 650', 'TOSHIBA', 0, '650', 'PRODUKSI INJECT', '', '', '', '', '', 0.00, 0.00, 0.00, 0.00, 0.00, '', '', 0, '', 0.00, 0.00),
	('MCTSB004', 'TSB IS 550 GS', 'TOSHIBA', 0, '550', 'PRODUKSI INJECT', '', '', '', '', '', 0.00, 0.00, 0.00, 0.00, 0.00, '', '', 0, '', 0.00, 0.00),
	('MCTSB005', 'TOSHIBA 650 GT', 'TOSHIBA', 0, '650', 'PRODUKSI INJECT', '', 'IS220FA-10A', '263712', '', '3P', 4.00, 0.00, 0.00, 0.00, 0.00, '', '50', 0, '', 0.00, 0.00),
	('MCTSB006', 'TOSHIBA IS 220', 'TOSHIBA', 0, '220', 'PRODUKSI INJECT', '', 'TMC 200 ES', 'WK05064', '', '3P', 380.00, 0.00, 0.00, 22.00, 0.00, '', '50', 0, '', 0.00, 0.00),
	('MTC01', 'MESIN MTC 01', 'WENSUI', 0, '', 'KANTIN MILLE', 'WSTO', '12', 'T110366', '', '', 380.00, 0.00, 0.00, 12.00, 0.00, '', '50', 0, '', 0.00, 0.00),
	('MTC02', 'MESIN MTC 02', 'WENSUI', 0, '', 'KANTIN MILLE', 'WSTO', '6', 'T110902', '', '', 380.00, 0.00, 0.00, 6.00, 0.00, '', '50', 0, '', 0.00, 0.00),
	('MTC03', 'MESIN MTC 03', 'WENSUI', 0, '', 'KANTIN MILLE', 'WSTO', '06W', 'T170767', '', '', 380.00, 0.00, 0.00, 8.00, 0.00, '', '50', 0, '', 0.00, 0.00),
	('MTC04', 'MESIN MTC 04', 'WENSUI', 0, '', 'SAS', 'WSTO', '12U', 'T170788', '', '', 380.00, 0.00, 0.00, 13.00, 0.00, '', '', 0, '', 0.00, 0.00),
	('MTC05', 'MESIN MTC 05', 'WENSUI', 0, '', 'KANTIN MILLE', 'WSTO', '09U', 'T170788', '', '', 380.00, 0.00, 0.00, 9.00, 0.00, '', '50', 0, '', 0.00, 0.00),
	('MTC06', 'MESIN MTC 06', 'WENSUI', 0, '', 'SAS', 'BSOD 6/S/601/MV', 'XWB1161W02', '00E4013', '', '', 400.00, 11.00, 0.00, 6.00, 65.00, '150', '50', 0, '', 0.00, 0.00),
	('MTC07', 'MESIN MTC 07', 'SELLA', 22, '', 'KANTIN MILLE', 'T 162 E', 'CH-8583', '22-05503-36', '', '', 415.00, 0.00, 0.00, 12.00, 0.00, '', '50', 0, '', 0.00, 0.00),
	('MTC08', 'MESIN MTC 08', 'SULGEN', 0, '', 'KANTIN MILLE', '', '', '', '', '', 0.00, 0.00, 0.00, 0.00, 0.00, '', '', 0, '', 0.00, 0.00);
/*!40000 ALTER TABLE `mesin` ENABLE KEYS */;


-- Dumping structure for table ipak.proses_crusher
CREATE TABLE IF NOT EXISTS `proses_crusher` (
  `id_proses_crusher` int(15) NOT NULL AUTO_INCREMENT,
  `id_tanggal` int(15) DEFAULT NULL,
  `operator` varchar(50) DEFAULT NULL,
  `code_bahan` char(15) DEFAULT NULL,
  `qty_pakai` decimal(10,2) DEFAULT NULL,
  `bahan_crusher` char(15) DEFAULT NULL,
  `total_hasil` decimal(10,2) DEFAULT NULL,
  PRIMARY KEY (`id_proses_crusher`),
  KEY `code_bahan` (`code_bahan`),
  KEY `id_tanggal` (`id_tanggal`),
  KEY `id_detail_bahan_utama` (`bahan_crusher`),
  CONSTRAINT `proses_crusher_ibfk_1` FOREIGN KEY (`code_bahan`) REFERENCES `kode_bahan` (`kode_bahan`),
  CONSTRAINT `proses_crusher_ibfk_3` FOREIGN KEY (`id_tanggal`) REFERENCES `tanggal_proses_crusher` (`id_tanggal_crusher`),
  CONSTRAINT `proses_crusher_ibfk_4` FOREIGN KEY (`bahan_crusher`) REFERENCES `kode_bahan` (`kode_bahan`)
) ENGINE=InnoDB AUTO_INCREMENT=34 DEFAULT CHARSET=utf8mb4;

-- Dumping data for table ipak.proses_crusher: ~34 rows (approximately)
/*!40000 ALTER TABLE `proses_crusher` DISABLE KEYS */;
INSERT INTO `proses_crusher` (`id_proses_crusher`, `id_tanggal`, `operator`, `code_bahan`, `qty_pakai`, `bahan_crusher`, `total_hasil`) VALUES
	(1, 646484375, 'Sandy', 'AL034', 245.00, 'AC039', 245.00),
	(2, 646484375, 'Sandy', 'AL060', 866.00, 'AC002', 866.00),
	(3, 982360840, 'Sandy', 'AL060', 914.00, 'AC002', 914.00),
	(4, 235321045, 'Sandy', 'AL034', 125.00, 'AC039', 125.00),
	(5, 235321045, 'Sandy', 'AL060', 538.00, 'AC002', 538.00),
	(6, 843536377, 'Sandy', 'AL044', 50.00, 'AC056', 50.00),
	(7, 292785644, 'Sandy', 'AL018', 892.00, 'AC057', 892.00),
	(8, 292785644, 'Sandy', 'AL057', 188.00, 'AC041', 188.00),
	(9, 806457520, 'Sandy', 'AL057', 661.00, 'AC041', 661.00),
	(10, 806457520, 'Sandy', 'AL034', 280.00, 'AC039', 280.00),
	(11, 630371094, 'Sandy', 'AL034', 205.00, 'AC039', 205.00),
	(12, 630371094, 'Sandy', 'AL018', 1245.00, 'AC057', 1245.00),
	(13, 710327149, 'Sandy', 'AL060', 1405.00, 'AC002', 1405.00),
	(14, 710327149, 'Sandy', 'AL057', 327.00, 'AC041', 327.00),
	(15, 634124756, 'Sandy', 'AL060', 299.00, 'AC002', 299.00),
	(16, 634124756, 'Sandy', 'AL034', 251.00, 'AC039', 251.00),
	(17, 634124756, 'Sandy', 'AL018', 1260.00, 'AC057', 1260.00),
	(18, 699462891, 'Sandy', 'AL087', 844.00, 'AC058', 844.00),
	(19, 337188721, 'Sandy', 'AL034', 300.00, 'AC039', 300.00),
	(20, 181304931, 'Sandy', 'AL034', 216.00, 'AC039', 216.00),
	(21, 181304931, 'Sandy', 'AL087', 566.00, 'AC058', 566.00),
	(22, 181304931, 'Sandy', 'AL060', 524.00, 'AC002', 524.00),
	(23, 181304931, 'Sandy', 'AL003', 5.00, 'AC004', 5.00),
	(24, 181304931, 'Sandy', 'AL010', 221.00, 'AC055', 221.00),
	(25, 114685058, 'Sandy', 'AL057', 366.00, 'AC041', 366.00),
	(26, 114685058, 'Sandy', 'AL011', 322.00, 'AC019', 322.00),
	(27, 114685058, 'Sandy', 'AL010', 61.00, 'AC055', 61.00),
	(28, 114685058, 'Sandy', 'AL044', 75.00, 'AC019', 75.00),
	(29, 114685058, 'Sandy', 'AL018', 511.00, 'AC057', 511.00),
	(30, 493194580, 'Sandy', 'AL060', 1834.00, 'AC002', 1834.00),
	(31, 244323730, 'Sandy', 'AL034', 424.00, 'AC039', 424.00),
	(32, 664276123, 'Sandy', 'AL087', 663.00, 'AC058', 663.00),
	(33, 48461914, 'Sandy', 'AL034', 163.00, 'AC039', 163.00);
/*!40000 ALTER TABLE `proses_crusher` ENABLE KEYS */;


-- Dumping structure for table ipak.proses_komponen
CREATE TABLE IF NOT EXISTS `proses_komponen` (
  `id_proses` int(15) NOT NULL AUTO_INCREMENT,
  `tgl` int(15) DEFAULT NULL,
  `regu` enum('A','B','C') DEFAULT NULL,
  `shift` enum('1','2','3') DEFAULT NULL,
  `jam_mulai` time DEFAULT NULL,
  `jam_selesai` time DEFAULT NULL,
  `nama_operator` varchar(100) DEFAULT NULL,
  `kode_mesin` char(50) DEFAULT NULL,
  `code_komponen` char(50) DEFAULT NULL,
  `bahan_pakai` decimal(10,2) DEFAULT NULL,
  `produksi_ok` char(50) DEFAULT NULL,
  `produksi_ng` char(50) DEFAULT NULL,
  PRIMARY KEY (`id_proses`),
  KEY `code_komponen` (`code_komponen`),
  KEY `kode_mesin` (`kode_mesin`),
  KEY `tgl` (`tgl`),
  CONSTRAINT `proses_komponen_ibfk_1` FOREIGN KEY (`code_komponen`) REFERENCES `komponen` (`code_komponen`),
  CONSTRAINT `proses_komponen_ibfk_2` FOREIGN KEY (`kode_mesin`) REFERENCES `mesin` (`code_mesin`),
  CONSTRAINT `proses_komponen_ibfk_3` FOREIGN KEY (`tgl`) REFERENCES `tanggal_komponen` (`id_tgl`)
) ENGINE=InnoDB AUTO_INCREMENT=24 DEFAULT CHARSET=utf8mb4;

-- Dumping data for table ipak.proses_komponen: ~8 rows (approximately)
/*!40000 ALTER TABLE `proses_komponen` DISABLE KEYS */;
INSERT INTO `proses_komponen` (`id_proses`, `tgl`, `regu`, `shift`, `jam_mulai`, `jam_selesai`, `nama_operator`, `kode_mesin`, `code_komponen`, `bahan_pakai`, `produksi_ok`, `produksi_ng`) VALUES
	(16, 48675537, 'A', '1', '13:00:00', '15:00:00', 'Fatur', 'MCHC002', 'PK1002', 670.00, '62', '3'),
	(17, 48675537, 'A', '1', '13:00:00', '15:00:00', 'Abdul Ugi', 'MCHC002', 'PK1002', 670.00, '210', '3'),
	(18, 48675537, 'A', '3', '23:00:00', '07:00:00', 'Kholid', 'MCHC002', 'PK1002', 670.00, '234', '6'),
	(19, 48675537, 'A', '1', '07:00:00', '15:00:00', 'irfan', 'MCTMC005', 'LACI1011', 16.00, '105', '0'),
	(20, 48675537, 'A', '1', '07:00:00', '15:00:00', 'Irfan', 'MCTMC003', 'PK1013', 56.00, '375', '0'),
	(21, 48675537, 'A', '1', '07:00:00', '15:00:00', 'Fatur', 'MCHT003', 'LACI1010', 42.00, '500', '0'),
	(22, 48675537, 'A', '1', '07:00:00', '15:00:00', 'Fatur', 'MCHT003', 'LACI1010', 42.00, '500', '0'),
	(23, 48675537, 'A', '1', '07:00:00', '15:00:00', 'Fatur', 'MCHT003', 'LACI1010', 42.00, '500', '0');
/*!40000 ALTER TABLE `proses_komponen` ENABLE KEYS */;


-- Dumping structure for table ipak.proses_recycle
CREATE TABLE IF NOT EXISTS `proses_recycle` (
  `id_proses` int(15) NOT NULL AUTO_INCREMENT,
  `id_tanggal_proses` int(20) DEFAULT NULL,
  `shift` enum('1','2','3') DEFAULT NULL,
  `line` enum('A','B') DEFAULT NULL,
  `jam_mulai` time DEFAULT NULL,
  `jam_selesai` time DEFAULT NULL,
  `kode_bahan` char(15) DEFAULT NULL,
  `qty_ambil` int(50) DEFAULT NULL,
  `sortir` enum('sortir','non-sortir') DEFAULT NULL,
  `id_detail_bahan_utama` int(15) DEFAULT NULL,
  `hasil` int(50) DEFAULT NULL,
  `bekuan` int(50) DEFAULT NULL,
  `saringan` decimal(10,2) DEFAULT NULL,
  `susut` decimal(10,2) DEFAULT NULL,
  `ceklist` enum('sudah','belum') DEFAULT 'belum',
  PRIMARY KEY (`id_proses`),
  KEY `id_tanggal_proses` (`id_tanggal_proses`),
  KEY `kode_bahan` (`kode_bahan`),
  KEY `id_detail_bahan_utama` (`id_detail_bahan_utama`),
  CONSTRAINT `proses_recycle_ibfk_3` FOREIGN KEY (`id_tanggal_proses`) REFERENCES `tanggal_proses_recycle` (`id_proses`),
  CONSTRAINT `proses_recycle_ibfk_4` FOREIGN KEY (`kode_bahan`) REFERENCES `kode_bahan` (`kode_bahan`),
  CONSTRAINT `proses_recycle_ibfk_5` FOREIGN KEY (`id_detail_bahan_utama`) REFERENCES `detail_bahan_utama` (`id_detail_bahan_utama`)
) ENGINE=InnoDB AUTO_INCREMENT=36 DEFAULT CHARSET=utf8mb4;

-- Dumping data for table ipak.proses_recycle: ~29 rows (approximately)
/*!40000 ALTER TABLE `proses_recycle` DISABLE KEYS */;
INSERT INTO `proses_recycle` (`id_proses`, `id_tanggal_proses`, `shift`, `line`, `jam_mulai`, `jam_selesai`, `kode_bahan`, `qty_ambil`, `sortir`, `id_detail_bahan_utama`, `hasil`, `bekuan`, `saringan`, `susut`, `ceklist`) VALUES
	(1, 716278076, '1', 'B', '10:00:00', '19:00:00', 'AL068', 858, 'non-sortir', 321, 800, 39, 4.45, 14.55, 'belum'),
	(2, 716278076, '2', 'A', '19:00:00', '07:00:00', 'AC039', 245, 'sortir', 323, 225, 17, 0.65, 2.35, 'belum'),
	(3, 716278076, '2', 'A', '19:00:00', '07:00:00', 'AC002', 506, 'sortir', 346, 500, 3, 0.65, 2.35, 'belum'),
	(4, 716278076, '2', 'A', '19:00:00', '07:00:00', 'AL068', 434, 'non-sortir', 321, 375, 47, 2.80, 9.20, 'belum'),
	(5, 91674804, '2', 'A', '07:00:00', '19:00:00', 'AL068', 737, 'non-sortir', 321, 700, 24, 2.95, 10.05, 'belum'),
	(6, 91674804, '2', 'A', '19:00:00', '07:00:00', 'AL068', 654, 'non-sortir', 321, 625, 19, 2.30, 7.70, 'belum'),
	(7, 391845703, '1', 'A', '10:00:00', '19:00:00', 'AC002', 914, 'sortir', 346, 875, 29, 2.10, 7.90, 'belum'),
	(8, 391845703, '1', 'A', '10:00:00', '19:00:00', 'AC039', 170, 'sortir', 346, 170, 0, 0.00, 0.00, 'belum'),
	(9, 391845703, '2', 'B', '19:00:00', '07:00:00', 'AC002', 270, 'sortir', 346, 250, 17, 0.65, 2.35, 'belum'),
	(10, 391845703, '2', 'B', '19:00:00', '07:00:00', 'AC039', 125, 'sortir', 323, 125, 0, 0.00, 0.00, 'belum'),
	(11, 391845703, '2', 'A', '19:00:00', '07:00:00', 'AL068', 807, 'non-sortir', 321, 725, 65, 3.85, 13.15, 'belum'),
	(13, 462921143, '1', 'A', '07:00:00', '19:00:00', 'AL068', 959, 'non-sortir', 321, 900, 40, 4.35, 14.65, 'belum'),
	(14, 462921143, '2', 'B', '19:00:00', '07:00:00', 'AL068', 1145, 'non-sortir', 321, 1050, 74, 4.95, 16.05, 'belum'),
	(16, 931793213, '1', 'A', '08:00:00', '19:00:00', 'AC002', 84, 'sortir', 3, 65, 17, 0.65, 1.35, 'belum'),
	(17, 931793213, '1', 'A', '08:00:00', '19:00:00', 'AC002', 360, 'sortir', 3, 350, 8, 0.45, 1.55, 'belum'),
	(18, 931793213, '1', 'A', '08:00:00', '19:00:00', 'AC039', 280, 'sortir', 323, 250, 26, 0.80, 3.20, 'belum'),
	(19, 931793213, '1', 'A', '08:00:00', '19:00:00', 'AC002', 357, 'sortir', 3, 343, 10, 0.80, 3.20, 'belum'),
	(20, 931793213, '1', 'A', '08:00:00', '19:00:00', 'AC002', 357, 'sortir', 3, 343, 10, 0.80, 3.20, 'belum'),
	(21, 931793213, '2', 'B', '19:00:00', '07:00:00', 'AC057', 717, 'sortir', 320, 600, 79, 4.75, 33.25, 'belum'),
	(22, 624237061, '1', 'A', '07:00:00', '19:00:00', 'AC041', 920, 'sortir', 347, 775, 110, 2.35, 32.65, 'belum'),
	(23, 624237061, '1', 'A', '07:00:00', '19:00:00', 'AC039', 205, 'sortir', 323, 200, 3, 0.45, 1.55, 'belum'),
	(24, 624237061, '1', 'A', '07:00:00', '19:00:00', 'AL068', 146, 'non-sortir', 321, 125, 18, 0.65, 2.35, 'belum'),
	(25, 624237061, '2', 'B', '19:00:00', '07:00:00', 'AL068', 1209, 'non-sortir', 321, 1100, 86, 5.45, 17.55, 'belum'),
	(26, 13275146, '1', 'A', '07:00:00', '19:00:00', 'AC002', 1005, 'sortir', 321, 925, 62, 4.20, 13.80, 'belum'),
	(27, 13275146, '1', 'A', '07:00:00', '19:00:00', 'AC039', 75, 'sortir', 323, 75, 0, 0.00, 0.00, 'belum'),
	(28, 13275146, '1', 'A', '07:00:00', '19:00:00', 'AL068', 159, 'non-sortir', 321, 150, 7, 0.45, 1.55, 'belum'),
	(29, 13275146, '2', 'B', '19:00:00', '07:00:00', 'AL068', 1237, 'non-sortir', 321, 1150, 63, 5.70, 18.30, 'belum'),
	(31, 121002197, '1', 'B', '15:00:00', '22:00:00', 'AL068', 735, 'non-sortir', 321, 700, 27, 1.80, 6.20, 'belum'),
	(32, 607269287, '1', 'B', '10:00:00', '19:00:00', 'AC058', 844, 'sortir', 346, 800, 40, 0.80, 3.20, 'belum'),
	(33, 607269287, '1', 'B', '10:00:00', '19:00:00', 'AC002', 401, 'sortir', 346, 375, 20, 1.20, 4.80, 'belum'),
	(35, 882446289, '2', 'A', '10:00:00', '19:00:00', 'AC039', 176, 'sortir', 323, 167, 7, 0.45, 1.55, 'belum');
/*!40000 ALTER TABLE `proses_recycle` ENABLE KEYS */;


-- Dumping structure for table ipak.spbg_bahan_baku
CREATE TABLE IF NOT EXISTS `spbg_bahan_baku` (
  `no_spbg` char(50) NOT NULL,
  `tanggal` date DEFAULT NULL,
  `kode_bahan` int(15) DEFAULT NULL,
  `jumlah` decimal(10,2) DEFAULT NULL,
  `keterangan` varchar(100) DEFAULT NULL,
  `cek` enum('sudah','belum') DEFAULT 'belum',
  PRIMARY KEY (`no_spbg`),
  KEY `kode_bahan` (`kode_bahan`),
  CONSTRAINT `spbg_bahan_baku_ibfk_1` FOREIGN KEY (`kode_bahan`) REFERENCES `detail_bahan_utama` (`id_detail_bahan_utama`)
) ENGINE=InnoDB DEFAULT CHARSET=utf8mb4;

-- Dumping data for table ipak.spbg_bahan_baku: ~0 rows (approximately)
/*!40000 ALTER TABLE `spbg_bahan_baku` DISABLE KEYS */;
/*!40000 ALTER TABLE `spbg_bahan_baku` ENABLE KEYS */;


-- Dumping structure for table ipak.supplier
CREATE TABLE IF NOT EXISTS `supplier` (
  `id_supplier` int(10) NOT NULL AUTO_INCREMENT,
  `nama_supplier` varchar(50) DEFAULT NULL,
  `alamat` text,
  `no_tlp` varchar(50) DEFAULT NULL,
  PRIMARY KEY (`id_supplier`)
) ENGINE=InnoDB AUTO_INCREMENT=60 DEFAULT CHARSET=utf8mb4;

-- Dumping data for table ipak.supplier: ~41 rows (approximately)
/*!40000 ALTER TABLE `supplier` DISABLE KEYS */;
INSERT INTO `supplier` (`id_supplier`, `nama_supplier`, `alamat`, `no_tlp`) VALUES
	(17, 'Ismail \r', NULL, NULL),
	(18, 'Pendi \r', NULL, NULL),
	(19, 'Andre \r', NULL, NULL),
	(20, 'Saiful \r', NULL, NULL),
	(21, 'Bp Ikhyal \r', NULL, NULL),
	(22, 'Bp Hendra \r', NULL, NULL),
	(23, 'Cucu \r', NULL, NULL),
	(24, 'Rojak \r', NULL, NULL),
	(25, 'Lama \r', NULL, NULL),
	(26, 'PDP \r', NULL, NULL),
	(27, 'MKL \r', NULL, NULL),
	(28, 'MSP \r', NULL, NULL),
	(29, 'Hendra \r', NULL, NULL),
	(30, 'Herdi \r', NULL, NULL),
	(31, 'Deny \r', NULL, NULL),
	(32, 'Asep \r', NULL, NULL),
	(33, 'Siful \r', NULL, NULL),
	(34, 'Mille \r', NULL, NULL),
	(35, 'NN  \r', NULL, NULL),
	(36, 'SAS \r', NULL, NULL),
	(37, 'MKL\r', NULL, NULL),
	(38, 'Sunarya\r', NULL, NULL),
	(39, 'PDP (Cust)\r', NULL, NULL),
	(40, 'Bahan Lama\r', NULL, NULL),
	(41, 'Rojak\r', NULL, NULL),
	(42, 'TOP\r', NULL, NULL),
	(43, 'Mille\r', NULL, NULL),
	(44, 'Mille \r', NULL, NULL),
	(45, 'Cucu\r', NULL, NULL),
	(46, 'Artha (Cust)\r', NULL, NULL),
	(47, 'Alex\r', NULL, NULL),
	(48, 'Sinun\r', NULL, NULL),
	(49, 'SAS\r', NULL, NULL),
	(50, 'PT Silicaindo\r', NULL, NULL),
	(51, 'Regi\r', NULL, NULL),
	(52, 'Ahmad\r', NULL, NULL),
	(53, 'MSP\r', NULL, NULL),
	(54, 'MAGFIROH\r', NULL, NULL),
	(55, 'Johan\r', NULL, NULL),
	(56, 'Salawi\r', NULL, NULL),
	(57, 'Amir\r', NULL, NULL),
	(58, 'ROBY', 'BALARAJA', '-'),
	(59, 'Andi', 'CIKANDE', '-');
/*!40000 ALTER TABLE `supplier` ENABLE KEYS */;


-- Dumping structure for table ipak.tanggal_bahan_lapak
CREATE TABLE IF NOT EXISTS `tanggal_bahan_lapak` (
  `id_tanggal` int(11) NOT NULL,
  `tanggal` date DEFAULT NULL,
  `no_surat` varchar(50) DEFAULT NULL,
  `plat` varchar(25) DEFAULT NULL,
  `supir` varchar(50) DEFAULT NULL,
  PRIMARY KEY (`id_tanggal`)
) ENGINE=InnoDB DEFAULT CHARSET=utf8mb4;

-- Dumping data for table ipak.tanggal_bahan_lapak: ~35 rows (approximately)
/*!40000 ALTER TABLE `tanggal_bahan_lapak` DISABLE KEYS */;
INSERT INTO `tanggal_bahan_lapak` (`id_tanggal`, `tanggal`, `no_surat`, `plat`, `supir`) VALUES
	(29937744, '2025-05-05', '050525', '-', '-'),
	(38635253, '2025-05-28', '280525', '-', '-'),
	(57220459, '2025-05-13', '130525', '-', '-'),
	(86547851, '2025-05-02', '020525', 'B 9464 TP', 'TOPIK'),
	(138916015, '2025-05-16', '160525', 'B 9951 OB', 'TOPIK'),
	(154113769, '2025-05-10', '100525', 'B 9285 BCJ', 'ALIPAN'),
	(155151367, '2025-05-07', '070525', '-', '-'),
	(163787841, '2025-05-02', '020525', '-', '-'),
	(191894531, '2025-05-14', '140525', 'B 9464 TP', 'AMYUDIN'),
	(205291748, '2025-05-17', '170525', '-', '-'),
	(218383789, '2025-05-01', 'STOK AWAL', '-', '-'),
	(230865478, '2025-05-08', '080525', '-', '-'),
	(262237549, '2025-05-01', 'STOK AWAL', '-', '-'),
	(271026611, '2025-05-22', '220525', 'B 9951 OB', 'TOPIK'),
	(320007324, '2025-05-02', '020525', 'B 9282 BCJ', 'AMYUDIN'),
	(325744629, '2025-05-08', '080525', '-', '-'),
	(348498089, '2025-05-02', '70125', 'B 9285 BCJ', 'Samsudin'),
	(350738525, '2025-05-10', '100525', 'B 9282 BCJ', 'ALIPAN'),
	(386901855, '2025-05-16', '160525', 'B 9951 OB', 'ALIPAN'),
	(393585205, '2025-05-16', '160525', 'B 9285 BCJ', 'AMYUDIN'),
	(396697998, '2025-05-29', '290525', 'B 9464 TP', 'AMYUDIN'),
	(427459717, '2025-05-01', 'STOK AWAL', '-', '-'),
	(430908203, '2025-05-26', '260525', 'B 9464 TP', 'TOPIK'),
	(436828613, '2025-05-06', '060525', '-', '-'),
	(462951660, '2025-05-13', '130525', 'B 9951 OB', 'TOPIK'),
	(485473633, '2025-05-07', '070525', 'B 9951 OB', 'AMYUDIN'),
	(518890381, '2025-05-14', '140525', '-', '-'),
	(518929351, '2025-05-01', '70125', 'B 9285 BCJ', 'Samsudin'),
	(544403076, '2025-05-21', '210525', 'B 9951 OB', 'TOPIK'),
	(573974609, '2025-05-16', '160525', '-', '-'),
	(578155518, '2025-05-17', '170525', '-', '-'),
	(584808350, '2025-05-06', '060525', 'B 9464 TP', 'ALIPAN'),
	(635498047, '2025-05-19', '190525', '-', '-'),
	(718933106, '2025-05-26', '260525', 'F 8397 FV', 'MAYUDIN'),
	(745239258, '2025-05-03', '030525', 'B 9951 OB', 'ALIPAN'),
	(778015137, '2025-05-24', '240525', '-', '-'),
	(877410889, '2025-05-07', '070525', 'B 9282 BCJ', 'TOPIK'),
	(997955323, '2025-05-06', '060525', 'F 8397 FV', 'HADI');
/*!40000 ALTER TABLE `tanggal_bahan_lapak` ENABLE KEYS */;


-- Dumping structure for table ipak.tanggal_komponen
CREATE TABLE IF NOT EXISTS `tanggal_komponen` (
  `id_tgl` int(15) NOT NULL AUTO_INCREMENT,
  `tanggal` date DEFAULT NULL,
  PRIMARY KEY (`id_tgl`)
) ENGINE=InnoDB AUTO_INCREMENT=537414552 DEFAULT CHARSET=utf8mb4;

-- Dumping data for table ipak.tanggal_komponen: ~2 rows (approximately)
/*!40000 ALTER TABLE `tanggal_komponen` DISABLE KEYS */;
INSERT INTO `tanggal_komponen` (`id_tgl`, `tanggal`) VALUES
	(48675537, '2025-05-02'),
	(537414551, '2025-02-05');
/*!40000 ALTER TABLE `tanggal_komponen` ENABLE KEYS */;


-- Dumping structure for table ipak.tanggal_proses_crusher
CREATE TABLE IF NOT EXISTS `tanggal_proses_crusher` (
  `id_tanggal_crusher` int(15) NOT NULL AUTO_INCREMENT,
  `tanggal` date DEFAULT NULL,
  PRIMARY KEY (`id_tanggal_crusher`)
) ENGINE=InnoDB AUTO_INCREMENT=982360841 DEFAULT CHARSET=utf8mb4;

-- Dumping data for table ipak.tanggal_proses_crusher: ~26 rows (approximately)
/*!40000 ALTER TABLE `tanggal_proses_crusher` DISABLE KEYS */;
INSERT INTO `tanggal_proses_crusher` (`id_tanggal_crusher`, `tanggal`) VALUES
	(19165039, '2025-05-02'),
	(43243408, '2025-05-02'),
	(48461914, '2025-05-20'),
	(56579589, '2025-05-08'),
	(114685058, '2025-05-15'),
	(181304931, '2025-05-14'),
	(235321045, '2025-05-05'),
	(244323730, '2025-05-17'),
	(292785644, '2025-05-05'),
	(314788818, '2025-05-05'),
	(325164795, '2025-05-05'),
	(337188721, '2025-05-13'),
	(427673340, '2025-05-06'),
	(450897217, '2025-05-23'),
	(493194580, '2025-05-16'),
	(545318604, '2025-05-02'),
	(574645996, '2025-05-02'),
	(630371094, '2025-05-07'),
	(634124756, '2025-05-09'),
	(646484375, '2025-05-02'),
	(664276123, '2025-05-19'),
	(699462891, '2025-05-10'),
	(710327149, '2025-05-08'),
	(737854004, '2025-05-13'),
	(806457520, '2025-05-06'),
	(843536377, '2025-05-05'),
	(917358399, '2025-05-05'),
	(982360840, '2025-05-03');
/*!40000 ALTER TABLE `tanggal_proses_crusher` ENABLE KEYS */;


-- Dumping structure for table ipak.tanggal_proses_recycle
CREATE TABLE IF NOT EXISTS `tanggal_proses_recycle` (
  `id_proses` int(20) NOT NULL,
  `tanggal` date DEFAULT NULL,
  PRIMARY KEY (`id_proses`)
) ENGINE=InnoDB DEFAULT CHARSET=utf8mb4;

-- Dumping data for table ipak.tanggal_proses_recycle: ~11 rows (approximately)
/*!40000 ALTER TABLE `tanggal_proses_recycle` DISABLE KEYS */;
INSERT INTO `tanggal_proses_recycle` (`id_proses`, `tanggal`) VALUES
	(13275146, '2025-05-09'),
	(14282226, '2025-05-10'),
	(91674804, '2025-05-03'),
	(121002197, '2025-05-10'),
	(309600830, '2025-05-13'),
	(391845703, '2025-05-05'),
	(462921143, '2025-05-06'),
	(607269287, '2025-05-13'),
	(624237061, '2025-05-08'),
	(716278076, '2025-05-02'),
	(789855957, '2025-05-03'),
	(882446289, '2025-05-13'),
	(931793213, '2025-05-07');
/*!40000 ALTER TABLE `tanggal_proses_recycle` ENABLE KEYS */;


-- Dumping structure for table ipak.type
CREATE TABLE IF NOT EXISTS `type` (
  `id_type` int(10) NOT NULL AUTO_INCREMENT,
  `type` varchar(100) DEFAULT NULL,
  PRIMARY KEY (`id_type`)
) ENGINE=InnoDB AUTO_INCREMENT=30 DEFAULT CHARSET=utf8mb4;

-- Dumping data for table ipak.type: ~27 rows (approximately)
/*!40000 ALTER TABLE `type` DISABLE KEYS */;
INSERT INTO `type` (`id_type`, `type`) VALUES
	(1, 'LEMARI SAMBUNG'),
	(2, 'ARIES'),
	(3, 'VENUS'),
	(4, 'NEW VENUS'),
	(5, 'CABINET'),
	(6, 'DRAWER NACASE'),
	(7, 'EDISON'),
	(8, 'KAWAII'),
	(9, 'ELEGANT'),
	(10, 'NACASE'),
	(11, 'FLEXIBIO'),
	(12, 'NACASE JAM'),
	(13, 'NACASE SWINGDOOR'),
	(14, 'LACI'),
	(15, 'TOWELL HANGER'),
	(16, 'RICE BUCKET'),
	(17, 'TABLE IMPORT'),
	(18, 'CHAIR IMPORT'),
	(19, 'KURSI'),
	(20, 'BASKOM'),
	(21, 'POT'),
	(22, 'GO BOX'),
	(23, 'EXTRA BIN'),
	(26, 'HANGER'),
	(27, 'REGULER'),
	(28, 'FRAME'),
	(29, 'ELL');
/*!40000 ALTER TABLE `type` ENABLE KEYS */;


-- Dumping structure for table ipak.users
CREATE TABLE IF NOT EXISTS `users` (
  `id_users` int(10) NOT NULL AUTO_INCREMENT,
  `nama` varchar(50) DEFAULT NULL,
  `username` varchar(250) DEFAULT NULL,
  `password` char(250) DEFAULT NULL,
  `role` enum('admin','Bahan_lapak','Produksi','Logistik','direkrut','teknisi') DEFAULT NULL,
  `cereate_at` datetime DEFAULT NULL,
  `aktif` enum('aktif','non-aktif') DEFAULT NULL,
  PRIMARY KEY (`id_users`)
) ENGINE=InnoDB AUTO_INCREMENT=8 DEFAULT CHARSET=utf8mb4;

-- Dumping data for table ipak.users: ~6 rows (approximately)
/*!40000 ALTER TABLE `users` DISABLE KEYS */;
INSERT INTO `users` (`id_users`, `nama`, `username`, `password`, `role`, `cereate_at`, `aktif`) VALUES
	(1, 'Ahmad Gozali', 'admin', '$2y$10$tMc7rHIelR0zyWelhjpB3uS83RLN3XGh0gxQH9Ew6u9BT6LutcfAW', 'admin', '2025-04-29 09:59:00', 'aktif'),
	(2, NULL, 'lapak', '$2y$10$NeUAtZh4TS4p/KgYQOodSuO8OJu6imtxDbLTDxTTR6RzPB9KQFXdO', 'Bahan_lapak', '2025-05-20 08:17:24', 'aktif'),
	(4, NULL, 'produksi', '$2y$10$sQP2YkXSwl9gQhkXCxjG8uRoMDb66y6PT9gV4kMoMiDFufvzGM9ca', 'Produksi', '2025-05-20 08:17:53', 'aktif'),
	(5, NULL, 'logistik', '$2y$10$yPxS0tqGckagE2Oe.9JICe8/RwVMjzkSIxC5eB8MHlWZdK32lfxk.', 'Logistik', '2025-05-20 08:18:06', 'aktif'),
	(6, NULL, 'ipak', '$2y$10$O4W9BMPBpdVb/djR4nut/OEr.eG4UygQQebHseiCooloQUJU2F2qi', 'direkrut', '2025-05-24 10:07:50', 'aktif'),
	(7, NULL, 'teknisi', '$2y$10$OY9TepsRd1kyCWFILQt6ieup406drKoIEGFZpGSHg0L/XutM.3xeW', 'teknisi', '2025-05-27 09:40:16', 'aktif');
/*!40000 ALTER TABLE `users` ENABLE KEYS */;
/*!40101 SET SQL_MODE=IFNULL(@OLD_SQL_MODE, '') */;
/*!40014 SET FOREIGN_KEY_CHECKS=IF(@OLD_FOREIGN_KEY_CHECKS IS NULL, 1, @OLD_FOREIGN_KEY_CHECKS) */;
/*!40101 SET CHARACTER_SET_CLIENT=@OLD_CHARACTER_SET_CLIENT */;
